Transaction_ID,Date,Product_ID,Customer_ID,Payment_Method,Quantity,Selling_Price,Discount_Pct,Revenue,Customer_Rating
TXN100935,2021-01-01 00:27:41,P004,CU0425,UPI,1,44537.23,0.0,44537.23,4.0
TXN104315,2021-01-01 09:26:51,P010,CU0025,Cash,4,36967.84,0.0,147871.36,3.0
TXN100550,2021-01-01 11:21:55,P004,CU0440,Debit Card,2,49542.46,15.0,99084.92,2.5
TXN100889,2021-01-01 15:45:04,P014,CU0299,Debit Card,1,28542.79,8.0,28542.79,3.0
TXN100730,2021-01-01 17:05:58,P008,CU0375,Debit Card,3,26508.98,10.0,79526.94,3.0
TXN100233,2021-01-01 20:00:35,P010,CU0147,Debit Card,4,45482.35,3.0,181929.4,4.5
TXN102496,2021-01-02 00:50:05,P005,CU0002,UPI,2,39018.45,3.0,78036.9,3.5
TXN100828,2021-01-02 10:10:19,P015,CU0461,UPI,1,17474.3,0.0,17474.3,3.5
TXN101854,2021-01-02 12:11:10,P003,CU0281,Credit Card,1,71086.26,0.0,71086.26,2.5
TXN102339,2021-01-02 12:22:37,P017,CU0445,Debit Card,1,16042.89,0.0,16042.89,4.5
TXN100601,2021-01-02 20:37:55,P015,CU0098,UPI,5,13141.75,0.0,65708.75,3.5
TXN104050,2021-01-03 07:02:58,P005,CU0466,Debit Card,2,62191.09,3.0,124382.18,4.0
TXN102408,2021-01-03 22:27:23,P015,CU0171,Cash,1,15611.61,8.0,15611.61,3.5
TXN100822,2021-01-04 02:55:05,P010,CU0077,Cash,1,39021.46,0.0,39021.46,3.0
TXN101384,2021-01-04 07:08:30,P011,CU0023,Debit Card,3,24642.75,5.0,73928.25,4.0
TXN100925,2021-01-05 01:00:26,P017,CU0346,Debit Card,1,11211.28,0.0,11211.28,3.5
TXN101936,2021-01-05 08:03:40,P002,CU0344,Credit Card,1,58109.72,5.0,58109.72,4.5
TXN101151,2021-01-05 10:03:56,P001,CU0245,UPI,3,53667.21,10.0,161001.63,2.5
TXN100983,2021-01-05 21:37:34,P007,CU0473,Credit Card,1,50558.13,0.0,50558.13,4.0
TXN104244,2021-01-05 21:48:52,P011,CU0196,UPI,1,32306.4,8.0,32306.4,4.5
TXN100310,2021-01-05 23:23:58,P016,CU0104,Debit Card,3,12388.95,10.0,37166.85,3.0
TXN101940,2021-01-06 04:57:50,P016,CU0154,UPI,1,24126.78,0.0,24126.78,5.0
TXN103512,2021-01-06 07:41:08,P008,CU0180,Credit Card,1,23605.74,8.0,23605.74,2.0
TXN101894,2021-01-06 10:08:46,P007,CU0311,Credit Card,2,36260.21,0.0,72520.42,2.5
TXN103716,2021-01-06 11:08:04,P001,CU0285,UPI,3,49164.37,5.0,147493.11,2.5
TXN101361,2021-01-06 18:08:21,P011,CU0128,Debit Card,2,45116.74,8.0,90233.48,4.5
TXN102911,2021-01-07 01:32:18,P016,CU0187,Cash,2,18057.41,0.0,36114.82,4.0
TXN100401,2021-01-07 11:54:42,P015,CU0081,Credit Card,3,17389.8,3.0,52169.4,4.0
TXN103133,2021-01-08 05:49:34,P010,CU0180,Cash,3,34978.54,3.0,104935.62,3.5
TXN104125,2021-01-08 06:18:39,P010,CU0029,Cash,5,26787.79,3.0,133938.95,3.0
TXN102754,2021-01-08 07:10:00,P013,CU0025,UPI,1,17424.23,5.0,17424.23,5.0
TXN103846,2021-01-08 16:18:52,P005,CU0203,Cash,1,58178.87,10.0,58178.87,4.5
TXN103416,2021-01-08 17:36:35,P001,CU0128,Debit Card,1,42629.53,5.0,42629.53,3.0
TXN100135,2021-01-08 18:31:02,P008,CU0317,Credit Card,3,47956.08,10.0,143868.24,4.0
TXN103997,2021-01-09 07:42:16,P011,CU0489,Debit Card,1,30702.98,5.0,30702.98,3.5
TXN100284,2021-01-09 23:58:54,P008,CU0027,Cash,1,40232.68,8.0,40232.68,2.0
TXN102080,2021-01-10 05:59:15,P003,CU0036,Credit Card,1,45298.81,0.0,45298.81,4.0
TXN101900,2021-01-10 09:02:18,P015,CU0494,Credit Card,1,22954.48,0.0,22954.48,3.0
TXN103969,2021-01-11 02:28:16,P003,CU0375,Cash,5,61296.53,0.0,306482.65,3.5
TXN103015,2021-01-11 04:56:32,P014,CU0274,Credit Card,1,31879.58,0.0,31879.58,3.5
TXN101167,2021-01-12 02:49:09,P013,CU0289,Credit Card,2,17246.51,0.0,34493.02,4.0
TXN100781,2021-01-12 11:34:43,P002,CU0268,Debit Card,1,48490.66,8.0,48490.66,5.0
TXN104068,2021-01-12 21:12:28,P009,CU0041,Cash,2,19294.82,0.0,38589.64,3.5
TXN101738,2021-01-13 03:05:20,P002,CU0156,Cash,1,52830.47,3.0,52830.47,3.5
TXN100793,2021-01-13 09:10:10,P003,CU0293,Cash,4,58428.04,0.0,233712.16,2.5
TXN100171,2021-01-13 16:16:23,P017,CU0189,Credit Card,1,18989.0,10.0,18989.0,4.0
TXN101798,2021-01-13 22:56:01,P008,CU0443,Credit Card,2,32886.22,0.0,65772.44,3.0
TXN102832,2021-01-14 01:11:43,P008,CU0353,Debit Card,3,57043.07,5.0,171129.21,3.5
TXN100656,2021-01-14 07:41:24,P015,CU0202,Credit Card,5,27517.24,5.0,137586.2,5.0
TXN100921,2021-01-14 13:19:29,P011,CU0071,Credit Card,1,22091.61,10.0,22091.61,4.0
TXN100431,2021-01-15 16:57:21,P004,CU0023,UPI,2,73840.75,0.0,147681.5,4.5
TXN104031,2021-01-15 17:32:24,P015,CU0467,Debit Card,1,15572.82,3.0,15572.82,5.0
TXN102879,2021-01-16 01:37:43,P002,CU0467,UPI,3,64408.73,0.0,193226.19,2.5
TXN100729,2021-01-16 08:09:36,P010,CU0374,Debit Card,3,19485.67,8.0,58457.01,4.0
TXN100285,2021-01-16 10:54:37,P011,CU0164,UPI,1,40531.99,5.0,40531.99,3.0
TXN100374,2021-01-16 12:04:33,P006,CU0168,Cash,2,18395.73,15.0,36791.46,4.5
TXN104063,2021-01-16 15:30:38,P015,CU0320,Cash,1,28095.63,3.0,28095.63,3.5
TXN103116,2021-01-16 18:59:50,P011,CU0097,Credit Card,1,32129.44,0.0,32129.44,3.0
TXN102188,2021-01-16 23:00:26,P006,CU0111,Debit Card,1,20129.77,3.0,20129.77,4.5
TXN100753,2021-01-17 02:01:28,P007,CU0325,UPI,1,49952.49,10.0,49952.49,5.0
TXN103475,2021-01-17 02:18:43,P015,CU0342,UPI,1,23932.52,8.0,23932.52,4.0
TXN101910,2021-01-17 06:19:42,P017,CU0252,Cash,5,27470.17,0.0,137350.85,4.0
TXN104276,2021-01-17 21:22:03,P006,CU0318,Debit Card,1,45118.36,10.0,45118.36,4.5
TXN103443,2021-01-18 00:57:02,P016,CU0164,Credit Card,2,16377.73,3.0,32755.46,3.5
TXN104034,2021-01-18 07:41:52,P015,CU0204,Credit Card,2,14224.96,3.0,28449.92,5.0
TXN100463,2021-01-18 10:13:51,P005,CU0220,UPI,2,54594.93,0.0,109189.86,2.5
TXN101444,2021-01-18 15:28:45,P011,CU0170,Credit Card,1,48344.12,0.0,48344.12,3.5
TXN102809,2021-01-20 16:53:32,P010,CU0474,Debit Card,3,24429.46,8.0,73288.38,3.0
TXN100198,2021-01-20 19:59:21,P017,CU0202,Credit Card,1,27055.53,0.0,27055.53,3.5
TXN100613,2021-01-21 04:29:42,P002,CU0391,Credit Card,3,65744.81,0.0,197234.43,3.5
TXN103134,2021-01-21 12:26:28,P016,CU0166,Cash,2,11123.35,0.0,22246.7,3.5
TXN103861,2021-01-22 01:31:51,P006,CU0249,UPI,1,60469.62,5.0,60469.62,4.0
TXN100581,2021-01-22 19:23:25,P011,CU0357,Credit Card,4,40771.53,3.0,163086.12,3.5
TXN101259,2021-01-22 20:06:45,P012,CU0221,Credit Card,2,13430.95,15.0,26861.9,4.5
TXN100800,2021-01-23 00:18:20,P004,CU0180,UPI,2,31865.55,8.0,63731.1,3.5
TXN100429,2021-01-23 14:50:40,P001,CU0137,Debit Card,1,61550.7,10.0,61550.7,3.5
TXN102134,2021-01-23 15:48:19,P010,CU0459,Debit Card,3,35256.58,5.0,105769.74,4.0
TXN103544,2021-01-23 21:41:27,P014,CU0464,Credit Card,3,24730.2,0.0,74190.6,4.5
TXN104176,2021-01-24 01:11:50,P001,CU0446,Cash,2,42833.21,0.0,85666.42,5.0
TXN103490,2021-01-24 06:37:23,P012,CU0095,UPI,2,31617.89,3.0,63235.78,3.5
TXN101308,2021-01-24 06:45:58,P004,CU0113,UPI,3,53021.64,5.0,159064.92,2.0
TXN101425,2021-01-24 15:28:42,P010,CU0334,Credit Card,4,30118.56,10.0,120474.24,4.5
TXN104221,2021-01-25 00:11:19,P002,CU0472,UPI,1,67063.03,0.0,67063.03,4.5
TXN102892,2021-01-25 08:11:21,P014,CU0472,Credit Card,1,20480.21,5.0,20480.21,4.0
TXN101517,2021-01-26 05:47:36,P011,CU0380,Credit Card,2,35275.77,3.0,70551.54,5.0
TXN100926,2021-01-26 07:04:08,P014,CU0448,UPI,2,13357.66,3.0,26715.32,4.5
TXN101937,2021-01-26 15:38:58,P012,CU0262,UPI,1,32538.33,0.0,32538.33,5.0
TXN102862,2021-01-26 15:47:28,P009,CU0418,UPI,1,19423.9,15.0,19423.9,3.5
TXN100093,2021-01-26 18:27:05,P008,CU0266,UPI,1,36342.17,0.0,36342.17,4.0
TXN101337,2021-01-27 01:11:45,P008,CU0102,UPI,2,19343.27,3.0,38686.54,4.5
TXN101185,2021-01-27 12:54:14,P002,CU0133,Debit Card,1,33233.02,3.0,33233.02,4.5
TXN100740,2021-01-27 14:47:32,P003,CU0430,Debit Card,1,39253.74,0.0,39253.74,3.0
TXN104069,2021-01-27 19:07:21,P011,CU0459,Credit Card,1,31733.68,0.0,31733.68,4.0
TXN100396,2021-01-28 11:33:43,P014,CU0107,Credit Card,4,12740.69,10.0,50962.76,3.5
TXN101545,2021-01-28 23:16:10,P001,CU0488,Credit Card,2,43363.94,0.0,86727.88,4.5
TXN101243,2021-01-29 13:07:42,P002,CU0290,UPI,2,71433.04,0.0,142866.08,1.0
TXN101952,2021-01-29 17:02:05,P008,CU0257,Credit Card,4,60588.89,5.0,242355.56,5.0
TXN102656,2021-01-30 10:23:24,P010,CU0252,Cash,1,28315.7,3.0,28315.7,4.0
TXN102440,2021-01-30 10:38:23,P004,CU0231,UPI,1,30300.91,15.0,30300.91,4.5
TXN100007,2021-01-30 11:15:43,P017,CU0222,Debit Card,1,17614.87,8.0,17614.87,3.5
TXN102553,2021-01-30 19:34:41,P015,CU0225,UPI,2,19954.43,15.0,39908.86,3.5
TXN100024,2021-01-31 07:57:08,P002,CU0155,UPI,1,65038.46,8.0,65038.46,3.5
TXN100278,2021-01-31 23:29:00,P012,CU0244,UPI,2,12283.29,5.0,24566.58,4.0
TXN103408,2021-02-01 02:26:00,P006,CU0014,UPI,1,59345.64,5.0,59345.64,4.0
TXN100492,2021-02-01 10:29:29,P008,CU0002,UPI,1,48234.67,0.0,48234.67,3.5
TXN100524,2021-02-01 15:42:39,P001,CU0375,UPI,4,60255.32,3.0,241021.28,4.0
TXN101265,2021-02-01 19:45:02,P011,CU0401,UPI,2,31869.76,0.0,63739.52,4.0
TXN101026,2021-02-02 11:08:53,P013,CU0051,Debit Card,1,16215.27,8.0,16215.27,4.0
TXN102282,2021-02-02 18:31:38,P007,CU0258,UPI,1,43017.64,0.0,43017.64,4.5
TXN103547,2021-02-03 03:20:29,P010,CU0311,Credit Card,2,36418.71,10.0,72837.42,4.0
TXN102297,2021-02-03 05:39:17,P010,CU0231,Credit Card,1,30557.29,15.0,30557.29,3.5
TXN101323,2021-02-03 16:22:16,P015,CU0277,Cash,4,18532.37,15.0,74129.48,4.5
TXN100312,2021-02-03 22:54:28,P007,CU0101,UPI,4,45734.0,8.0,182936.0,3.0
TXN100603,2021-02-03 23:42:46,P005,CU0403,Cash,2,49203.15,8.0,98406.3,4.5
TXN104421,2021-02-04 00:05:39,P010,CU0407,Credit Card,1,33405.46,0.0,33405.46,2.5
TXN102112,2021-02-04 11:50:53,P005,CU0176,UPI,2,36951.47,0.0,73902.94,4.5
TXN102315,2021-02-04 13:05:37,P005,CU0246,Credit Card,1,49247.29,5.0,49247.29,2.5
TXN103819,2021-02-05 08:40:50,P009,CU0323,Debit Card,3,28206.64,0.0,84619.92,2.5
TXN103448,2021-02-05 15:31:07,P002,CU0191,UPI,3,40498.92,10.0,121496.76,3.0
TXN100168,2021-02-06 01:38:44,P006,CU0205,Credit Card,4,41102.93,3.0,164411.72,5.0
TXN104048,2021-02-07 04:55:19,P017,CU0480,UPI,1,24362.24,0.0,24362.24,2.5
TXN101236,2021-02-07 06:10:42,P005,CU0119,Credit Card,1,28218.55,3.0,28218.55,4.5
TXN103388,2021-02-07 10:48:29,P014,CU0353,Cash,2,22804.92,0.0,45609.84,3.5
TXN102787,2021-02-07 11:34:15,P010,CU0123,Credit Card,1,35854.94,0.0,35854.94,4.0
TXN104055,2021-02-08 04:20:23,P013,CU0042,UPI,2,26697.66,8.0,53395.32,3.0
TXN101121,2021-02-08 19:00:32,P007,CU0324,Debit Card,2,61777.46,0.0,123554.92,3.0
TXN100133,2021-02-08 22:35:12,P009,CU0019,Credit Card,1,33591.9,3.0,33591.9,3.5
TXN103480,2021-02-09 01:03:24,P017,CU0004,Debit Card,2,21731.96,0.0,43463.92,4.5
TXN103745,2021-02-09 16:40:13,P008,CU0349,UPI,2,48111.55,5.0,96223.1,3.0
TXN101985,2021-02-10 08:45:06,P009,CU0203,Credit Card,1,49948.36,0.0,49948.36,3.0
TXN103482,2021-02-11 03:13:35,P012,CU0450,Cash,2,14314.21,0.0,28628.42,3.0
TXN104313,2021-02-11 16:58:06,P004,CU0213,Debit Card,5,72633.84,3.0,363169.2,4.0
TXN103999,2021-02-12 13:58:35,P003,CU0107,Debit Card,1,39486.4,15.0,39486.4,4.0
TXN101976,2021-02-12 17:13:18,P012,CU0147,Debit Card,2,34351.61,0.0,68703.22,3.5
TXN101194,2021-02-13 06:54:53,P014,CU0417,Credit Card,1,30423.39,5.0,30423.39,4.5
TXN103939,2021-02-13 22:43:56,P012,CU0113,Credit Card,3,26031.32,3.0,78093.96,3.0
TXN101835,2021-02-14 01:23:11,P006,CU0429,UPI,2,35481.17,0.0,70962.34,3.0
TXN102077,2021-02-14 03:04:25,P002,CU0057,Credit Card,1,56072.07,0.0,56072.07,4.5
TXN103759,2021-02-15 07:38:09,P006,CU0087,UPI,1,58225.06,10.0,58225.06,4.5
TXN101607,2021-02-15 18:11:24,P009,CU0233,UPI,3,27561.71,0.0,82685.13,3.5
TXN103765,2021-02-15 23:01:07,P005,CU0246,UPI,3,49452.71,15.0,148358.13,3.0
TXN104059,2021-02-17 23:59:04,P011,CU0132,Cash,3,20510.09,15.0,61530.27,3.0
TXN104286,2021-02-18 05:48:08,P015,CU0497,UPI,5,10864.15,0.0,54320.75,5.0
TXN102233,2021-02-18 12:29:24,P010,CU0286,UPI,1,32263.98,0.0,32263.98,2.5
TXN102041,2021-02-18 17:30:10,P002,CU0309,Credit Card,2,63322.8,8.0,126645.6,2.5
TXN103653,2021-02-18 22:56:46,P005,CU0261,Cash,3,44244.89,5.0,132734.67,3.5
TXN100355,2021-02-19 00:07:25,P014,CU0482,Credit Card,3,16605.91,5.0,49817.73,3.0
TXN100500,2021-02-19 20:56:15,P004,CU0223,UPI,1,38876.01,5.0,38876.01,4.0
TXN101884,2021-02-20 02:00:57,P011,CU0005,Cash,4,49709.92,0.0,198839.68,3.5
TXN101945,2021-02-20 16:21:12,P003,CU0209,Debit Card,1,29480.3,5.0,29480.3,3.0
TXN103599,2021-02-21 04:28:38,P015,CU0048,Debit Card,5,14321.35,0.0,71606.75,4.0
TXN103361,2021-02-21 05:25:00,P012,CU0214,UPI,5,32328.9,0.0,161644.5,3.5
TXN100085,2021-02-21 07:50:31,P011,CU0325,UPI,5,22882.42,0.0,114412.1,3.5
TXN101963,2021-02-21 12:21:04,P002,CU0088,UPI,2,69467.14,5.0,138934.28,5.0
TXN102833,2021-02-21 13:28:34,P014,CU0268,UPI,1,20497.7,3.0,20497.7,3.5
TXN102810,2021-02-21 15:33:14,P014,CU0358,Credit Card,3,32033.15,0.0,96099.45,4.0
TXN103170,2021-02-21 18:03:38,P004,CU0007,UPI,4,44818.94,5.0,179275.76,4.0
TXN100391,2021-02-21 18:18:46,P012,CU0293,Credit Card,1,13253.44,0.0,13253.44,2.5
TXN100598,2021-02-21 22:45:15,P005,CU0048,Cash,1,52677.92,0.0,52677.92,3.5
TXN101391,2021-02-22 10:33:45,P006,CU0260,Cash,1,22978.47,0.0,22978.47,4.0
TXN100199,2021-02-22 18:21:26,P005,CU0300,Debit Card,1,53316.64,0.0,53316.64,4.5
TXN100693,2021-02-22 20:37:00,P004,CU0254,UPI,3,61002.01,8.0,183006.03,4.5
TXN100507,2021-02-23 12:24:18,P013,CU0425,UPI,1,24926.38,10.0,24926.38,5.0
TXN102584,2021-02-23 14:50:28,P005,CU0088,UPI,2,52355.56,0.0,104711.12,3.5
TXN102518,2021-02-24 13:00:26,P017,CU0109,Debit Card,3,15470.11,5.0,46410.33,4.5
TXN100997,2021-02-24 18:32:29,P011,CU0117,Credit Card,1,34360.23,3.0,34360.23,3.5
TXN100023,2021-02-25 00:38:48,P016,CU0273,UPI,2,21600.5,3.0,43201.0,3.0
TXN102400,2021-02-25 00:42:25,P001,CU0213,UPI,1,70412.71,0.0,70412.71,3.0
TXN100932,2021-02-25 02:22:00,P013,CU0339,Cash,1,34820.34,0.0,34820.34,2.5
TXN101176,2021-02-25 18:02:51,P008,CU0289,Credit Card,2,29026.31,0.0,58052.62,3.0
TXN100116,2021-02-25 18:06:26,P017,CU0310,Debit Card,2,11430.96,0.0,22861.92,2.5
TXN102126,2021-02-26 02:00:54,P008,CU0087,UPI,1,60380.94,0.0,60380.94,4.5
TXN101520,2021-02-26 07:02:07,P010,CU0253,Credit Card,1,33558.77,5.0,33558.77,4.5
TXN104238,2021-02-26 11:50:24,P017,CU0461,Cash,2,18886.16,10.0,37772.32,4.5
TXN100912,2021-02-26 16:03:39,P014,CU0189,Debit Card,2,15518.28,0.0,31036.56,4.0
TXN103442,2021-02-26 18:38:06,P011,CU0442,UPI,1,44657.99,5.0,44657.99,3.5
TXN104252,2021-02-26 18:43:54,P012,CU0470,Debit Card,2,16079.6,0.0,32159.2,4.0
TXN102973,2021-02-26 20:55:56,P005,CU0141,Debit Card,3,53235.13,0.0,159705.39,4.5
TXN101000,2021-02-27 03:08:05,P009,CU0499,Debit Card,1,43172.95,0.0,43172.95,5.0
TXN100277,2021-02-27 05:25:26,P006,CU0287,Debit Card,1,44952.72,8.0,44952.72,3.5
TXN102490,2021-02-27 11:59:39,P015,CU0366,Debit Card,2,27673.6,0.0,55347.2,4.0
TXN103204,2021-02-28 23:33:12,P003,CU0086,UPI,2,57292.21,3.0,114584.42,2.5
TXN100347,2021-03-01 11:56:40,P012,CU0201,Debit Card,1,17375.21,0.0,17375.21,3.5
TXN102736,2021-03-01 12:30:57,P014,CU0236,Credit Card,1,20017.74,0.0,20017.74,3.5
TXN102503,2021-03-01 20:29:30,P009,CU0207,Credit Card,3,36327.06,8.0,108981.18,3.5
TXN103207,2021-03-02 03:06:06,P016,CU0359,Cash,3,25001.84,0.0,75005.52,3.0
TXN103905,2021-03-03 00:16:21,P015,CU0401,Cash,2,12666.54,5.0,25333.08,3.0
TXN102163,2021-03-03 11:07:52,P014,CU0181,UPI,2,20440.92,0.0,40881.84,2.5
TXN101768,2021-03-03 19:20:29,P009,CU0298,Credit Card,1,48437.65,0.0,48437.65,3.0
TXN102689,2021-03-04 21:36:55,P011,CU0390,Debit Card,2,19061.68,8.0,38123.36,3.5
TXN102000,2021-03-05 00:32:12,P001,CU0460,Credit Card,2,60471.55,0.0,120943.1,4.0
TXN101188,2021-03-05 09:11:07,P005,CU0221,Debit Card,1,29698.58,5.0,29698.58,3.5
TXN103319,2021-03-05 21:25:52,P002,CU0204,Debit Card,1,54483.72,5.0,54483.72,4.0
TXN103879,2021-03-06 03:10:05,P007,CU0089,UPI,2,34275.23,10.0,68550.46,3.5
TXN100525,2021-03-06 03:14:31,P006,CU0128,Cash,1,17050.38,8.0,17050.38,3.0
TXN100241,2021-03-06 04:58:49,P012,CU0160,Credit Card,2,30919.25,0.0,61838.5,4.0
TXN100805,2021-03-06 08:43:22,P013,CU0473,Cash,4,32180.53,3.0,128722.12,5.0
TXN103154,2021-03-06 13:52:07,P007,CU0217,Cash,2,30366.49,8.0,60732.98,4.0
TXN102028,2021-03-06 23:55:53,P007,CU0287,Credit Card,5,30922.0,15.0,154610.0,4.0
TXN100869,2021-03-07 03:16:24,P002,CU0312,Debit Card,1,31777.58,10.0,31777.58,4.5
TXN104157,2021-03-07 07:29:03,P002,CU0060,Credit Card,2,67335.71,8.0,134671.42,4.5
TXN104058,2021-03-07 09:06:58,P006,CU0055,UPI,5,37660.93,10.0,188304.65,4.0
TXN102160,2021-03-07 11:17:17,P013,CU0228,Debit Card,2,30552.32,3.0,61104.64,4.5
TXN100938,2021-03-07 11:19:54,P011,CU0198,Cash,1,37672.81,5.0,37672.81,3.0
TXN104417,2021-03-07 12:45:04,P012,CU0395,Cash,1,14412.16,5.0,14412.16,3.0
TXN100087,2021-03-07 15:10:10,P017,CU0489,Credit Card,2,21623.67,3.0,43247.34,3.5
TXN101730,2021-03-08 13:06:05,P009,CU0448,Credit Card,3,31898.01,0.0,95694.03,2.0
TXN100779,2021-03-09 14:10:56,P007,CU0330,Credit Card,4,50978.8,3.0,203915.2,3.5
TXN101057,2021-03-09 15:02:13,P007,CU0482,UPI,2,40410.76,8.0,80821.52,5.0
TXN100151,2021-03-09 18:29:21,P005,CU0491,Cash,2,42647.23,0.0,85294.46,3.0
TXN104463,2021-03-09 19:29:12,P017,CU0189,Cash,2,25206.0,0.0,50412.0,3.0
TXN103183,2021-03-10 02:45:37,P004,CU0271,Credit Card,1,50868.8,0.0,50868.8,2.5
TXN103121,2021-03-10 05:34:28,P001,CU0429,Credit Card,1,59357.68,10.0,59357.68,3.5
TXN103946,2021-03-10 13:14:30,P008,CU0396,Debit Card,3,26636.97,10.0,79910.91,2.5
TXN101397,2021-03-10 13:54:42,P016,CU0224,Debit Card,1,14237.97,0.0,14237.97,4.5
TXN104134,2021-03-10 18:00:50,P015,CU0337,UPI,1,25224.85,8.0,25224.85,4.0
TXN100993,2021-03-11 03:45:59,P015,CU0068,Credit Card,1,17062.7,3.0,17062.7,3.5
TXN102620,2021-03-11 04:21:37,P015,CU0499,Credit Card,5,29636.78,0.0,148183.9,3.5
TXN104139,2021-03-12 10:19:31,P015,CU0317,Debit Card,5,17315.44,0.0,86577.2,3.5
TXN102794,2021-03-12 12:08:47,P006,CU0282,Credit Card,1,38676.45,5.0,38676.45,5.0
TXN104254,2021-03-12 21:44:30,P004,CU0008,Debit Card,4,57887.3,0.0,231549.2,4.0
TXN100101,2021-03-12 22:07:44,P003,CU0443,UPI,1,57027.94,0.0,57027.94,2.5
TXN104443,2021-03-13 04:24:42,P014,CU0495,Debit Card,2,25458.22,5.0,50916.44,3.5
TXN103427,2021-03-13 11:16:26,P016,CU0055,UPI,5,23727.21,8.0,118636.05,4.0
TXN103045,2021-03-13 15:24:56,P013,CU0455,Credit Card,2,19787.82,0.0,39575.64,5.0
TXN100867,2021-03-13 18:45:36,P010,CU0086,UPI,1,22796.05,3.0,22796.05,5.0
TXN103580,2021-03-14 08:52:01,P001,CU0469,Cash,2,58178.84,5.0,116357.68,5.0
TXN100746,2021-03-14 10:31:09,P015,CU0423,Cash,1,17218.31,5.0,17218.31,4.0
TXN103036,2021-03-14 12:21:53,P016,CU0312,Credit Card,1,16049.85,10.0,16049.85,2.5
TXN103560,2021-03-14 13:02:00,P011,CU0280,UPI,1,35713.46,5.0,35713.46,2.0
TXN103937,2021-03-14 14:08:35,P006,CU0279,Credit Card,1,24420.05,3.0,24420.05,4.0
TXN101344,2021-03-15 09:34:00,P015,CU0117,Credit Card,4,25236.43,5.0,100945.72,4.5
TXN103010,2021-03-15 17:40:22,P017,CU0397,UPI,1,22349.66,15.0,22349.66,3.5
TXN100898,2021-03-15 18:32:48,P016,CU0224,UPI,3,14846.35,0.0,44539.05,3.5
TXN103384,2021-03-15 20:51:48,P010,CU0469,UPI,1,25148.65,0.0,25148.65,2.5
TXN102252,2021-03-16 02:47:06,P006,CU0428,Credit Card,1,60676.37,0.0,60676.37,2.0
TXN103821,2021-03-16 16:49:01,P016,CU0172,Credit Card,1,22128.84,0.0,22128.84,5.0
TXN102630,2021-03-17 04:48:42,P008,CU0177,Debit Card,2,48789.62,15.0,97579.24,4.0
TXN100070,2021-03-17 05:42:08,P004,CU0366,Credit Card,2,41795.59,10.0,83591.18,3.0
TXN102235,2021-03-17 07:12:50,P005,CU0343,Debit Card,2,43240.56,5.0,86481.12,4.5
TXN101463,2021-03-17 13:13:17,P010,CU0105,Debit Card,3,18819.97,8.0,56459.91,3.5
TXN102693,2021-03-17 17:38:08,P005,CU0405,Credit Card,2,48385.8,5.0,96771.6,3.5
TXN103948,2021-03-18 01:44:34,P010,CU0458,Cash,3,36230.72,0.0,108692.16,4.0
TXN101503,2021-03-18 06:22:00,P009,CU0070,Debit Card,3,36096.93,8.0,108290.79,4.5
TXN103565,2021-03-19 12:51:25,P009,CU0239,Debit Card,2,33063.41,5.0,66126.82,3.0
TXN103412,2021-03-19 17:54:12,P015,CU0485,Credit Card,1,13667.87,8.0,13667.87,2.0
TXN103200,2021-03-20 06:49:40,P006,CU0189,Credit Card,2,45933.34,3.0,91866.68,2.5
TXN100014,2021-03-20 14:24:11,P016,CU0338,Cash,2,29080.0,3.0,58160.0,3.5
TXN103446,2021-03-20 17:18:09,P004,CU0003,UPI,1,65838.32,8.0,65838.32,4.0
TXN101293,2021-03-21 02:11:18,P015,CU0128,Debit Card,2,14681.71,3.0,29363.42,3.5
TXN103920,2021-03-21 08:33:36,P003,CU0193,UPI,3,32229.01,5.0,96687.03,4.0
TXN102964,2021-03-21 10:52:40,P017,CU0163,Credit Card,1,24695.68,3.0,24695.68,4.5
TXN101246,2021-03-21 11:45:08,P006,CU0443,Debit Card,2,53443.15,10.0,106886.3,4.5
TXN102195,2021-03-21 21:23:10,P007,CU0325,UPI,2,32751.96,0.0,65503.92,3.0
TXN103017,2021-03-21 21:54:41,P006,CU0349,Cash,1,34319.82,0.0,34319.82,2.5
TXN101380,2021-03-22 04:35:10,P001,CU0095,Cash,2,38768.67,3.0,77537.34,4.5
TXN103540,2021-03-22 05:48:43,P003,CU0126,Credit Card,4,39033.01,3.0,156132.04,2.5
TXN102891,2021-03-22 10:37:53,P002,CU0348,UPI,1,66026.87,3.0,66026.87,4.0
TXN101656,2021-03-22 16:02:46,P011,CU0328,Credit Card,5,36334.69,3.0,181673.45,4.0
TXN103323,2021-03-22 23:08:52,P003,CU0433,Debit Card,2,41966.41,5.0,83932.82,2.5
TXN100127,2021-03-23 00:03:00,P007,CU0220,Debit Card,1,58950.13,0.0,58950.13,3.5
TXN102100,2021-03-23 14:07:10,P008,CU0168,UPI,1,55748.38,8.0,55748.38,3.5
TXN100795,2021-03-23 23:16:10,P005,CU0038,Cash,1,19289.11,5.0,19289.11,4.0
TXN100918,2021-03-24 05:34:43,P003,CU0160,Credit Card,2,55046.48,0.0,110092.96,3.5
TXN104085,2021-03-24 07:46:23,P014,CU0222,Cash,2,10313.61,15.0,20627.22,4.0
TXN100115,2021-03-24 17:01:25,P015,CU0161,Debit Card,3,24385.74,0.0,73157.22,3.0
TXN100106,2021-03-24 20:12:20,P013,CU0317,UPI,1,18442.81,3.0,18442.81,2.0
TXN103257,2021-03-25 11:46:18,P003,CU0141,UPI,2,37636.35,0.0,75272.7,3.0
TXN103194,2021-03-25 13:58:33,P001,CU0059,Debit Card,2,64979.55,10.0,129959.1,2.5
TXN101120,2021-03-26 00:29:20,P008,CU0049,Debit Card,3,32498.3,10.0,97494.9,5.0
TXN101162,2021-03-26 03:36:51,P017,CU0347,UPI,1,15705.59,0.0,15705.59,3.5
TXN101238,2021-03-26 14:12:52,P015,CU0168,Cash,1,12246.01,3.0,12246.01,3.5
TXN100229,2021-03-26 17:17:07,P004,CU0202,UPI,2,71668.46,0.0,143336.92,4.5
TXN100097,2021-03-26 22:10:04,P012,CU0057,Debit Card,2,24710.02,5.0,49420.04,2.5
TXN104196,2021-03-26 22:32:31,P010,CU0343,Cash,4,23932.5,0.0,95730.0,5.0
TXN103025,2021-03-27 01:17:14,P011,CU0445,UPI,2,31273.6,5.0,62547.2,3.5
TXN103379,2021-03-27 02:51:37,P015,CU0330,Credit Card,1,15512.39,0.0,15512.39,3.5
TXN100030,2021-03-27 17:19:52,P006,CU0390,Cash,3,54191.55,0.0,162574.65,3.0
TXN100937,2021-03-28 18:50:48,P009,CU0044,Cash,3,27679.67,5.0,83039.01,3.5
TXN103562,2021-03-28 20:45:10,P007,CU0115,UPI,1,42325.19,5.0,42325.19,4.5
TXN104490,2021-03-29 02:08:26,P003,CU0020,Debit Card,1,46503.91,15.0,46503.91,3.0
TXN100225,2021-03-29 12:13:10,P009,CU0334,Cash,1,34313.84,0.0,34313.84,4.0
TXN101082,2021-03-29 13:32:45,P005,CU0013,Credit Card,1,39621.87,3.0,39621.87,3.5
TXN102279,2021-03-30 04:40:53,P005,CU0008,Credit Card,4,25672.49,3.0,102689.96,4.0
TXN102602,2021-03-30 04:57:09,P002,CU0476,Debit Card,1,66457.24,5.0,66457.24,3.0
TXN101594,2021-03-30 12:51:07,P013,CU0023,Cash,1,19455.36,0.0,19455.36,3.0
TXN101089,2021-03-31 09:37:41,P014,CU0466,Debit Card,2,25090.28,10.0,50180.56,3.5
TXN102107,2021-03-31 13:48:06,P005,CU0356,Debit Card,4,50766.9,0.0,203067.6,3.0
TXN101533,2021-03-31 19:54:09,P012,CU0468,Cash,1,21851.07,3.0,21851.07,3.5
TXN102778,2021-03-31 21:44:35,P015,CU0267,Credit Card,1,20076.6,5.0,20076.6,3.5
TXN102960,2021-04-01 03:53:48,P016,CU0390,UPI,1,10548.38,5.0,10548.38,4.0
TXN102718,2021-04-01 07:20:13,P006,CU0161,Credit Card,1,56300.78,5.0,56300.78,5.0
TXN103028,2021-04-01 11:48:47,P013,CU0109,Credit Card,1,31386.53,3.0,31386.53,3.0
TXN103048,2021-04-02 06:42:47,P005,CU0413,Debit Card,2,57868.89,0.0,115737.78,3.0
TXN103248,2021-04-02 12:43:04,P005,CU0072,UPI,1,50773.54,5.0,50773.54,3.5
TXN103413,2021-04-02 15:10:37,P006,CU0313,Debit Card,3,23872.54,3.0,71617.62,3.0
TXN101681,2021-04-03 07:56:07,P012,CU0082,UPI,3,28610.88,0.0,85832.64,4.5
TXN100957,2021-04-03 09:02:06,P008,CU0452,UPI,1,54839.06,5.0,54839.06,3.0
TXN100546,2021-04-03 13:51:13,P002,CU0339,Cash,1,32659.04,3.0,32659.04,4.0
TXN101755,2021-04-04 01:17:29,P001,CU0419,Cash,2,44249.97,10.0,88499.94,3.0
TXN100456,2021-04-05 12:05:20,P010,CU0462,Credit Card,3,41305.47,5.0,123916.41,5.0
TXN104137,2021-04-05 13:00:26,P013,CU0038,Credit Card,2,31010.45,8.0,62020.9,4.0
TXN101563,2021-04-06 10:31:43,P002,CU0297,UPI,2,63263.17,0.0,126526.34,3.0
TXN103250,2021-04-06 14:32:17,P013,CU0237,Debit Card,1,30978.84,3.0,30978.84,4.5
TXN100666,2021-04-06 21:46:59,P011,CU0206,Cash,2,31331.72,0.0,62663.44,2.5
TXN102868,2021-04-07 07:46:25,P007,CU0314,UPI,2,42647.51,3.0,85295.02,3.5
TXN101690,2021-04-07 09:22:28,P017,CU0106,Debit Card,1,11603.12,5.0,11603.12,2.5
TXN102311,2021-04-07 16:11:05,P007,CU0104,UPI,1,38652.34,5.0,38652.34,3.5
TXN101025,2021-04-08 01:44:33,P011,CU0339,Credit Card,3,33132.37,0.0,99397.11,3.5
TXN101270,2021-04-08 03:12:19,P013,CU0034,Debit Card,2,32537.2,0.0,65074.4,1.0
TXN103191,2021-04-08 03:33:01,P001,CU0300,Cash,2,39262.25,10.0,78524.5,3.5
TXN101451,2021-04-08 12:48:13,P015,CU0069,UPI,1,20071.36,3.0,20071.36,4.5
TXN100416,2021-04-09 03:06:49,P013,CU0288,Debit Card,1,25865.25,3.0,25865.25,4.0
TXN103711,2021-04-09 16:08:16,P005,CU0156,UPI,4,46343.49,10.0,185373.96,4.5
TXN103648,2021-04-10 06:57:15,P001,CU0487,UPI,2,49146.58,15.0,98293.16,4.5
TXN104028,2021-04-10 16:55:56,P008,CU0234,UPI,2,56238.59,8.0,112477.18,3.5
TXN103977,2021-04-10 22:09:51,P006,CU0479,Credit Card,2,58927.34,8.0,117854.68,4.5
TXN102074,2021-04-11 00:35:44,P015,CU0125,Credit Card,2,14182.13,8.0,28364.26,3.5
TXN102460,2021-04-11 19:36:17,P007,CU0056,UPI,3,48884.26,0.0,146652.78,4.5
TXN104022,2021-04-12 03:27:57,P002,CU0120,UPI,2,69674.26,5.0,139348.52,3.5
TXN101885,2021-04-12 03:50:14,P005,CU0161,Credit Card,1,60295.07,0.0,60295.07,3.0
TXN101475,2021-04-12 08:00:14,P006,CU0261,UPI,5,46959.92,3.0,234799.6,3.0
TXN102076,2021-04-12 15:26:03,P009,CU0372,Credit Card,4,30761.56,3.0,123046.24,3.0
TXN100627,2021-04-13 16:22:45,P015,CU0126,Credit Card,1,24737.68,0.0,24737.68,3.5
TXN101576,2021-04-13 21:29:38,P003,CU0034,Cash,1,68590.79,0.0,68590.79,3.0
TXN101697,2021-04-14 09:56:46,P007,CU0012,Debit Card,1,18789.4,10.0,18789.4,3.5
TXN102131,2021-04-15 14:19:10,P003,CU0184,UPI,1,52861.54,5.0,52861.54,3.5
TXN102840,2021-04-15 20:45:18,P012,CU0238,Cash,1,19112.78,3.0,19112.78,3.5
TXN100974,2021-04-16 01:19:43,P011,CU0331,Cash,2,39435.75,0.0,78871.5,2.0
TXN101771,2021-04-16 08:36:53,P009,CU0193,UPI,1,34730.98,0.0,34730.98,4.5
TXN104145,2021-04-16 08:45:30,P010,CU0209,Debit Card,3,23645.72,3.0,70937.16,4.5
TXN102272,2021-04-17 14:10:04,P010,CU0325,UPI,2,29984.82,3.0,59969.64,5.0
TXN101615,2021-04-17 16:16:27,P013,CU0334,UPI,1,33809.69,3.0,33809.69,4.0
TXN102586,2021-04-18 06:25:15,P011,CU0278,UPI,1,38622.92,0.0,38622.92,4.0
TXN100741,2021-04-18 21:53:54,P013,CU0017,Debit Card,2,23333.08,8.0,46666.16,4.0
TXN104450,2021-04-18 22:53:24,P006,CU0455,UPI,4,26811.43,3.0,107245.72,3.0
TXN100955,2021-04-19 01:39:02,P015,CU0480,Cash,2,17224.64,5.0,34449.28,5.0
TXN103355,2021-04-19 06:10:02,P004,CU0248,UPI,3,41664.45,5.0,124993.35,3.5
TXN100176,2021-04-19 08:37:16,P002,CU0370,Debit Card,3,44962.45,0.0,134887.35,3.0
TXN100366,2021-04-19 09:22:08,P002,CU0263,UPI,1,52772.25,3.0,52772.25,3.0
TXN101696,2021-04-19 11:17:18,P001,CU0094,UPI,3,40946.9,0.0,122840.7,3.0
TXN101846,2021-04-20 01:29:52,P004,CU0327,Cash,1,63900.63,8.0,63900.63,5.0
TXN100361,2021-04-20 18:59:34,P006,CU0499,Cash,1,44859.54,5.0,44859.54,4.5
TXN103317,2021-04-21 07:03:26,P014,CU0116,Credit Card,4,14189.91,0.0,56759.64,2.5
TXN103322,2021-04-21 10:35:33,P005,CU0436,Credit Card,1,61512.72,0.0,61512.72,3.0
TXN101954,2021-04-21 12:28:02,P012,CU0229,UPI,2,16365.61,5.0,32731.22,3.5
TXN103550,2021-04-21 16:50:43,P009,CU0010,UPI,3,33459.24,10.0,100377.72,4.0
TXN102050,2021-04-21 17:02:25,P016,CU0027,Debit Card,1,26696.02,8.0,26696.02,4.5
TXN100017,2021-04-22 16:13:29,P002,CU0311,Credit Card,2,39803.01,0.0,79606.02,4.5
TXN103780,2021-04-22 16:57:15,P013,CU0177,UPI,2,22681.01,3.0,45362.02,3.5
TXN103469,2021-04-22 21:45:05,P012,CU0058,Debit Card,3,19541.29,8.0,58623.87,3.0
TXN102944,2021-04-22 22:51:43,P013,CU0483,UPI,1,12303.06,0.0,12303.06,3.0
TXN103066,2021-04-23 13:34:20,P006,CU0047,UPI,4,20314.35,0.0,81257.4,4.0
TXN101229,2021-04-23 14:13:03,P003,CU0064,Credit Card,1,53170.42,3.0,53170.42,3.5
TXN100432,2021-04-23 16:21:13,P001,CU0014,Credit Card,2,60302.65,3.0,120605.3,5.0
TXN102747,2021-04-23 16:43:28,P013,CU0387,Debit Card,1,30960.22,5.0,30960.22,4.0
TXN103347,2021-04-23 17:52:25,P010,CU0081,Credit Card,2,26963.31,0.0,53926.62,3.0
TXN100522,2021-04-25 04:56:27,P007,CU0368,UPI,1,45361.51,8.0,45361.51,3.5
TXN102171,2021-04-25 15:52:34,P002,CU0181,UPI,2,53417.87,3.0,106835.74,4.0
TXN102982,2021-04-25 16:38:13,P009,CU0458,Debit Card,1,41920.21,8.0,41920.21,2.5
TXN104355,2021-04-26 09:30:10,P005,CU0351,Debit Card,1,33015.58,3.0,33015.58,3.5
TXN103718,2021-04-26 13:49:17,P016,CU0394,Debit Card,1,25849.59,5.0,25849.59,3.5
TXN100814,2021-04-26 13:59:17,P014,CU0477,UPI,2,33920.24,0.0,67840.48,5.0
TXN101130,2021-04-27 05:36:38,P010,CU0187,UPI,1,28175.82,3.0,28175.82,4.0
TXN102926,2021-04-27 09:14:02,P005,CU0241,Debit Card,1,36349.85,8.0,36349.85,5.0
TXN103912,2021-04-27 16:20:21,P007,CU0296,Debit Card,1,62737.68,0.0,62737.68,4.0
TXN104445,2021-04-28 07:31:32,P016,CU0242,Debit Card,3,11729.41,3.0,35188.23,2.0
TXN103725,2021-04-28 23:14:56,P014,CU0316,Credit Card,3,24492.61,10.0,73477.83,3.0
TXN102614,2021-04-29 06:30:38,P007,CU0013,Credit Card,2,34893.43,0.0,69786.86,3.0
TXN102286,2021-04-29 16:05:09,P009,CU0096,UPI,5,28859.9,0.0,144299.5,4.5
TXN102619,2021-04-30 02:54:10,P005,CU0441,UPI,1,42562.68,0.0,42562.68,4.0
TXN103444,2021-04-30 07:01:18,P007,CU0038,Credit Card,2,38880.98,8.0,77761.96,3.0
TXN101888,2021-04-30 17:25:15,P014,CU0462,Debit Card,1,31480.77,5.0,31480.77,1.0
TXN104073,2021-05-01 03:42:46,P014,CU0429,Cash,1,22004.74,5.0,22004.74,3.5
TXN102104,2021-05-01 15:05:03,P014,CU0128,Debit Card,3,29682.84,0.0,89048.52,4.5
TXN104402,2021-05-01 22:26:11,P010,CU0306,Debit Card,1,32010.91,5.0,32010.91,5.0
TXN102653,2021-05-01 23:55:03,P016,CU0361,Credit Card,4,12229.24,0.0,48916.96,3.5
TXN100044,2021-05-02 00:58:14,P003,CU0018,Credit Card,1,55485.29,3.0,55485.29,3.5
TXN101774,2021-05-02 07:18:42,P016,CU0156,Debit Card,1,17748.74,5.0,17748.74,3.5
TXN101335,2021-05-03 00:05:17,P008,CU0489,Cash,1,58736.11,0.0,58736.11,3.0
TXN101395,2021-05-03 08:32:35,P017,CU0107,Debit Card,1,16398.56,8.0,16398.56,3.0
TXN102742,2021-05-03 12:27:20,P016,CU0083,Cash,2,27907.57,3.0,55815.14,4.5
TXN102170,2021-05-04 14:22:08,P017,CU0293,Debit Card,1,20536.21,8.0,20536.21,4.5
TXN102757,2021-05-04 14:50:21,P012,CU0086,Credit Card,1,19986.52,8.0,19986.52,3.5
TXN101515,2021-05-04 17:55:31,P004,CU0125,Credit Card,1,33586.21,3.0,33586.21,2.5
TXN100039,2021-05-05 04:29:03,P010,CU0010,UPI,2,42414.97,3.0,84829.94,4.0
TXN100794,2021-05-07 19:05:17,P011,CU0092,UPI,1,42301.2,8.0,42301.2,4.5
TXN101659,2021-05-07 19:45:26,P017,CU0238,UPI,2,20051.13,5.0,40102.26,3.0
TXN103917,2021-05-08 01:11:25,P005,CU0294,UPI,4,60246.75,0.0,240987.0,2.0
TXN104173,2021-05-09 12:28:04,P016,CU0164,Credit Card,2,23613.24,5.0,47226.48,4.5
TXN103404,2021-05-09 23:27:44,P010,CU0373,Debit Card,2,25708.01,0.0,51416.02,3.0
TXN104163,2021-05-10 10:38:06,P017,CU0032,UPI,3,11129.73,3.0,33389.19,3.0
TXN100871,2021-05-10 15:58:06,P009,CU0153,Cash,2,39374.25,8.0,78748.5,4.5
TXN100853,2021-05-10 19:02:38,P012,CU0093,Debit Card,5,24384.11,8.0,121920.55,5.0
TXN103001,2021-05-11 09:20:03,P009,CU0437,UPI,5,43814.6,0.0,219073.0,4.0
TXN103696,2021-05-11 10:31:41,P005,CU0489,Debit Card,2,47116.81,0.0,94233.62,2.5
TXN104156,2021-05-12 04:20:43,P015,CU0228,Credit Card,1,28162.46,0.0,28162.46,4.0
TXN100745,2021-05-13 01:39:45,P010,CU0131,Cash,1,26661.47,8.0,26661.47,2.5
TXN102786,2021-05-13 03:13:37,P003,CU0109,Cash,1,52425.5,0.0,52425.5,4.5
TXN100810,2021-05-13 04:30:01,P017,CU0178,Debit Card,1,9855.11,8.0,9855.11,3.0
TXN100238,2021-05-13 08:45:43,P005,CU0475,UPI,2,49673.05,0.0,99346.1,3.5
TXN103199,2021-05-14 04:27:08,P008,CU0486,Credit Card,2,33654.63,5.0,67309.26,4.0
TXN102930,2021-05-14 16:12:54,P013,CU0077,Debit Card,2,29545.05,5.0,59090.1,4.0
TXN103060,2021-05-14 22:06:22,P009,CU0181,Debit Card,1,35432.84,0.0,35432.84,3.0
TXN103714,2021-05-15 01:54:49,P004,CU0033,Credit Card,5,31739.08,8.0,158695.4,3.0
TXN100526,2021-05-16 01:59:49,P003,CU0339,UPI,2,54755.09,8.0,109510.18,4.5
TXN101606,2021-05-16 06:47:22,P011,CU0288,UPI,2,29732.94,3.0,59465.88,3.5
TXN100632,2021-05-16 13:58:30,P010,CU0006,Credit Card,1,21114.42,0.0,21114.42,3.5
TXN100300,2021-05-17 13:30:25,P013,CU0347,Cash,1,30596.02,5.0,30596.02,4.0
TXN102234,2021-05-18 01:55:18,P001,CU0192,UPI,1,66720.54,8.0,66720.54,5.0
TXN100622,2021-05-18 02:21:14,P006,CU0431,UPI,1,55949.26,10.0,55949.26,2.5
TXN100443,2021-05-18 07:53:01,P015,CU0432,UPI,3,11933.9,10.0,35801.7,4.5
TXN102412,2021-05-18 18:12:20,P003,CU0292,Debit Card,3,31077.82,8.0,93233.46,3.0
TXN102703,2021-05-18 20:27:39,P001,CU0075,Debit Card,3,28699.81,8.0,86099.43,2.0
TXN102720,2021-05-19 02:26:33,P006,CU0281,UPI,1,51975.1,0.0,51975.1,4.0
TXN103938,2021-05-19 04:19:21,P015,CU0297,UPI,3,16644.74,8.0,49934.22,4.0
TXN100138,2021-05-19 05:41:33,P004,CU0203,Debit Card,1,45880.28,3.0,45880.28,2.5
TXN101526,2021-05-19 05:45:07,P009,CU0210,Debit Card,2,37386.0,0.0,74772.0,5.0
TXN103537,2021-05-19 16:54:07,P001,CU0454,Cash,1,66233.97,8.0,66233.97,5.0
TXN100211,2021-05-19 18:40:13,P008,CU0493,Credit Card,2,58629.63,0.0,117259.26,2.5
TXN100710,2021-05-20 04:34:41,P013,CU0398,Credit Card,2,25744.3,5.0,51488.6,3.0
TXN103922,2021-05-20 04:42:09,P004,CU0173,UPI,3,52146.32,10.0,156438.96,4.5
TXN101432,2021-05-20 17:34:09,P015,CU0365,Credit Card,1,25781.13,3.0,25781.13,3.5
TXN100349,2021-05-20 17:45:35,P004,CU0234,UPI,2,50015.87,5.0,100031.74,4.0
TXN101312,2021-05-20 21:04:00,P010,CU0126,UPI,3,22892.61,3.0,68677.83,3.5
TXN102948,2021-05-21 22:01:28,P002,CU0066,Debit Card,3,64129.26,0.0,192387.78,5.0
TXN101857,2021-05-22 18:02:18,P002,CU0483,UPI,1,68784.63,0.0,68784.63,4.0
TXN103151,2021-05-23 21:47:57,P013,CU0064,Credit Card,4,15575.23,8.0,62300.92,3.5
TXN102898,2021-05-24 00:13:12,P007,CU0220,UPI,2,57097.62,0.0,114195.24,2.5
TXN103781,2021-05-24 11:25:39,P006,CU0315,Credit Card,1,28119.9,0.0,28119.9,4.5
TXN104411,2021-05-24 16:19:02,P016,CU0064,Cash,3,26665.99,8.0,79997.97,3.0
TXN103327,2021-05-24 21:02:25,P011,CU0290,Cash,3,25175.87,5.0,75527.61,5.0
TXN101012,2021-05-25 14:32:46,P001,CU0206,Credit Card,2,40437.88,0.0,80875.76,4.0
TXN100893,2021-05-25 16:24:52,P001,CU0467,Credit Card,4,52033.96,8.0,208135.84,5.0
TXN100348,2021-05-26 03:30:36,P017,CU0175,Credit Card,3,27482.31,0.0,82446.93,3.5
TXN103417,2021-05-27 22:59:52,P006,CU0123,Debit Card,4,16973.5,8.0,67894.0,3.5
TXN103708,2021-05-28 16:01:20,P004,CU0121,UPI,4,68039.18,8.0,272156.72,4.0
TXN104298,2021-05-28 18:15:45,P001,CU0028,UPI,1,36631.25,5.0,36631.25,3.5
TXN102129,2021-05-29 02:30:07,P003,CU0208,Credit Card,2,67242.78,8.0,134485.56,5.0
TXN102366,2021-05-29 11:16:52,P003,CU0155,Credit Card,1,64785.89,10.0,64785.89,5.0
TXN102054,2021-05-29 13:11:52,P003,CU0124,UPI,2,51692.49,3.0,103384.98,5.0
TXN102101,2021-05-29 15:01:46,P005,CU0305,Cash,2,59430.72,8.0,118861.44,4.5
TXN102782,2021-05-29 22:16:40,P011,CU0041,UPI,1,20509.79,5.0,20509.79,3.5
TXN102338,2021-05-30 13:26:58,P010,CU0122,UPI,2,35347.63,5.0,70695.26,2.5
TXN101839,2021-05-30 18:52:43,P007,CU0047,UPI,2,41501.41,10.0,83002.82,3.5
TXN102380,2021-05-31 00:38:14,P007,CU0392,Debit Card,1,51255.75,0.0,51255.75,3.5
TXN104111,2021-05-31 09:24:05,P016,CU0011,UPI,1,27100.76,5.0,27100.76,4.0
TXN100531,2021-05-31 14:54:04,P008,CU0002,Cash,2,40151.34,0.0,80302.68,5.0
TXN100683,2021-05-31 22:46:55,P004,CU0135,UPI,2,43220.59,15.0,86441.18,2.5
TXN100958,2021-06-01 13:44:54,P015,CU0196,Debit Card,3,12993.36,0.0,38980.08,3.5
TXN104446,2021-06-01 14:57:39,P008,CU0025,UPI,1,23918.85,0.0,23918.85,4.0
TXN101032,2021-06-01 18:02:43,P008,CU0257,Credit Card,1,17665.43,3.0,17665.43,4.5
TXN100910,2021-06-01 18:44:10,P001,CU0408,Credit Card,1,41750.69,3.0,41750.69,5.0
TXN103478,2021-06-01 23:20:23,P010,CU0330,Debit Card,1,18993.06,10.0,18993.06,4.5
TXN102951,2021-06-02 00:06:16,P006,CU0040,UPI,1,28215.14,15.0,28215.14,2.5
TXN102299,2021-06-02 00:13:50,P008,CU0323,Cash,1,41545.23,15.0,41545.23,4.5
TXN102143,2021-06-02 07:44:00,P010,CU0472,Debit Card,1,44797.85,0.0,44797.85,3.0
TXN103128,2021-06-03 00:07:44,P003,CU0159,Cash,2,58838.19,10.0,117676.38,5.0
TXN100457,2021-06-03 17:11:29,P010,CU0301,Credit Card,1,22254.75,0.0,22254.75,4.0
TXN103566,2021-06-04 03:00:14,P016,CU0026,Credit Card,1,17266.47,0.0,17266.47,3.5
TXN103342,2021-06-04 03:50:11,P015,CU0188,Debit Card,4,20344.84,0.0,81379.36,3.0
TXN100639,2021-06-04 05:24:31,P004,CU0228,UPI,1,53238.38,0.0,53238.38,3.5
TXN100209,2021-06-04 10:06:05,P011,CU0449,Credit Card,2,19771.78,0.0,39543.56,4.0
TXN102261,2021-06-04 11:47:19,P017,CU0255,UPI,1,11541.29,0.0,11541.29,3.0
TXN103168,2021-06-05 02:57:42,P012,CU0442,Debit Card,1,20579.66,3.0,20579.66,3.0
TXN101408,2021-06-05 03:10:49,P007,CU0454,Cash,3,54109.3,3.0,162327.9,5.0
TXN100588,2021-06-05 05:36:13,P015,CU0431,UPI,1,22121.62,3.0,22121.62,3.0
TXN100763,2021-06-05 14:08:30,P012,CU0015,Credit Card,2,14501.03,3.0,29002.06,3.5
TXN100220,2021-06-05 21:31:14,P006,CU0214,Debit Card,1,51342.47,0.0,51342.47,4.5
TXN102725,2021-06-05 22:15:56,P007,CU0427,UPI,1,23265.21,0.0,23265.21,4.5
TXN102214,2021-06-06 00:07:35,P006,CU0018,UPI,2,59250.62,0.0,118501.24,4.0
TXN103218,2021-06-06 11:48:55,P005,CU0455,Cash,1,26664.02,0.0,26664.02,3.0
TXN102174,2021-06-06 15:31:05,P003,CU0119,UPI,2,54685.57,0.0,109371.14,4.5
TXN104272,2021-06-06 23:38:58,P016,CU0500,Cash,3,15460.92,0.0,46382.76,4.5
TXN100051,2021-06-07 03:52:37,P008,CU0116,Cash,5,36695.04,5.0,183475.2,2.5
TXN100321,2021-06-07 04:58:45,P009,CU0212,Debit Card,4,29599.74,0.0,118398.96,5.0
TXN100829,2021-06-07 07:33:04,P015,CU0451,Cash,1,18279.66,10.0,18279.66,3.0
TXN101272,2021-06-07 08:20:04,P002,CU0152,Cash,3,57895.53,0.0,173686.59,4.5
TXN103909,2021-06-07 14:33:09,P003,CU0267,UPI,1,58518.24,0.0,58518.24,2.0
TXN100337,2021-06-07 14:53:36,P012,CU0317,Debit Card,3,26267.59,0.0,78802.77,4.5
TXN104123,2021-06-07 21:15:04,P009,CU0071,Cash,1,43376.21,0.0,43376.21,3.0
TXN104470,2021-06-08 02:53:00,P001,CU0319,UPI,2,39643.5,0.0,79287.0,3.5
TXN102796,2021-06-09 10:53:57,P011,CU0478,Cash,1,44293.79,0.0,44293.79,4.5
TXN104428,2021-06-09 11:09:04,P010,CU0340,Cash,3,42188.59,0.0,126565.77,4.0
TXN101557,2021-06-09 19:22:40,P008,CU0463,UPI,3,43869.59,15.0,131608.77,3.5
TXN101992,2021-06-10 04:00:19,P002,CU0007,Credit Card,1,43387.19,8.0,43387.19,3.5
TXN101556,2021-06-11 04:28:26,P010,CU0386,Debit Card,3,43925.3,3.0,131775.9,4.0
TXN100567,2021-06-11 08:50:15,P002,CU0112,Debit Card,1,45786.66,10.0,45786.66,3.5
TXN102668,2021-06-11 12:55:36,P002,CU0425,Credit Card,3,50698.44,0.0,152095.32,3.5
TXN100451,2021-06-11 15:37:25,P009,CU0197,Credit Card,3,39396.25,3.0,118188.75,3.0
TXN101022,2021-06-11 19:21:30,P009,CU0279,Credit Card,3,20382.36,5.0,61147.08,4.5
TXN101891,2021-06-12 06:50:42,P013,CU0012,Credit Card,4,21866.52,5.0,87466.08,1.5
TXN101245,2021-06-12 14:29:46,P012,CU0356,Debit Card,2,17263.4,0.0,34526.8,3.0
TXN101353,2021-06-12 17:13:44,P017,CU0313,Debit Card,1,21127.1,0.0,21127.1,3.5
TXN103604,2021-06-12 19:04:58,P016,CU0054,Debit Card,2,13599.2,8.0,27198.4,3.5
TXN103971,2021-06-13 11:07:18,P011,CU0127,UPI,4,31597.49,3.0,126389.96,4.0
TXN104091,2021-06-13 19:50:57,P008,CU0138,Credit Card,5,19524.43,0.0,97622.15,2.0
TXN103674,2021-06-14 11:18:47,P009,CU0402,Debit Card,2,43926.32,0.0,87852.64,3.0
TXN100370,2021-06-14 13:12:48,P012,CU0348,Credit Card,1,14297.77,8.0,14297.77,4.0
TXN100426,2021-06-15 01:45:02,P011,CU0132,Credit Card,1,42439.85,15.0,42439.85,3.0
TXN100880,2021-06-15 13:13:51,P009,CU0487,Credit Card,4,25941.47,8.0,103765.88,1.5
TXN102494,2021-06-16 12:44:04,P002,CU0390,Credit Card,2,74960.53,0.0,149921.06,3.5
TXN101002,2021-06-16 22:00:22,P017,CU0020,Debit Card,1,17582.99,5.0,17582.99,3.0
TXN101726,2021-06-17 01:47:42,P001,CU0215,Credit Card,1,30829.07,0.0,30829.07,3.0
TXN104000,2021-06-17 02:09:08,P003,CU0223,Credit Card,1,37002.86,8.0,37002.86,3.0
TXN102979,2021-06-17 05:33:42,P012,CU0194,Debit Card,1,27188.92,5.0,27188.92,5.0
TXN102030,2021-06-17 08:13:17,P002,CU0005,Cash,1,40742.02,0.0,40742.02,3.0
TXN103621,2021-06-17 18:40:56,P001,CU0114,Debit Card,2,60185.48,5.0,120370.96,3.0
TXN101836,2021-06-18 02:18:12,P008,CU0090,Cash,3,41783.21,0.0,125349.63,4.0
TXN100688,2021-06-18 16:20:47,P017,CU0338,Credit Card,2,16023.6,0.0,32047.2,3.0
TXN101898,2021-06-18 22:59:13,P014,CU0165,UPI,2,19670.93,0.0,39341.86,4.0
TXN101024,2021-06-19 05:05:52,P010,CU0044,UPI,4,29755.07,0.0,119020.28,5.0
TXN101932,2021-06-21 01:53:53,P003,CU0011,UPI,3,62388.4,3.0,187165.2,4.5
TXN103955,2021-06-21 05:07:55,P006,CU0378,UPI,3,48601.7,0.0,145805.1,2.0
TXN100068,2021-06-21 05:17:13,P011,CU0129,Cash,2,36511.41,10.0,73022.82,3.5
TXN102882,2021-06-21 05:49:28,P011,CU0070,Credit Card,1,39573.45,8.0,39573.45,2.5
TXN102643,2021-06-21 06:10:20,P003,CU0201,Debit Card,3,69371.25,3.0,208113.75,4.0
TXN100754,2021-06-21 08:27:27,P013,CU0025,UPI,2,15640.06,10.0,31280.12,3.5
TXN102473,2021-06-22 05:54:53,P012,CU0269,Debit Card,1,30334.53,0.0,30334.53,3.5
TXN103964,2021-06-22 12:18:49,P011,CU0474,Credit Card,2,35886.62,0.0,71773.24,2.0
TXN100053,2021-06-22 14:07:22,P010,CU0391,Debit Card,1,35848.93,0.0,35848.93,4.5
TXN103906,2021-06-22 15:11:24,P016,CU0233,UPI,2,17514.94,0.0,35029.88,3.5
TXN102624,2021-06-22 16:48:12,P009,CU0173,Cash,1,42371.04,0.0,42371.04,4.0
TXN102908,2021-06-22 17:35:19,P016,CU0340,Credit Card,3,12900.64,15.0,38701.92,2.5
TXN103171,2021-06-23 03:50:40,P015,CU0047,UPI,1,26921.04,0.0,26921.04,3.0
TXN101711,2021-06-23 05:01:10,P014,CU0399,Credit Card,1,20248.0,3.0,20248.0,4.0
TXN100883,2021-06-23 11:19:58,P012,CU0182,UPI,1,31528.19,0.0,31528.19,3.5
TXN102330,2021-06-23 13:30:19,P004,CU0246,Debit Card,3,31807.5,5.0,95422.5,3.5
TXN101852,2021-06-23 22:50:33,P007,CU0264,Credit Card,1,25921.36,3.0,25921.36,4.5
TXN102511,2021-06-25 01:46:12,P012,CU0120,Cash,2,26565.6,0.0,53131.2,3.0
TXN100418,2021-06-25 08:07:43,P012,CU0170,Credit Card,1,15971.02,15.0,15971.02,4.0
TXN102902,2021-06-25 09:36:28,P006,CU0003,Credit Card,2,30922.35,10.0,61844.7,2.5
TXN103251,2021-06-25 15:24:09,P007,CU0480,Debit Card,4,28426.99,3.0,113707.96,3.5
TXN103346,2021-06-25 19:58:47,P010,CU0133,Cash,2,32756.06,0.0,65512.12,2.0
TXN102136,2021-06-25 20:28:17,P004,CU0414,UPI,2,41300.43,0.0,82600.86,4.0
TXN102644,2021-06-26 09:16:25,P014,CU0380,Credit Card,2,18573.65,0.0,37147.3,3.5
TXN100083,2021-06-26 10:02:43,P013,CU0192,Cash,1,29638.18,0.0,29638.18,3.5
TXN102258,2021-06-26 14:17:24,P004,CU0415,Credit Card,2,49985.87,8.0,99971.74,3.5
TXN102177,2021-06-28 02:20:58,P009,CU0244,Cash,2,18942.17,8.0,37884.34,2.5
TXN100263,2021-06-29 01:24:19,P017,CU0351,UPI,5,11698.32,3.0,58491.6,2.5
TXN101115,2021-06-29 14:26:47,P017,CU0153,UPI,1,26052.99,10.0,26052.99,5.0
TXN103524,2021-06-29 15:26:07,P003,CU0366,UPI,1,49800.91,0.0,49800.91,4.0
TXN104275,2021-06-30 02:05:06,P009,CU0405,Debit Card,3,43169.39,10.0,129508.17,2.0
TXN102558,2021-06-30 02:44:32,P009,CU0008,Credit Card,1,34537.4,0.0,34537.4,2.5
TXN102792,2021-06-30 05:25:12,P015,CU0284,UPI,1,18288.47,0.0,18288.47,5.0
TXN103841,2021-06-30 12:10:27,P010,CU0028,Credit Card,1,19640.92,5.0,19640.92,3.5
TXN102371,2021-06-30 17:52:42,P006,CU0064,Debit Card,2,23044.62,3.0,46089.24,3.5
TXN100757,2021-06-30 18:37:15,P005,CU0486,Debit Card,2,34090.26,8.0,68180.52,3.5
TXN103865,2021-06-30 21:53:20,P007,CU0293,Debit Card,1,20337.25,0.0,20337.25,4.0
TXN103462,2021-06-30 22:34:06,P005,CU0321,Credit Card,1,56494.91,0.0,56494.91,3.5
TXN101958,2021-07-01 13:18:25,P002,CU0404,UPI,1,69687.62,3.0,69687.62,4.5
TXN101216,2021-07-03 14:18:10,P013,CU0097,Cash,1,26070.43,0.0,26070.43,2.5
TXN101079,2021-07-03 15:33:14,P010,CU0419,UPI,5,31681.62,0.0,158408.1,4.0
TXN100459,2021-07-03 18:14:41,P008,CU0077,Cash,2,31806.22,8.0,63612.44,3.5
TXN103253,2021-07-03 23:47:54,P005,CU0129,Credit Card,2,20265.88,5.0,40531.76,3.5
TXN104198,2021-07-04 05:34:01,P012,CU0275,UPI,4,17684.53,0.0,70738.12,2.5
TXN103054,2021-07-04 19:25:55,P001,CU0015,UPI,1,66102.36,0.0,66102.36,3.5
TXN100747,2021-07-04 23:32:52,P010,CU0042,Debit Card,3,28009.29,3.0,84027.87,3.5
TXN104158,2021-07-05 02:08:24,P013,CU0305,UPI,1,14546.35,10.0,14546.35,3.5
TXN102184,2021-07-05 06:46:12,P012,CU0193,Debit Card,1,19518.19,0.0,19518.19,5.0
TXN103700,2021-07-06 05:42:12,P017,CU0032,UPI,4,16060.56,0.0,64242.24,3.0
TXN104412,2021-07-07 03:48:07,P003,CU0212,Credit Card,1,49517.74,8.0,49517.74,3.0
TXN101054,2021-07-07 09:28:26,P014,CU0449,UPI,3,10702.86,15.0,32108.58,4.0
TXN104279,2021-07-07 11:40:58,P001,CU0148,UPI,2,59716.4,10.0,119432.8,1.0
TXN102918,2021-07-07 16:49:10,P006,CU0319,Credit Card,3,40227.29,0.0,120681.87,3.0
TXN101473,2021-07-07 19:39:26,P001,CU0463,UPI,3,54975.5,3.0,164926.5,2.0
TXN103244,2021-07-08 02:27:23,P002,CU0394,Cash,2,63056.9,5.0,126113.8,5.0
TXN100551,2021-07-08 15:25:46,P011,CU0214,UPI,1,34180.84,0.0,34180.84,4.0
TXN103077,2021-07-08 23:11:04,P008,CU0181,Cash,1,21576.79,3.0,21576.79,3.0
TXN101310,2021-07-09 02:25:58,P015,CU0159,UPI,2,9752.56,5.0,19505.12,3.5
TXN100668,2021-07-09 12:54:58,P017,CU0167,Debit Card,2,15479.84,0.0,30959.68,3.5
TXN101674,2021-07-09 14:20:58,P015,CU0185,Credit Card,1,19803.05,0.0,19803.05,4.0
TXN101325,2021-07-09 17:18:34,P010,CU0117,Debit Card,1,23542.67,10.0,23542.67,4.0
TXN102596,2021-07-10 18:23:10,P012,CU0165,Debit Card,1,22102.94,8.0,22102.94,4.0
TXN100734,2021-07-10 23:23:15,P009,CU0454,Cash,2,28045.08,0.0,56090.16,3.5
TXN102568,2021-07-11 05:00:29,P003,CU0240,UPI,2,62970.27,15.0,125940.54,2.5
TXN103225,2021-07-12 03:36:22,P001,CU0249,Credit Card,1,61624.36,3.0,61624.36,5.0
TXN100372,2021-07-12 08:33:42,P016,CU0373,Debit Card,2,13229.79,3.0,26459.58,3.5
TXN101821,2021-07-12 18:23:49,P011,CU0343,Cash,1,38315.48,15.0,38315.48,2.5
TXN102431,2021-07-12 19:01:29,P008,CU0014,UPI,3,56283.85,5.0,168851.55,3.5
TXN101119,2021-07-12 21:02:31,P017,CU0441,Cash,1,18730.46,10.0,18730.46,4.0
TXN103359,2021-07-13 00:36:54,P011,CU0019,Credit Card,2,30614.19,8.0,61228.38,3.5
TXN100665,2021-07-13 03:34:40,P012,CU0046,Debit Card,1,26630.63,5.0,26630.63,5.0
TXN101560,2021-07-14 07:59:38,P016,CU0261,UPI,3,25103.93,3.0,75311.79,2.5
TXN102601,2021-07-14 18:56:15,P004,CU0089,Debit Card,2,71685.42,0.0,143370.84,3.0
TXN101472,2021-07-15 00:43:44,P007,CU0494,Cash,4,37019.17,5.0,148076.68,3.5
TXN103598,2021-07-15 02:11:23,P010,CU0255,Credit Card,1,26904.43,0.0,26904.43,2.5
TXN102204,2021-07-15 16:56:45,P009,CU0101,UPI,2,40974.16,3.0,81948.32,2.0
TXN100415,2021-07-16 02:52:20,P016,CU0232,Debit Card,1,9248.1,8.0,9248.1,4.0
TXN101051,2021-07-16 03:29:26,P009,CU0244,Credit Card,1,30265.49,0.0,30265.49,3.0
TXN103052,2021-07-16 06:50:48,P008,CU0107,Credit Card,1,49600.27,15.0,49600.27,1.5
TXN102218,2021-07-16 14:52:18,P011,CU0434,Cash,4,31680.38,0.0,126721.52,4.5
TXN102730,2021-07-16 20:36:22,P007,CU0254,Credit Card,2,22491.8,8.0,44983.6,3.5
TXN101134,2021-07-17 08:45:31,P006,CU0223,UPI,1,19676.04,15.0,19676.04,3.0
TXN101112,2021-07-17 12:51:54,P017,CU0018,UPI,1,11490.29,5.0,11490.29,2.5
TXN103255,2021-07-17 14:52:18,P002,CU0306,Credit Card,1,34541.25,10.0,34541.25,4.0
TXN101814,2021-07-17 15:16:14,P010,CU0150,Cash,1,34056.8,0.0,34056.8,3.0
TXN102344,2021-07-18 09:24:59,P011,CU0304,Cash,3,18355.77,0.0,55067.31,3.0
TXN102537,2021-07-19 01:30:03,P005,CU0283,Debit Card,3,51865.17,5.0,155595.51,3.5
TXN103030,2021-07-19 12:47:14,P004,CU0077,UPI,2,34968.68,8.0,69937.36,4.0
TXN100820,2021-07-19 18:50:21,P007,CU0472,UPI,5,21055.15,0.0,105275.75,3.0
TXN102075,2021-07-20 05:32:40,P014,CU0475,Debit Card,1,17144.42,15.0,17144.42,4.5
TXN102978,2021-07-20 06:43:44,P013,CU0058,UPI,3,12588.38,0.0,37765.14,4.0
TXN101424,2021-07-20 09:44:39,P008,CU0378,Credit Card,1,58647.17,8.0,58647.17,4.0
TXN100787,2021-07-21 03:27:26,P013,CU0075,Credit Card,2,16377.82,10.0,32755.64,2.5
TXN103785,2021-07-21 09:48:21,P004,CU0277,UPI,3,44945.15,0.0,134835.45,4.5
TXN103131,2021-07-21 17:18:56,P015,CU0302,Debit Card,1,20015.13,0.0,20015.13,3.0
TXN102164,2021-07-22 13:15:36,P006,CU0154,Debit Card,1,43971.77,0.0,43971.77,4.0
TXN101677,2021-07-22 19:11:34,P013,CU0201,UPI,3,12807.05,5.0,38421.15,3.0
TXN102800,2021-07-23 09:57:25,P017,CU0043,Cash,3,14878.92,5.0,44636.76,3.5
TXN100697,2021-07-23 16:19:18,P010,CU0108,Cash,4,34218.99,3.0,136875.96,3.0
TXN102467,2021-07-23 17:36:36,P003,CU0241,UPI,1,68515.77,5.0,68515.77,5.0
TXN104362,2021-07-24 07:47:42,P013,CU0136,UPI,1,18732.1,3.0,18732.1,2.0
TXN100487,2021-07-24 09:43:45,P006,CU0456,Debit Card,2,25312.74,10.0,50625.48,2.0
TXN102360,2021-07-24 12:32:43,P008,CU0094,Debit Card,4,58407.92,8.0,233631.68,4.0
TXN103272,2021-07-24 16:50:30,P008,CU0055,Credit Card,1,45750.53,3.0,45750.53,4.0
TXN102835,2021-07-25 00:44:43,P013,CU0110,Credit Card,4,17981.32,8.0,71925.28,5.0
TXN103764,2021-07-26 12:40:05,P004,CU0486,Credit Card,1,30263.28,0.0,30263.28,3.5
TXN101727,2021-07-27 04:44:02,P004,CU0187,Credit Card,2,65070.6,8.0,130141.2,3.5
TXN102789,2021-07-27 09:09:33,P007,CU0197,Debit Card,3,54641.69,0.0,163925.07,3.0
TXN104390,2021-07-27 09:32:25,P011,CU0175,Cash,1,33420.57,0.0,33420.57,3.5
TXN101905,2021-07-27 16:24:50,P016,CU0077,Credit Card,1,18419.39,3.0,18419.39,4.5
TXN102276,2021-07-27 23:46:08,P008,CU0006,UPI,1,44084.36,8.0,44084.36,3.5
TXN101672,2021-07-28 08:16:59,P013,CU0150,Debit Card,1,24660.95,0.0,24660.95,4.0
TXN100425,2021-07-28 22:00:43,P012,CU0213,UPI,1,29857.33,8.0,29857.33,4.0
TXN101277,2021-07-29 01:02:13,P008,CU0385,Credit Card,1,37843.54,15.0,37843.54,4.0
TXN101807,2021-07-29 18:40:22,P006,CU0418,Credit Card,1,61346.3,3.0,61346.3,2.5
TXN101618,2021-07-29 21:24:37,P005,CU0051,Credit Card,2,44384.07,5.0,88768.14,5.0
TXN104486,2021-07-30 12:35:31,P001,CU0496,Debit Card,2,52625.83,0.0,105251.66,4.5
TXN102088,2021-07-30 15:54:54,P007,CU0423,Credit Card,1,37947.47,8.0,37947.47,4.0
TXN103728,2021-07-31 10:56:56,P014,CU0016,Cash,1,19858.17,8.0,19858.17,3.0
TXN102947,2021-07-31 23:52:52,P001,CU0029,Credit Card,5,46880.69,5.0,234403.45,2.5
TXN103814,2021-08-01 17:14:38,P004,CU0358,Credit Card,3,50090.29,3.0,150270.87,5.0
TXN102802,2021-08-02 14:30:17,P007,CU0210,UPI,5,46509.68,0.0,232548.4,3.5
TXN100821,2021-08-02 20:09:00,P010,CU0493,Cash,1,37406.51,3.0,37406.51,3.0
TXN103732,2021-08-02 23:57:26,P013,CU0198,Credit Card,1,31259.52,0.0,31259.52,3.5
TXN102089,2021-08-03 00:14:12,P001,CU0171,Debit Card,1,54164.06,3.0,54164.06,4.5
TXN103206,2021-08-03 02:43:56,P016,CU0128,UPI,1,16274.95,0.0,16274.95,2.0
TXN100839,2021-08-03 03:56:34,P004,CU0215,Debit Card,1,41239.71,15.0,41239.71,4.5
TXN102243,2021-08-03 17:01:18,P009,CU0301,Debit Card,4,33766.64,10.0,135066.56,3.5
TXN102106,2021-08-04 00:49:28,P013,CU0286,Credit Card,5,20844.01,0.0,104220.05,2.5
TXN104024,2021-08-05 10:24:21,P004,CU0067,UPI,3,60787.25,8.0,182361.75,2.5
TXN103296,2021-08-06 00:03:29,P008,CU0029,Cash,2,21693.04,0.0,43386.08,4.0
TXN100838,2021-08-07 02:09:12,P007,CU0157,Credit Card,2,42400.6,5.0,84801.2,2.5
TXN103148,2021-08-07 02:37:26,P004,CU0098,Credit Card,1,31582.81,0.0,31582.81,3.5
TXN102049,2021-08-07 07:25:35,P012,CU0069,UPI,1,26546.78,15.0,26546.78,4.5
TXN100685,2021-08-07 22:29:29,P016,CU0035,Debit Card,5,14654.58,8.0,73272.9,4.5
TXN103363,2021-08-08 00:35:40,P011,CU0050,UPI,2,46714.44,0.0,93428.88,4.5
TXN100252,2021-08-08 09:03:22,P002,CU0084,Credit Card,2,30736.04,5.0,61472.08,4.0
TXN101596,2021-08-08 23:25:36,P015,CU0469,Debit Card,3,16024.05,5.0,48072.15,3.0
TXN102465,2021-08-09 11:56:14,P014,CU0190,Credit Card,2,14943.58,10.0,29887.16,5.0
TXN104075,2021-08-09 19:25:58,P005,CU0118,UPI,2,34359.35,0.0,68718.7,5.0
TXN103043,2021-08-09 23:20:21,P003,CU0497,Credit Card,3,70089.09,0.0,210267.27,3.0
TXN103193,2021-08-10 21:58:51,P009,CU0231,UPI,1,39946.88,5.0,39946.88,2.5
TXN102752,2021-08-11 06:31:57,P004,CU0489,Cash,1,68147.09,5.0,68147.09,4.0
TXN103992,2021-08-11 21:56:50,P012,CU0390,Credit Card,1,23082.49,0.0,23082.49,3.0
TXN101303,2021-08-12 03:13:07,P015,CU0261,Debit Card,5,14115.28,0.0,70576.4,4.0
TXN103450,2021-08-12 04:38:53,P004,CU0490,Debit Card,2,69897.71,0.0,139795.42,3.5
TXN100806,2021-08-12 04:50:40,P015,CU0197,UPI,3,27524.46,5.0,82573.38,3.0
TXN102989,2021-08-12 12:24:07,P005,CU0215,Cash,3,23656.47,5.0,70969.41,3.0
TXN100221,2021-08-12 13:54:55,P003,CU0385,UPI,1,53138.34,15.0,53138.34,3.5
TXN103626,2021-08-12 22:48:01,P012,CU0456,Credit Card,1,27374.53,5.0,27374.53,4.5
TXN104280,2021-08-12 23:13:04,P004,CU0415,Cash,5,43913.07,0.0,219565.35,3.0
TXN102889,2021-08-13 18:14:07,P010,CU0393,Credit Card,1,29442.56,0.0,29442.56,5.0
TXN101052,2021-08-14 15:27:37,P003,CU0360,Credit Card,1,38400.72,10.0,38400.72,4.5
TXN100350,2021-08-14 18:24:09,P001,CU0027,Debit Card,1,48239.16,5.0,48239.16,3.5
TXN102038,2021-08-15 13:36:31,P015,CU0014,Credit Card,2,21038.19,0.0,42076.38,3.5
TXN103320,2021-08-15 14:14:53,P006,CU0024,Credit Card,1,31697.41,5.0,31697.41,2.0
TXN100280,2021-08-15 22:09:46,P009,CU0045,Cash,1,41314.89,15.0,41314.89,3.5
TXN103753,2021-08-16 07:42:16,P009,CU0500,Credit Card,1,26491.05,0.0,26491.05,3.0
TXN102928,2021-08-16 16:20:47,P005,CU0325,UPI,1,29482.36,8.0,29482.36,5.0
TXN102697,2021-08-17 19:30:00,P012,CU0399,UPI,1,24508.69,0.0,24508.69,3.5
TXN101569,2021-08-18 07:46:50,P017,CU0053,UPI,4,11252.99,0.0,45011.96,3.0
TXN100511,2021-08-18 10:03:22,P006,CU0455,Cash,2,51004.92,0.0,102009.84,4.0
TXN103210,2021-08-18 23:16:10,P005,CU0471,Cash,2,47194.42,0.0,94388.84,3.5
TXN103991,2021-08-19 16:14:15,P004,CU0081,UPI,4,56912.48,0.0,227649.92,4.5
TXN102748,2021-08-19 22:47:51,P007,CU0194,Debit Card,1,22937.86,15.0,22937.86,2.5
TXN100207,2021-08-20 02:47:38,P010,CU0287,Cash,2,22746.15,0.0,45492.3,3.5
TXN100094,2021-08-20 14:28:11,P003,CU0136,Credit Card,1,40313.91,15.0,40313.91,4.0
TXN103353,2021-08-20 21:48:21,P006,CU0244,Debit Card,1,36839.9,0.0,36839.9,3.5
TXN102612,2021-08-20 21:59:56,P010,CU0393,Debit Card,1,39741.82,10.0,39741.82,3.0
TXN101999,2021-08-21 19:33:37,P002,CU0004,Cash,3,62000.01,0.0,186000.03,4.5
TXN103633,2021-08-22 21:57:52,P011,CU0444,Cash,1,47492.93,0.0,47492.93,3.5
TXN102712,2021-08-22 22:27:53,P003,CU0149,Credit Card,2,59658.96,0.0,119317.92,5.0
TXN101585,2021-08-23 00:00:55,P014,CU0230,Credit Card,3,28524.33,5.0,85572.99,4.5
TXN101608,2021-08-23 05:59:10,P015,CU0381,Debit Card,2,26979.51,5.0,53959.02,3.5
TXN101818,2021-08-23 15:01:55,P012,CU0342,Credit Card,3,34920.55,0.0,104761.65,3.5
TXN103697,2021-08-24 03:31:01,P009,CU0350,UPI,2,20636.92,5.0,41273.84,3.5
TXN103769,2021-08-24 13:26:28,P006,CU0240,UPI,2,18133.07,0.0,36266.14,3.0
TXN100527,2021-08-25 01:37:05,P002,CU0141,UPI,3,35477.55,5.0,106432.65,4.5
TXN102301,2021-08-25 07:45:10,P001,CU0162,Cash,1,42517.14,0.0,42517.14,5.0
TXN100555,2021-08-25 10:03:05,P015,CU0437,Debit Card,4,16038.7,0.0,64154.8,4.0
TXN102498,2021-08-26 01:58:58,P015,CU0397,Credit Card,1,12061.59,0.0,12061.59,3.0
TXN100677,2021-08-26 05:40:42,P002,CU0371,UPI,1,54103.35,3.0,54103.35,4.5
TXN102910,2021-08-26 07:03:10,P004,CU0362,Credit Card,1,53006.97,8.0,53006.97,4.0
TXN101525,2021-08-26 16:06:27,P001,CU0414,UPI,1,33029.0,5.0,33029.0,4.5
TXN100496,2021-08-26 23:00:50,P009,CU0003,Cash,1,23372.95,8.0,23372.95,2.5
TXN101324,2021-08-27 04:12:34,P007,CU0099,Credit Card,1,54611.2,10.0,54611.2,3.5
TXN100749,2021-08-27 17:37:11,P012,CU0271,Debit Card,3,14558.02,3.0,43674.06,2.5
TXN103084,2021-08-27 18:48:58,P005,CU0354,Credit Card,1,24896.48,0.0,24896.48,4.0
TXN104288,2021-08-28 02:35:46,P017,CU0448,Cash,2,15964.69,5.0,31929.38,3.5
TXN103572,2021-08-28 16:17:42,P009,CU0303,Debit Card,1,34271.92,0.0,34271.92,4.5
TXN104025,2021-08-29 01:07:45,P003,CU0126,UPI,1,68970.44,8.0,68970.44,4.0
TXN103667,2021-08-29 09:02:15,P001,CU0307,UPI,1,44990.65,0.0,44990.65,3.5
TXN101761,2021-08-29 17:17:37,P006,CU0249,UPI,1,31712.68,3.0,31712.68,3.5
TXN102378,2021-08-29 19:18:55,P012,CU0045,Credit Card,1,23502.07,5.0,23502.07,5.0
TXN102576,2021-08-29 20:52:21,P005,CU0213,Credit Card,1,22872.83,0.0,22872.83,4.0
TXN103304,2021-08-30 05:41:31,P014,CU0345,Cash,1,21171.6,0.0,21171.6,3.5
TXN103839,2021-08-30 08:54:41,P015,CU0488,Debit Card,3,22041.26,0.0,66123.78,3.0
TXN100495,2021-08-30 09:45:28,P006,CU0323,UPI,3,36368.32,0.0,109104.96,4.5
TXN102896,2021-08-30 17:38:34,P006,CU0194,Credit Card,3,19892.82,0.0,59678.46,4.0
TXN102733,2021-08-31 02:39:52,P010,CU0046,Debit Card,1,25432.87,5.0,25432.87,4.5
TXN100636,2021-08-31 12:17:40,P014,CU0183,Credit Card,2,21681.02,10.0,43362.04,3.0
TXN100237,2021-08-31 14:36:12,P004,CU0364,Credit Card,3,54774.5,15.0,164323.5,3.5
TXN103167,2021-08-31 21:58:14,P011,CU0104,Cash,1,37402.36,5.0,37402.36,5.0
TXN104094,2021-09-01 04:04:55,P005,CU0449,UPI,4,34666.21,5.0,138664.84,3.5
TXN103851,2021-09-01 06:04:43,P015,CU0391,Debit Card,1,18452.2,0.0,18452.2,5.0
TXN100218,2021-09-02 07:43:00,P009,CU0392,Debit Card,1,41083.51,0.0,41083.51,3.5
TXN103276,2021-09-03 16:37:35,P014,CU0376,UPI,1,27108.11,15.0,27108.11,5.0
TXN103933,2021-09-03 19:52:31,P014,CU0101,UPI,2,11446.78,5.0,22893.56,5.0
TXN104485,2021-09-03 21:12:05,P011,CU0289,UPI,1,49484.19,0.0,49484.19,3.0
TXN103825,2021-09-03 22:07:58,P003,CU0124,Debit Card,2,69513.14,0.0,139026.28,3.5
TXN101544,2021-09-04 10:15:13,P007,CU0161,Cash,1,64258.91,0.0,64258.91,4.0
TXN100649,2021-09-05 00:40:20,P006,CU0494,Debit Card,1,52144.67,3.0,52144.67,4.0
TXN103523,2021-09-05 01:52:17,P017,CU0057,UPI,1,22757.16,3.0,22757.16,5.0
TXN103107,2021-09-05 03:22:23,P006,CU0394,Credit Card,1,57937.99,0.0,57937.99,4.0
TXN100678,2021-09-05 08:12:31,P014,CU0156,Cash,2,34526.63,0.0,69053.26,4.0
TXN101947,2021-09-05 09:58:30,P001,CU0013,UPI,1,46060.25,8.0,46060.25,4.0
TXN101572,2021-09-05 14:13:34,P006,CU0073,Credit Card,1,39946.65,8.0,39946.65,4.0
TXN100552,2021-09-06 00:48:56,P014,CU0225,Cash,2,33542.4,0.0,67084.8,4.5
TXN100541,2021-09-06 01:07:37,P013,CU0027,Credit Card,1,24550.79,0.0,24550.79,2.0
TXN103484,2021-09-06 13:26:12,P004,CU0281,Credit Card,3,32497.58,8.0,97492.74,2.0
TXN100173,2021-09-06 18:39:35,P011,CU0073,Credit Card,4,25778.47,10.0,103113.88,3.5
TXN102779,2021-09-06 23:46:19,P010,CU0019,Cash,1,37912.48,0.0,37912.48,4.5
TXN103240,2021-09-07 05:05:41,P016,CU0301,Debit Card,1,11805.89,0.0,11805.89,4.0
TXN101505,2021-09-07 17:12:54,P010,CU0366,UPI,1,39581.46,8.0,39581.46,5.0
TXN101341,2021-09-08 09:35:46,P016,CU0483,Credit Card,2,10286.64,8.0,20573.28,5.0
TXN101531,2021-09-08 12:47:37,P001,CU0483,Debit Card,4,70930.31,0.0,283721.24,3.0
TXN103232,2021-09-08 16:13:15,P009,CU0074,UPI,2,19247.66,0.0,38495.32,3.5
TXN104234,2021-09-08 20:57:47,P008,CU0347,UPI,2,52872.43,8.0,105744.86,3.5
TXN100714,2021-09-09 16:43:47,P013,CU0146,Cash,1,23999.72,0.0,23999.72,4.5
TXN103306,2021-09-10 02:43:47,P008,CU0097,UPI,1,43198.79,10.0,43198.79,2.5
TXN102711,2021-09-10 04:37:47,P012,CU0093,Credit Card,2,14629.66,10.0,29259.32,3.5
TXN100611,2021-09-10 14:27:35,P008,CU0344,UPI,3,51028.01,0.0,153084.03,4.5
TXN101750,2021-09-10 20:24:22,P001,CU0272,Debit Card,2,70076.0,0.0,140152.0,4.5
TXN102672,2021-09-10 21:04:06,P013,CU0284,Debit Card,4,32890.78,3.0,131563.12,3.0
TXN101668,2021-09-11 05:03:30,P004,CU0086,UPI,2,69419.3,0.0,138838.6,3.5
TXN100684,2021-09-11 05:27:00,P002,CU0358,Debit Card,1,58428.53,8.0,58428.53,3.5
TXN101941,2021-09-11 05:30:48,P006,CU0225,Debit Card,2,26341.87,5.0,52683.74,3.5
TXN103360,2021-09-11 15:54:42,P007,CU0228,UPI,3,45494.83,8.0,136484.49,3.0
TXN101633,2021-09-12 15:31:40,P002,CU0460,UPI,1,39675.64,0.0,39675.64,2.5
TXN102894,2021-09-12 17:10:41,P002,CU0453,Debit Card,1,27839.61,15.0,27839.61,5.0
TXN100131,2021-09-12 17:48:52,P010,CU0442,Debit Card,1,41442.58,5.0,41442.58,4.5
TXN101415,2021-09-12 18:11:51,P005,CU0168,Cash,1,36666.79,0.0,36666.79,2.5
TXN104369,2021-09-13 00:48:06,P009,CU0071,Cash,1,38558.23,0.0,38558.23,5.0
TXN101010,2021-09-13 08:03:26,P006,CU0011,UPI,2,61162.8,5.0,122325.6,4.0
TXN100655,2021-09-13 12:35:41,P007,CU0074,Cash,4,50750.9,3.0,203003.6,5.0
TXN100257,2021-09-13 21:59:59,P005,CU0025,UPI,3,53875.97,0.0,161627.91,4.5
TXN102079,2021-09-14 02:27:15,P014,CU0129,Credit Card,3,14482.83,0.0,43448.49,3.0
TXN104319,2021-09-14 06:48:16,P009,CU0198,Cash,1,35047.73,10.0,35047.73,4.0
TXN103126,2021-09-14 16:35:11,P001,CU0091,Debit Card,1,37883.24,0.0,37883.24,3.0
TXN104084,2021-09-14 21:12:25,P005,CU0139,UPI,1,32692.77,0.0,32692.77,3.5
TXN101927,2021-09-14 22:03:33,P013,CU0422,Debit Card,2,24245.3,5.0,48490.6,3.5
TXN104194,2021-09-14 23:54:19,P011,CU0406,Credit Card,1,35989.58,0.0,35989.58,3.5
TXN102144,2021-09-15 09:07:30,P017,CU0475,Cash,1,16797.85,3.0,16797.85,5.0
TXN100104,2021-09-16 09:46:44,P004,CU0335,Debit Card,5,52194.79,15.0,260973.95,3.0
TXN100554,2021-09-16 10:14:30,P012,CU0214,Debit Card,3,13897.37,0.0,41692.11,2.5
TXN100975,2021-09-16 14:45:34,P003,CU0474,UPI,2,52499.94,0.0,104999.88,3.0
TXN104420,2021-09-17 20:31:01,P013,CU0290,Cash,2,25218.44,3.0,50436.88,5.0
TXN101138,2021-09-17 21:38:21,P015,CU0132,Cash,2,22812.46,5.0,45624.92,5.0
TXN102906,2021-09-18 10:47:47,P001,CU0089,Cash,2,48907.95,0.0,97815.9,3.5
TXN100098,2021-09-18 14:41:23,P004,CU0338,UPI,1,36574.6,0.0,36574.6,3.5
TXN104466,2021-09-18 22:40:38,P005,CU0197,Cash,1,34898.08,0.0,34898.08,4.0
TXN102007,2021-09-19 03:43:20,P013,CU0300,UPI,5,23919.95,10.0,119599.75,5.0
TXN104449,2021-09-19 21:14:31,P010,CU0303,Cash,4,41326.08,0.0,165304.32,5.0
TXN100928,2021-09-19 21:24:35,P016,CU0245,Debit Card,1,20396.54,3.0,20396.54,2.0
TXN101460,2021-09-19 21:53:45,P017,CU0075,Cash,1,20633.25,3.0,20633.25,3.5
TXN102416,2021-09-20 02:37:18,P004,CU0302,UPI,1,48604.75,0.0,48604.75,3.0
TXN100437,2021-09-20 07:02:56,P016,CU0385,Cash,1,17728.7,3.0,17728.7,4.0
TXN101837,2021-09-20 12:59:34,P002,CU0167,UPI,2,50236.29,5.0,100472.58,4.5
TXN100886,2021-09-20 21:13:40,P007,CU0105,Credit Card,2,58162.78,3.0,116325.56,3.0
TXN101118,2021-09-21 15:48:05,P010,CU0284,Debit Card,1,22708.31,5.0,22708.31,2.5
TXN102487,2021-09-21 23:37:27,P005,CU0363,Debit Card,1,22385.44,0.0,22385.44,3.5
TXN101734,2021-09-22 01:28:07,P014,CU0154,UPI,2,23743.45,0.0,47486.9,4.0
TXN103956,2021-09-22 05:11:00,P004,CU0319,UPI,3,40533.42,5.0,121600.26,3.0
TXN100061,2021-09-22 07:31:56,P004,CU0056,UPI,2,62453.93,5.0,124907.86,3.0
TXN100517,2021-09-22 08:44:27,P017,CU0174,Credit Card,1,12647.2,10.0,12647.2,1.5
TXN103182,2021-09-22 13:27:14,P010,CU0018,Debit Card,1,49291.9,0.0,49291.9,5.0
TXN104251,2021-09-22 13:50:00,P012,CU0351,UPI,2,13217.43,3.0,26434.86,4.0
TXN101909,2021-09-22 16:21:12,P001,CU0099,Credit Card,2,30626.3,0.0,61252.6,3.0
TXN100148,2021-09-22 17:26:41,P002,CU0007,UPI,1,30696.97,3.0,30696.97,4.0
TXN104253,2021-09-22 18:52:43,P001,CU0113,Debit Card,1,36346.38,0.0,36346.38,4.0
TXN103788,2021-09-22 21:47:25,P004,CU0087,Debit Card,3,57109.02,8.0,171327.06,4.5
TXN101500,2021-09-22 22:25:54,P010,CU0260,Cash,5,36127.26,0.0,180636.3,4.0
TXN103881,2021-09-23 02:56:13,P007,CU0282,Cash,3,52197.77,8.0,156593.31,2.5
TXN104152,2021-09-23 06:54:04,P001,CU0302,UPI,2,47963.43,5.0,95926.86,4.0
TXN102765,2021-09-23 10:08:29,P014,CU0318,UPI,1,23345.58,0.0,23345.58,4.0
TXN102351,2021-09-23 22:16:32,P001,CU0365,UPI,2,34237.87,0.0,68475.74,3.0
TXN102500,2021-09-24 03:54:02,P017,CU0260,Debit Card,4,19763.11,0.0,79052.44,3.5
TXN103325,2021-09-24 16:53:35,P007,CU0340,UPI,1,20927.45,8.0,20927.45,4.0
TXN102756,2021-09-25 04:33:55,P010,CU0302,Credit Card,4,19052.2,0.0,76208.8,4.0
TXN102821,2021-09-25 06:42:08,P002,CU0185,Debit Card,1,70911.01,0.0,70911.01,4.0
TXN102145,2021-09-25 09:28:23,P004,CU0402,UPI,4,65430.01,8.0,261720.04,4.0
TXN102093,2021-09-25 12:06:12,P008,CU0373,Debit Card,1,32304.9,10.0,32304.9,5.0
TXN103117,2021-09-25 13:45:20,P006,CU0017,UPI,2,34653.22,8.0,69306.44,2.0
TXN101080,2021-09-26 15:30:30,P011,CU0285,UPI,1,24854.88,8.0,24854.88,5.0
TXN102044,2021-09-27 09:51:56,P016,CU0369,Credit Card,1,29858.73,0.0,29858.73,4.5
TXN100185,2021-09-27 11:50:52,P004,CU0411,Credit Card,1,34044.47,10.0,34044.47,3.5
TXN102969,2021-09-27 18:20:43,P009,CU0299,Credit Card,3,40775.46,0.0,122326.38,4.0
TXN102816,2021-09-27 20:03:28,P016,CU0435,Cash,2,19400.8,5.0,38801.6,3.5
TXN104386,2021-09-28 01:25:44,P003,CU0338,UPI,1,56342.14,5.0,56342.14,3.0
TXN101071,2021-09-28 07:10:11,P011,CU0434,UPI,3,23719.78,8.0,71159.34,4.0
TXN101724,2021-09-28 09:28:58,P006,CU0250,UPI,1,39589.67,0.0,39589.67,3.5
TXN102021,2021-09-28 12:28:36,P014,CU0145,UPI,1,19689.79,5.0,19689.79,4.5
TXN103038,2021-09-28 21:39:57,P006,CU0437,Cash,1,37157.92,0.0,37157.92,4.0
TXN101366,2021-09-29 18:12:57,P007,CU0112,Credit Card,2,47188.6,5.0,94377.2,2.5
TXN103135,2021-09-30 06:05:40,P001,CU0299,Debit Card,3,37940.51,8.0,113821.53,4.5
TXN102423,2021-10-01 19:03:37,P017,CU0066,Cash,1,18845.64,0.0,18845.64,4.0
TXN100050,2021-10-01 19:35:02,P014,CU0063,Cash,3,12932.47,8.0,38797.41,5.0
TXN101158,2021-10-02 02:46:43,P013,CU0318,Credit Card,1,12524.67,0.0,12524.67,4.0
TXN101682,2021-10-02 02:53:14,P009,CU0107,Cash,2,27562.73,3.0,55125.46,2.5
TXN101343,2021-10-02 04:56:43,P001,CU0346,Credit Card,1,61338.71,10.0,61338.71,4.0
TXN101049,2021-10-02 07:42:33,P009,CU0123,UPI,1,44585.97,0.0,44585.97,3.0
TXN103318,2021-10-02 10:02:58,P016,CU0105,UPI,4,24500.11,0.0,98000.44,3.0
TXN101850,2021-10-02 16:19:56,P005,CU0155,UPI,2,29716.89,3.0,59433.78,4.5
TXN104076,2021-10-03 00:19:23,P002,CU0121,Debit Card,1,31129.49,10.0,31129.49,3.0
TXN102820,2021-10-03 07:03:26,P013,CU0426,Cash,2,20741.01,0.0,41482.02,4.5
TXN104472,2021-10-03 10:12:35,P002,CU0322,Debit Card,5,47758.25,10.0,238791.25,3.5
TXN104205,2021-10-03 13:11:10,P004,CU0346,UPI,1,40947.75,8.0,40947.75,5.0
TXN101169,2021-10-03 13:20:04,P016,CU0063,Credit Card,2,12605.47,5.0,25210.94,4.5
TXN103149,2021-10-03 15:20:27,P003,CU0371,UPI,1,74140.32,0.0,74140.32,4.0
TXN101790,2021-10-03 15:59:56,P011,CU0002,UPI,4,26395.95,0.0,105583.8,3.0
TXN100847,2021-10-04 13:53:47,P003,CU0288,Debit Card,1,57797.66,0.0,57797.66,4.5
TXN103624,2021-10-04 14:13:04,P009,CU0053,Cash,1,30785.78,5.0,30785.78,5.0
TXN101074,2021-10-05 00:32:11,P014,CU0023,UPI,3,21444.27,8.0,64332.81,3.5
TXN103885,2021-10-05 00:37:18,P003,CU0353,Debit Card,1,31279.13,8.0,31279.13,3.0
TXN103233,2021-10-05 06:13:40,P003,CU0078,UPI,2,68930.91,3.0,137861.82,3.0
TXN103706,2021-10-05 16:54:38,P004,CU0341,Cash,1,42548.31,3.0,42548.31,4.0
TXN104346,2021-10-06 12:05:11,P014,CU0278,UPI,1,33924.29,3.0,33924.29,3.0
TXN102166,2021-10-06 20:30:55,P006,CU0151,Cash,2,43547.68,0.0,87095.36,3.5
TXN100089,2021-10-07 17:10:54,P011,CU0276,Debit Card,2,21774.6,15.0,43549.2,4.5
TXN100438,2021-10-07 20:03:50,P003,CU0229,Cash,3,67919.9,0.0,203759.7,5.0
TXN101627,2021-10-08 09:11:09,P010,CU0155,UPI,2,32623.77,0.0,65247.54,4.5
TXN103262,2021-10-09 00:07:36,P017,CU0022,Cash,1,11396.64,15.0,11396.64,3.0
TXN100162,2021-10-09 08:46:38,P015,CU0342,Cash,2,11408.13,0.0,22816.26,3.0
TXN100412,2021-10-09 09:22:10,P012,CU0098,UPI,3,23844.84,10.0,71534.52,3.0
TXN103747,2021-10-09 13:08:41,P011,CU0485,Cash,1,29376.25,0.0,29376.25,2.5
TXN103433,2021-10-09 14:29:57,P010,CU0491,UPI,5,27188.52,10.0,135942.6,4.5
TXN103783,2021-10-09 19:46:15,P011,CU0423,Credit Card,1,16936.52,8.0,16936.52,3.5
TXN101155,2021-10-09 23:45:35,P005,CU0122,Debit Card,1,38749.37,0.0,38749.37,3.0
TXN101279,2021-10-10 03:48:21,P009,CU0162,Debit Card,4,16307.12,10.0,65228.48,2.0
TXN101225,2021-10-10 04:28:00,P003,CU0474,Credit Card,5,51919.93,5.0,259599.65,3.0
TXN102094,2021-10-10 08:49:02,P004,CU0454,Debit Card,1,60449.12,8.0,60449.12,4.5
TXN102665,2021-10-10 11:52:18,P003,CU0046,Debit Card,2,63845.12,5.0,127690.24,5.0
TXN103975,2021-10-10 16:21:02,P007,CU0256,Debit Card,2,59236.42,0.0,118472.84,4.0
TXN102859,2021-10-11 09:31:40,P002,CU0176,Debit Card,5,59134.59,3.0,295672.95,3.0
TXN101723,2021-10-11 21:31:23,P010,CU0451,UPI,3,47268.82,5.0,141806.46,4.5
TXN103643,2021-10-12 01:27:39,P012,CU0142,Credit Card,2,13012.75,15.0,26025.5,3.5
TXN101920,2021-10-13 08:21:45,P010,CU0018,UPI,2,29212.65,8.0,58425.3,5.0
TXN102660,2021-10-13 14:37:14,P013,CU0009,Credit Card,1,28670.92,5.0,28670.92,4.5
TXN104413,2021-10-13 17:39:37,P007,CU0378,Credit Card,1,44857.21,8.0,44857.21,3.0
TXN103186,2021-10-13 17:39:41,P005,CU0476,Credit Card,1,25560.73,10.0,25560.73,2.5
TXN101292,2021-10-13 19:27:28,P009,CU0462,Debit Card,2,18353.04,0.0,36706.08,4.0
TXN101841,2021-10-14 01:28:36,P017,CU0141,Credit Card,2,21108.39,5.0,42216.78,3.0
TXN104464,2021-10-14 03:38:21,P005,CU0400,UPI,2,43033.28,15.0,86066.56,4.0
TXN100110,2021-10-14 17:32:04,P013,CU0439,UPI,1,28889.52,0.0,28889.52,3.5
TXN101602,2021-10-15 05:32:20,P001,CU0074,Credit Card,1,38980.68,0.0,38980.68,3.5
TXN101457,2021-10-15 14:08:32,P005,CU0475,Cash,2,34553.19,15.0,69106.38,3.5
TXN101407,2021-10-16 13:01:49,P005,CU0297,Credit Card,4,26470.04,3.0,105880.16,4.5
TXN104114,2021-10-16 19:29:48,P014,CU0143,Credit Card,2,16694.89,0.0,33389.78,3.5
TXN104435,2021-10-17 06:36:25,P015,CU0044,Cash,5,28379.22,0.0,141896.1,5.0
TXN103321,2021-10-18 01:14:02,P011,CU0163,Cash,3,20441.01,0.0,61323.03,2.5
TXN103870,2021-10-18 13:29:22,P001,CU0097,Debit Card,1,31736.81,8.0,31736.81,4.5
TXN102256,2021-10-18 20:55:21,P009,CU0128,Credit Card,1,28118.07,10.0,28118.07,4.5
TXN100390,2021-10-19 00:58:30,P006,CU0150,Debit Card,1,53897.59,0.0,53897.59,3.5
TXN101069,2021-10-19 07:21:24,P009,CU0001,Cash,1,22663.48,0.0,22663.48,4.5
TXN104323,2021-10-19 09:36:35,P011,CU0380,UPI,1,32204.99,5.0,32204.99,3.5
TXN100132,2021-10-19 10:24:10,P016,CU0469,Debit Card,2,25212.17,8.0,50424.34,3.5
TXN101435,2021-10-19 10:30:39,P002,CU0287,UPI,2,43562.73,0.0,87125.46,4.5
TXN102150,2021-10-19 15:26:04,P006,CU0103,UPI,3,58929.46,3.0,176788.38,2.5
TXN103987,2021-10-19 18:43:25,P004,CU0296,UPI,2,50706.04,0.0,101412.08,3.0
TXN103639,2021-10-19 20:19:17,P011,CU0048,Credit Card,1,28023.79,10.0,28023.79,3.5
TXN100398,2021-10-19 20:59:26,P010,CU0120,Debit Card,1,37520.91,5.0,37520.91,3.5
TXN103882,2021-10-19 22:43:22,P006,CU0090,Debit Card,2,44861.55,10.0,89723.1,4.5
TXN103006,2021-10-19 23:28:51,P007,CU0248,UPI,1,38302.0,0.0,38302.0,3.0
TXN102808,2021-10-20 12:21:57,P009,CU0169,Debit Card,1,47645.07,0.0,47645.07,3.5
TXN103216,2021-10-20 14:16:51,P010,CU0157,Cash,5,18022.12,0.0,90110.6,4.0
TXN101311,2021-10-21 09:59:50,P008,CU0487,Cash,1,50201.68,8.0,50201.68,3.5
TXN102288,2021-10-21 17:08:01,P002,CU0103,Credit Card,2,69754.14,0.0,139508.28,3.5
TXN103773,2021-10-23 00:20:55,P015,CU0444,UPI,1,26935.64,0.0,26935.64,2.5
TXN100303,2021-10-23 01:35:15,P001,CU0112,UPI,4,46942.46,0.0,187769.84,4.0
TXN104039,2021-10-23 03:04:38,P013,CU0069,Credit Card,1,23294.44,0.0,23294.44,2.5
TXN103807,2021-10-23 04:59:47,P013,CU0232,UPI,1,16562.39,0.0,16562.39,2.5
TXN100249,2021-10-23 12:46:59,P007,CU0209,Credit Card,2,23206.6,3.0,46413.2,3.0
TXN100505,2021-10-23 22:26:02,P015,CU0452,Debit Card,2,19126.96,5.0,38253.92,5.0
TXN103878,2021-10-23 22:47:46,P003,CU0277,Credit Card,2,31439.33,0.0,62878.66,5.0
TXN100988,2021-10-25 01:27:47,P010,CU0262,Credit Card,2,33172.41,0.0,66344.82,3.5
TXN103046,2021-10-25 12:07:18,P011,CU0217,Credit Card,2,39099.14,0.0,78198.28,4.0
TXN100114,2021-10-25 18:39:22,P003,CU0274,Credit Card,2,45770.65,3.0,91541.3,5.0
TXN103610,2021-10-25 23:00:46,P005,CU0392,Cash,1,41990.04,0.0,41990.04,3.5
TXN101612,2021-10-26 06:20:49,P011,CU0227,UPI,1,42214.35,8.0,42214.35,3.5
TXN101721,2021-10-26 11:14:51,P015,CU0086,Debit Card,4,24204.79,3.0,96819.16,2.5
TXN101872,2021-10-26 13:43:15,P001,CU0141,UPI,1,53618.65,0.0,53618.65,1.5
TXN100341,2021-10-26 19:52:08,P010,CU0496,UPI,2,43852.05,5.0,87704.1,3.0
TXN103787,2021-10-27 01:51:53,P015,CU0106,Credit Card,1,23639.92,8.0,23639.92,2.5
TXN100367,2021-10-27 04:23:23,P013,CU0426,Debit Card,2,14790.95,15.0,29581.9,5.0
TXN100582,2021-10-27 10:12:44,P010,CU0011,Debit Card,4,38366.72,0.0,153466.88,4.0
TXN101102,2021-10-27 17:11:04,P011,CU0193,Debit Card,1,29631.52,0.0,29631.52,2.0
TXN102058,2021-10-28 00:51:21,P002,CU0365,Debit Card,1,35780.06,3.0,35780.06,4.0
TXN100915,2021-10-28 02:45:59,P017,CU0129,Cash,3,25427.31,5.0,76281.93,3.0
TXN104273,2021-10-28 07:47:33,P010,CU0286,Debit Card,3,20257.01,8.0,60771.03,5.0
TXN103902,2021-10-29 02:44:48,P002,CU0165,UPI,1,66993.42,0.0,66993.42,3.5
TXN104201,2021-10-29 23:24:51,P012,CU0265,Cash,2,27327.44,5.0,54654.88,3.5
TXN100790,2021-10-30 10:50:23,P014,CU0393,UPI,5,21523.08,8.0,107615.4,5.0
TXN102236,2021-10-30 18:18:31,P002,CU0418,UPI,1,52718.83,10.0,52718.83,4.5
TXN104416,2021-10-31 07:31:22,P008,CU0350,UPI,1,37342.58,3.0,37342.58,3.0
TXN102227,2021-10-31 18:10:58,P012,CU0035,UPI,2,20282.29,0.0,40564.58,4.5
TXN100558,2021-11-02 02:46:37,P004,CU0264,Debit Card,5,42104.48,0.0,210522.4,5.0
TXN102955,2021-11-02 04:39:43,P002,CU0460,Credit Card,4,42216.9,5.0,168867.6,2.5
TXN103676,2021-11-02 10:32:54,P001,CU0001,UPI,1,63607.86,0.0,63607.86,3.0
TXN103750,2021-11-02 11:05:32,P004,CU0431,Debit Card,1,48183.84,8.0,48183.84,4.5
TXN102855,2021-11-02 14:28:21,P004,CU0482,Cash,1,38390.83,3.0,38390.83,3.5
TXN103561,2021-11-02 21:07:34,P012,CU0475,Credit Card,1,30480.55,8.0,30480.55,3.5
TXN101309,2021-11-03 11:47:23,P002,CU0312,Credit Card,3,54599.64,10.0,163798.92,4.0
TXN100189,2021-11-03 16:49:22,P002,CU0309,Cash,3,34328.92,5.0,102986.76,4.0
TXN102399,2021-11-04 00:53:14,P004,CU0057,Debit Card,1,38347.86,10.0,38347.86,3.5
TXN100771,2021-11-04 02:26:22,P011,CU0180,UPI,2,18904.41,0.0,37808.82,3.0
TXN104160,2021-11-04 08:23:32,P003,CU0116,UPI,1,52265.21,10.0,52265.21,3.5
TXN104459,2021-11-04 09:14:47,P004,CU0470,Debit Card,1,64718.8,8.0,64718.8,4.0
TXN103761,2021-11-04 22:28:50,P010,CU0233,Debit Card,3,31594.93,8.0,94784.79,2.5
TXN100414,2021-11-05 15:02:20,P001,CU0332,UPI,1,67463.31,5.0,67463.31,4.0
TXN101116,2021-11-05 22:46:33,P016,CU0446,UPI,4,19099.21,8.0,76396.84,4.0
TXN102813,2021-11-06 04:16:08,P003,CU0204,UPI,1,50313.37,0.0,50313.37,4.0
TXN104377,2021-11-06 14:14:19,P001,CU0048,Credit Card,1,45733.7,0.0,45733.7,4.0
TXN100183,2021-11-06 17:10:28,P012,CU0453,Debit Card,3,20970.08,0.0,62910.24,4.5
TXN100090,2021-11-06 19:43:38,P004,CU0452,Cash,1,41015.91,5.0,41015.91,2.5
TXN100865,2021-11-07 12:26:17,P001,CU0036,Debit Card,1,55805.59,8.0,55805.59,3.0
TXN104015,2021-11-07 23:14:35,P008,CU0094,Credit Card,5,50442.4,0.0,252212.0,5.0
TXN103806,2021-11-08 03:46:40,P014,CU0326,Cash,4,13257.74,0.0,53030.96,2.5
TXN100356,2021-11-08 10:38:36,P003,CU0103,Debit Card,1,71471.26,0.0,71471.26,3.5
TXN100502,2021-11-09 09:05:40,P003,CU0398,UPI,2,55961.44,0.0,111922.88,3.0
TXN101603,2021-11-09 23:16:52,P010,CU0197,UPI,2,37010.84,5.0,74021.68,4.5
TXN102189,2021-11-10 02:03:55,P002,CU0039,Credit Card,1,65641.61,0.0,65641.61,4.5
TXN100073,2021-11-10 02:18:39,P014,CU0254,UPI,1,34883.58,0.0,34883.58,3.0
TXN103721,2021-11-10 04:45:48,P008,CU0140,Cash,3,51734.35,3.0,155203.05,4.0
TXN100549,2021-11-10 06:36:47,P006,CU0343,Cash,1,33924.21,5.0,33924.21,2.5
TXN102025,2021-11-10 08:27:04,P005,CU0251,Cash,1,48116.72,8.0,48116.72,4.5
TXN104131,2021-11-10 09:55:49,P009,CU0279,Cash,4,23158.06,5.0,92632.24,3.0
TXN104193,2021-11-11 05:53:22,P016,CU0091,Debit Card,2,20435.74,5.0,40871.48,5.0
TXN101604,2021-11-11 12:15:16,P005,CU0470,Debit Card,1,18536.27,0.0,18536.27,3.5
TXN102613,2021-11-11 18:04:47,P011,CU0012,UPI,1,17886.9,8.0,17886.9,4.0
TXN102710,2021-11-11 19:50:55,P005,CU0303,Debit Card,5,58042.99,5.0,290214.95,3.0
TXN103848,2021-11-11 22:30:43,P008,CU0143,Credit Card,3,31669.46,8.0,95008.38,4.0
TXN103803,2021-11-12 08:46:03,P014,CU0332,UPI,2,27510.96,10.0,55021.92,4.5
TXN100077,2021-11-12 20:30:43,P002,CU0065,UPI,1,46230.63,3.0,46230.63,3.5
TXN102232,2021-11-12 20:33:56,P003,CU0380,Cash,4,35760.14,8.0,143040.56,3.5
TXN104236,2021-11-13 08:10:36,P010,CU0071,Debit Card,3,20474.14,5.0,61422.42,2.0
TXN101574,2021-11-13 09:40:59,P005,CU0195,Cash,1,36204.82,3.0,36204.82,2.0
TXN101826,2021-11-13 10:32:07,P012,CU0318,Cash,1,20837.28,3.0,20837.28,3.5
TXN103672,2021-11-13 22:10:01,P009,CU0211,Debit Card,2,23402.3,0.0,46804.6,3.5
TXN103178,2021-11-14 15:50:29,P004,CU0370,Debit Card,1,43064.52,15.0,43064.52,3.5
TXN102901,2021-11-14 18:47:38,P001,CU0148,Credit Card,2,42125.49,10.0,84250.98,4.5
TXN102536,2021-11-15 01:27:19,P011,CU0051,Cash,2,43652.0,10.0,87304.0,4.5
TXN101149,2021-11-15 08:53:36,P002,CU0493,UPI,2,59756.46,8.0,119512.92,5.0
TXN102421,2021-11-15 12:59:57,P012,CU0360,UPI,1,32657.31,3.0,32657.31,5.0
TXN103239,2021-11-15 22:22:17,P016,CU0426,Credit Card,3,26018.44,0.0,78055.32,3.5
TXN101231,2021-11-16 16:11:02,P006,CU0469,UPI,1,46250.72,5.0,46250.72,4.5
TXN103652,2021-11-16 19:15:55,P004,CU0234,Debit Card,2,28373.82,10.0,56747.64,3.5
TXN100879,2021-11-17 04:30:06,P008,CU0312,Cash,2,50312.31,0.0,100624.62,4.0
TXN101372,2021-11-17 06:28:42,P005,CU0486,Cash,1,61982.99,0.0,61982.99,4.0
TXN102310,2021-11-17 19:02:25,P009,CU0151,Credit Card,4,43894.12,0.0,175576.48,3.0
TXN102455,2021-11-18 00:41:15,P006,CU0180,Credit Card,1,29019.96,5.0,29019.96,4.0
TXN100849,2021-11-18 02:53:07,P007,CU0423,Credit Card,2,60496.08,5.0,120992.16,3.0
TXN101524,2021-11-18 09:23:50,P017,CU0376,Debit Card,2,23482.56,5.0,46965.12,3.0
TXN102876,2021-11-19 03:51:51,P016,CU0297,Debit Card,2,11386.85,5.0,22773.7,4.0
TXN100637,2021-11-19 04:48:21,P005,CU0487,Credit Card,1,38966.54,5.0,38966.54,5.0
TXN104309,2021-11-19 13:46:28,P003,CU0429,UPI,4,60996.32,5.0,243985.28,4.0
TXN102210,2021-11-19 21:48:10,P014,CU0323,Debit Card,1,13572.46,3.0,13572.46,4.0
TXN102506,2021-11-20 08:41:16,P003,CU0104,Cash,1,56502.09,3.0,56502.09,4.0
TXN102471,2021-11-20 14:11:44,P014,CU0138,Cash,1,11465.96,10.0,11465.96,3.5
TXN101804,2021-11-20 14:46:36,P005,CU0339,Credit Card,2,17722.2,10.0,35444.4,3.0
TXN103637,2021-11-20 15:09:33,P002,CU0389,UPI,2,47409.08,0.0,94818.16,3.0
TXN101700,2021-11-20 20:41:37,P013,CU0354,Credit Card,1,14191.49,0.0,14191.49,4.0
TXN102629,2021-11-20 21:27:41,P016,CU0475,Debit Card,3,10369.0,5.0,31107.0,2.5
TXN103130,2021-11-21 14:24:20,P013,CU0185,Cash,2,27260.02,10.0,54520.04,4.5
TXN102040,2021-11-21 15:45:17,P017,CU0238,UPI,2,24462.99,0.0,48925.98,2.0
TXN104036,2021-11-22 05:05:42,P006,CU0159,Debit Card,2,42383.07,0.0,84766.14,4.0
TXN102871,2021-11-22 07:09:26,P006,CU0480,UPI,2,45092.2,0.0,90184.4,3.0
TXN102755,2021-11-22 08:24:39,P010,CU0346,UPI,2,46386.07,0.0,92772.14,4.0
TXN103410,2021-11-22 12:38:07,P009,CU0389,Debit Card,1,39999.88,8.0,39999.88,4.0
TXN104210,2021-11-22 14:25:46,P004,CU0285,Credit Card,2,38196.0,3.0,76392.0,4.5
TXN101829,2021-11-22 17:51:21,P017,CU0045,Cash,3,9979.91,8.0,29939.73,4.5
TXN101039,2021-11-22 22:28:29,P003,CU0313,Credit Card,1,51070.55,0.0,51070.55,2.5
TXN104239,2021-11-23 10:58:23,P004,CU0363,Debit Card,5,66147.4,5.0,330737.0,4.5
TXN100067,2021-11-23 14:25:59,P010,CU0023,Credit Card,1,36830.0,5.0,36830.0,4.5
TXN101145,2021-11-23 23:37:23,P003,CU0114,Debit Card,1,36805.48,0.0,36805.48,2.5
TXN101660,2021-11-24 00:06:40,P012,CU0150,Debit Card,5,30759.62,8.0,153798.1,4.5
TXN103035,2021-11-24 11:44:04,P016,CU0196,UPI,1,10222.82,8.0,10222.82,4.5
TXN100109,2021-11-24 12:59:33,P009,CU0342,Cash,1,30154.67,5.0,30154.67,3.0
TXN100163,2021-11-24 17:28:00,P017,CU0424,Cash,1,11273.36,3.0,11273.36,2.5
TXN100743,2021-11-24 18:00:22,P012,CU0022,Credit Card,1,12434.26,10.0,12434.26,3.0
TXN101887,2021-11-24 18:12:05,P002,CU0207,Debit Card,3,36918.46,0.0,110755.38,2.5
TXN103965,2021-11-25 09:33:41,P001,CU0500,Debit Card,1,36528.03,10.0,36528.03,2.5
TXN100514,2021-11-25 10:24:44,P010,CU0265,Debit Card,3,31658.81,8.0,94976.43,4.5
TXN101732,2021-11-25 20:43:53,P002,CU0433,Credit Card,2,57380.23,15.0,114760.46,4.0
TXN100269,2021-11-26 01:27:25,P005,CU0059,Credit Card,4,23651.05,10.0,94604.2,3.5
TXN100663,2021-11-26 04:23:09,P016,CU0343,UPI,2,18895.28,0.0,37790.56,2.5
TXN100301,2021-11-26 04:57:57,P003,CU0410,UPI,2,42663.67,15.0,85327.34,3.0
TXN104046,2021-11-27 12:58:08,P004,CU0409,UPI,2,63477.72,10.0,126955.44,4.5
TXN104440,2021-11-27 15:59:14,P010,CU0031,Cash,4,23975.85,5.0,95903.4,4.5
TXN103507,2021-11-27 16:35:49,P010,CU0389,Debit Card,1,27595.84,3.0,27595.84,5.0
TXN101624,2021-11-28 16:49:06,P006,CU0162,Credit Card,1,50137.89,3.0,50137.89,2.0
TXN102860,2021-11-28 20:01:07,P013,CU0437,Cash,2,17187.08,10.0,34374.16,3.5
TXN103118,2021-11-29 01:29:47,P011,CU0220,Debit Card,2,26734.27,0.0,53468.54,4.0
TXN101693,2021-11-29 13:37:29,P009,CU0314,Debit Card,1,27745.64,3.0,27745.64,4.5
TXN102657,2021-11-29 16:24:35,P008,CU0090,Credit Card,2,28330.78,5.0,56661.56,4.5
TXN101396,2021-11-30 10:18:59,P003,CU0229,Cash,3,54573.7,5.0,163721.1,5.0
TXN103762,2021-11-30 12:47:54,P016,CU0180,UPI,2,17729.46,0.0,35458.92,3.5
TXN103078,2021-11-30 16:59:08,P015,CU0148,UPI,1,16468.59,5.0,16468.59,4.5
TXN102770,2021-12-01 06:36:43,P010,CU0391,UPI,2,32592.66,0.0,65185.32,3.0
TXN100326,2021-12-01 10:21:24,P010,CU0348,UPI,3,24403.33,3.0,73209.99,4.0
TXN102117,2021-12-01 10:56:15,P010,CU0150,Cash,3,26743.09,0.0,80229.27,5.0
TXN100383,2021-12-01 20:02:46,P014,CU0212,Credit Card,1,20777.04,0.0,20777.04,4.5
TXN103012,2021-12-01 20:05:44,P002,CU0408,Debit Card,1,47117.57,5.0,47117.57,3.5
TXN102271,2021-12-02 11:24:53,P014,CU0240,Credit Card,2,32111.99,8.0,64223.98,2.0
TXN102604,2021-12-02 14:55:04,P009,CU0370,Debit Card,2,24584.3,3.0,49168.6,4.0
TXN103534,2021-12-02 23:53:42,P016,CU0368,Cash,1,19774.91,3.0,19774.91,2.0
TXN102625,2021-12-03 04:20:07,P005,CU0294,Credit Card,1,43927.0,0.0,43927.0,3.0
TXN102804,2021-12-03 05:43:08,P007,CU0089,Credit Card,1,38927.37,8.0,38927.37,4.5
TXN103551,2021-12-03 08:26:46,P013,CU0023,Credit Card,1,26974.96,0.0,26974.96,1.5
TXN102560,2021-12-03 17:14:16,P015,CU0149,Debit Card,1,29962.98,0.0,29962.98,4.5
TXN101373,2021-12-04 00:42:53,P001,CU0187,Credit Card,1,67295.11,5.0,67295.11,4.0
TXN103722,2021-12-04 02:29:19,P010,CU0078,Debit Card,3,46849.35,3.0,140548.05,4.5
TXN101208,2021-12-04 18:07:06,P016,CU0113,UPI,4,24534.85,0.0,98139.4,4.5
TXN101799,2021-12-04 20:32:43,P007,CU0398,Credit Card,1,51548.93,5.0,51548.93,3.5
TXN100750,2021-12-04 21:17:28,P014,CU0478,UPI,5,22687.48,10.0,113437.4,4.5
TXN103055,2021-12-05 04:51:33,P003,CU0414,UPI,4,66835.71,0.0,267342.84,2.0
TXN100904,2021-12-06 01:07:51,P017,CU0142,Credit Card,1,25301.98,0.0,25301.98,2.0
TXN102795,2021-12-06 04:32:17,P009,CU0152,UPI,2,20686.03,5.0,41372.06,3.5
TXN101034,2021-12-06 05:37:28,P008,CU0090,Cash,2,58681.82,5.0,117363.64,3.5
TXN102865,2021-12-06 10:51:15,P013,CU0071,Credit Card,4,12069.92,0.0,48279.68,2.5
TXN100699,2021-12-06 12:58:50,P002,CU0352,Debit Card,1,57362.03,8.0,57362.03,3.5
TXN102253,2021-12-06 15:26:40,P012,CU0152,UPI,2,32158.36,5.0,64316.72,3.5
TXN101494,2021-12-06 17:19:25,P008,CU0395,Credit Card,2,29419.49,3.0,58838.98,5.0
TXN101062,2021-12-06 17:59:58,P014,CU0346,UPI,2,18446.13,8.0,36892.26,3.0
TXN103474,2021-12-07 11:06:02,P004,CU0110,UPI,2,42150.29,5.0,84300.58,3.0
TXN104460,2021-12-07 17:13:49,P007,CU0352,UPI,2,24862.33,0.0,49724.66,3.5
TXN102530,2021-12-10 01:08:47,P012,CU0372,UPI,2,24644.03,3.0,49288.06,2.5
TXN102200,2021-12-10 04:11:03,P004,CU0433,UPI,4,69338.94,0.0,277355.76,5.0
TXN101241,2021-12-10 08:26:38,P013,CU0189,Debit Card,3,15616.99,0.0,46850.97,4.0
TXN102766,2021-12-10 19:20:18,P010,CU0060,Cash,2,23408.7,3.0,46817.4,3.0
TXN100985,2021-12-10 20:14:40,P014,CU0047,Debit Card,1,12786.2,0.0,12786.2,4.5
TXN101441,2021-12-11 07:11:06,P010,CU0156,UPI,1,41140.73,8.0,41140.73,3.5
TXN101153,2021-12-11 09:47:47,P003,CU0005,Credit Card,2,66666.41,0.0,133332.82,4.0
TXN102250,2021-12-11 11:28:19,P013,CU0411,Cash,4,28292.23,0.0,113168.92,4.0
TXN101374,2021-12-11 11:41:45,P007,CU0335,Cash,1,26838.42,3.0,26838.42,3.5
TXN103099,2021-12-11 19:49:18,P005,CU0197,UPI,5,36348.98,0.0,181744.9,4.0
TXN103679,2021-12-12 07:20:48,P002,CU0157,Cash,2,44554.03,8.0,89108.06,3.0
TXN103680,2021-12-12 13:51:50,P006,CU0091,Debit Card,3,18751.14,3.0,56253.42,4.5
TXN100081,2021-12-12 17:25:58,P009,CU0474,Credit Card,3,35743.98,10.0,107231.94,4.5
TXN102992,2021-12-12 19:30:25,P016,CU0061,Cash,5,22865.36,10.0,114326.8,5.0
TXN101042,2021-12-13 02:47:05,P001,CU0290,Credit Card,2,67404.78,8.0,134809.56,2.0
TXN101753,2021-12-13 05:52:11,P012,CU0362,Credit Card,1,30317.51,5.0,30317.51,3.5
TXN104132,2021-12-13 09:45:33,P011,CU0224,UPI,1,27984.88,10.0,27984.88,3.5
TXN102683,2021-12-13 11:32:19,P007,CU0069,Debit Card,2,61261.22,0.0,122522.44,3.5
TXN100261,2021-12-13 17:41:53,P009,CU0255,Credit Card,1,24468.3,0.0,24468.3,2.5
TXN102262,2021-12-14 09:19:04,P012,CU0167,Cash,1,27923.62,0.0,27923.62,4.5
TXN103372,2021-12-15 03:45:01,P015,CU0241,Debit Card,1,22795.23,8.0,22795.23,4.0
TXN103329,2021-12-15 21:27:18,P007,CU0246,Credit Card,4,42576.53,15.0,170306.12,4.0
TXN104206,2021-12-16 01:37:00,P017,CU0491,UPI,4,20434.86,10.0,81739.44,2.5
TXN103736,2021-12-16 05:43:22,P014,CU0468,UPI,3,14324.93,3.0,42974.79,3.5
TXN104382,2021-12-17 04:56:33,P003,CU0026,Credit Card,2,48152.7,5.0,96305.4,4.0
TXN100000,2021-12-17 06:31:27,P005,CU0038,Credit Card,1,19805.41,8.0,19805.41,3.5
TXN103004,2021-12-17 12:45:27,P009,CU0019,Debit Card,2,28004.24,0.0,56008.48,5.0
TXN101478,2021-12-17 12:54:31,P004,CU0376,UPI,5,41170.17,10.0,205850.85,4.0
TXN104448,2021-12-17 20:17:43,P013,CU0154,Credit Card,5,29632.99,0.0,148164.95,3.5
TXN102714,2021-12-17 23:08:39,P012,CU0007,Debit Card,4,24216.4,0.0,96865.6,4.0
TXN102761,2021-12-18 02:46:21,P014,CU0361,Credit Card,1,17184.3,0.0,17184.3,3.5
TXN104141,2021-12-18 13:15:03,P005,CU0061,UPI,2,61537.82,5.0,123075.64,4.5
TXN101766,2021-12-18 17:58:08,P002,CU0420,Cash,1,43786.34,3.0,43786.34,4.0
TXN102002,2021-12-18 21:15:05,P015,CU0428,UPI,2,10783.79,0.0,21567.58,4.0
TXN100395,2021-12-18 23:08:27,P006,CU0416,Credit Card,5,35608.36,0.0,178041.8,4.0
TXN100272,2021-12-19 03:51:05,P016,CU0350,Credit Card,2,23969.57,3.0,47939.14,4.5
TXN100420,2021-12-20 00:33:34,P007,CU0004,Cash,3,40707.09,0.0,122121.27,3.5
TXN103568,2021-12-20 02:13:02,P016,CU0098,UPI,1,14267.2,5.0,14267.2,2.5
TXN100848,2021-12-20 03:21:23,P012,CU0039,Credit Card,1,25511.06,10.0,25511.06,3.0
TXN102283,2021-12-20 04:53:16,P003,CU0495,Debit Card,1,37052.36,0.0,37052.36,4.5
TXN102202,2021-12-20 06:06:21,P003,CU0381,UPI,1,64125.25,8.0,64125.25,5.0
TXN103943,2021-12-20 11:09:54,P015,CU0049,Credit Card,1,14182.56,0.0,14182.56,4.5
TXN102549,2021-12-21 01:00:59,P002,CU0338,Debit Card,1,29167.2,10.0,29167.2,4.5
TXN100054,2021-12-21 09:03:16,P004,CU0346,Debit Card,1,41507.91,10.0,41507.91,4.0
TXN102212,2021-12-21 20:09:12,P002,CU0484,Debit Card,2,43245.2,3.0,86490.4,4.0
TXN100877,2021-12-21 22:28:06,P004,CU0108,Debit Card,2,41903.34,5.0,83806.68,5.0
TXN101589,2021-12-21 23:36:38,P003,CU0345,UPI,2,57799.66,3.0,115599.32,3.0
TXN101027,2021-12-22 06:35:39,P008,CU0181,UPI,1,32713.1,5.0,32713.1,3.5
TXN102185,2021-12-23 13:57:40,P011,CU0436,Cash,2,29429.25,8.0,58858.5,3.0
TXN102897,2021-12-23 21:46:46,P007,CU0225,UPI,1,46294.52,0.0,46294.52,4.5
TXN101247,2021-12-23 23:20:42,P005,CU0098,Debit Card,1,23302.69,5.0,23302.69,5.0
TXN103172,2021-12-23 23:25:52,P006,CU0274,Credit Card,2,20611.14,0.0,41222.28,3.5
TXN100019,2021-12-24 05:50:50,P009,CU0292,UPI,1,27527.58,15.0,27527.58,4.0
TXN101101,2021-12-24 16:45:03,P016,CU0197,Credit Card,1,23140.35,5.0,23140.35,3.5
TXN102309,2021-12-25 04:24:37,P005,CU0172,Cash,3,25060.87,5.0,75182.61,4.0
TXN100214,2021-12-25 08:32:12,P015,CU0070,Debit Card,2,18568.35,0.0,37136.7,3.5
TXN104384,2021-12-26 00:50:51,P017,CU0210,Debit Card,2,13330.07,5.0,26660.14,4.5
TXN104424,2021-12-26 01:31:23,P003,CU0036,Debit Card,1,42441.35,5.0,42441.35,2.5
TXN100368,2021-12-26 16:56:09,P006,CU0397,Cash,4,57259.31,5.0,229037.24,2.0
TXN102340,2021-12-26 21:11:21,P015,CU0043,Credit Card,1,17158.7,8.0,17158.7,3.5
TXN104154,2021-12-27 00:10:54,P013,CU0080,Credit Card,3,17841.89,0.0,53525.67,3.5
TXN101568,2021-12-27 10:37:43,P011,CU0290,Cash,2,27736.9,3.0,55473.8,2.5
TXN102959,2021-12-28 01:01:57,P013,CU0313,Credit Card,3,14616.6,3.0,43849.8,4.0
TXN100984,2021-12-28 08:07:24,P017,CU0134,Debit Card,2,28227.61,0.0,56455.22,4.5
TXN102206,2021-12-28 09:25:12,P002,CU0180,UPI,4,28983.56,10.0,115934.24,3.5
TXN103138,2021-12-28 16:22:09,P015,CU0071,Cash,1,19513.51,8.0,19513.51,2.5
TXN101014,2021-12-28 21:26:23,P003,CU0110,UPI,2,61024.99,0.0,122049.98,3.0
TXN102950,2021-12-29 11:52:34,P015,CU0381,Debit Card,2,18564.1,3.0,37128.2,4.0
TXN101582,2021-12-29 20:21:27,P014,CU0474,Debit Card,4,24017.64,0.0,96070.56,3.5
TXN102033,2021-12-30 17:17:31,P005,CU0465,Debit Card,1,50264.66,0.0,50264.66,4.0
TXN100971,2021-12-31 00:45:48,P004,CU0101,UPI,2,67993.24,0.0,135986.48,3.0
TXN102103,2021-12-31 08:00:54,P006,CU0325,Debit Card,1,32079.65,3.0,32079.65,4.5
TXN100247,2021-12-31 14:44:22,P003,CU0070,Cash,2,44891.99,8.0,89783.98,4.5
TXN102067,2021-12-31 17:03:56,P009,CU0467,Cash,2,39712.5,5.0,79425.0,4.0
TXN100652,2021-12-31 21:23:08,P015,CU0461,Credit Card,5,15354.21,0.0,76771.05,3.5
TXN101128,2021-12-31 22:56:12,P010,CU0221,Cash,2,35035.64,10.0,70071.28,3.5
TXN102824,2022-01-01 00:18:40,P006,CU0134,UPI,4,54972.6,5.0,219890.4,3.0
TXN100033,2022-01-01 02:51:02,P009,CU0436,UPI,1,45769.63,0.0,45769.63,3.5
TXN102996,2022-01-01 07:17:32,P008,CU0055,Debit Card,1,32276.17,0.0,32276.17,2.5
TXN104454,2022-01-01 08:48:10,P002,CU0138,Cash,1,60442.7,8.0,60442.7,2.5
TXN102919,2022-01-02 02:25:28,P009,CU0310,Credit Card,3,39244.0,8.0,117732.0,4.0
TXN101429,2022-01-02 06:18:10,P017,CU0119,Cash,1,16843.05,10.0,16843.05,4.5
TXN101698,2022-01-03 02:26:43,P010,CU0007,Credit Card,3,45858.02,0.0,137574.06,3.5
TXN104200,2022-01-03 02:29:47,P001,CU0091,UPI,2,41675.67,5.0,83351.34,3.0
TXN103109,2022-01-03 03:57:10,P004,CU0419,Credit Card,3,46522.75,0.0,139568.25,4.5
TXN103061,2022-01-03 05:55:22,P002,CU0169,UPI,1,37940.87,0.0,37940.87,5.0
TXN103270,2022-01-03 11:35:22,P003,CU0206,UPI,2,33014.38,0.0,66028.76,4.5
TXN102180,2022-01-03 23:28:39,P010,CU0012,Cash,1,36280.17,0.0,36280.17,3.5
TXN102442,2022-01-04 14:09:44,P009,CU0146,Debit Card,1,37662.78,0.0,37662.78,5.0
TXN103365,2022-01-04 22:21:45,P007,CU0201,UPI,1,42419.42,5.0,42419.42,4.5
TXN100327,2022-01-04 22:24:08,P009,CU0468,Credit Card,2,34876.3,3.0,69752.6,3.0
TXN104426,2022-01-05 16:25:22,P003,CU0218,UPI,1,35671.13,0.0,35671.13,4.0
TXN101481,2022-01-05 16:55:14,P012,CU0030,UPI,3,14175.16,8.0,42525.48,4.5
TXN102599,2022-01-06 00:56:40,P006,CU0205,UPI,1,55921.36,5.0,55921.36,4.0
TXN103853,2022-01-06 04:52:00,P012,CU0070,Debit Card,1,30109.75,8.0,30109.75,3.0
TXN101536,2022-01-06 18:44:51,P016,CU0331,Cash,3,14039.38,8.0,42118.14,3.5
TXN100201,2022-01-06 23:07:25,P008,CU0500,Cash,2,57625.44,5.0,115250.88,3.5
TXN103185,2022-01-07 02:21:18,P007,CU0066,Debit Card,1,53687.33,5.0,53687.33,3.5
TXN102893,2022-01-07 07:03:02,P002,CU0027,Cash,2,67271.91,3.0,134543.82,3.5
TXN101670,2022-01-07 18:49:02,P003,CU0143,Debit Card,4,39372.37,0.0,157489.48,2.5
TXN101255,2022-01-08 08:49:33,P015,CU0350,Cash,3,23934.58,0.0,71803.74,5.0
TXN101439,2022-01-08 14:08:13,P017,CU0406,Credit Card,1,10889.28,10.0,10889.28,4.5
TXN104292,2022-01-09 11:11:44,P006,CU0255,Cash,1,35121.1,8.0,35121.1,3.0
TXN103392,2022-01-09 15:40:34,P004,CU0198,Credit Card,2,38489.5,3.0,76979.0,4.0
TXN103445,2022-01-10 03:37:15,P009,CU0167,Cash,1,30001.62,10.0,30001.62,2.0
TXN102615,2022-01-10 04:17:22,P005,CU0395,Cash,1,46304.26,10.0,46304.26,5.0
TXN102570,2022-01-10 20:11:12,P003,CU0069,Credit Card,4,37579.41,8.0,150317.64,2.5
TXN104480,2022-01-10 23:55:00,P012,CU0145,Credit Card,3,25022.73,0.0,75068.19,2.0
TXN103595,2022-01-11 00:39:45,P015,CU0468,Debit Card,1,15628.37,8.0,15628.37,3.5
TXN102398,2022-01-11 22:22:24,P016,CU0116,UPI,2,12517.81,0.0,25035.62,3.0
TXN100942,2022-01-12 08:26:33,P006,CU0105,UPI,3,42160.76,0.0,126482.28,4.5
TXN102361,2022-01-12 11:14:39,P006,CU0068,Debit Card,3,40400.79,10.0,121202.37,3.0
TXN100246,2022-01-12 14:32:52,P010,CU0339,Debit Card,2,34903.96,0.0,69807.92,3.0
TXN101969,2022-01-12 18:10:32,P010,CU0387,Debit Card,3,26624.43,3.0,79873.29,4.0
TXN103354,2022-01-12 19:22:55,P016,CU0023,Debit Card,2,9095.33,10.0,18190.66,3.0
TXN104277,2022-01-12 19:27:59,P005,CU0306,Credit Card,3,18741.93,8.0,56225.79,4.0
TXN100917,2022-01-12 20:06:48,P001,CU0053,Cash,2,49747.47,15.0,99494.94,3.5
TXN100108,2022-01-14 08:50:58,P005,CU0318,Credit Card,1,39368.15,0.0,39368.15,4.0
TXN102065,2022-01-14 16:07:57,P010,CU0099,Cash,1,42207.01,0.0,42207.01,4.5
TXN101204,2022-01-14 20:51:48,P015,CU0227,Debit Card,2,17300.04,3.0,34600.08,3.5
TXN103112,2022-01-15 05:45:28,P014,CU0262,UPI,1,12781.27,0.0,12781.27,2.5
TXN102477,2022-01-15 11:28:27,P001,CU0393,Credit Card,2,47046.53,8.0,94093.06,3.5
TXN104405,2022-01-15 23:13:40,P002,CU0489,UPI,3,42733.43,10.0,128200.29,3.0
TXN102247,2022-01-17 16:42:50,P003,CU0340,Credit Card,1,46213.55,8.0,46213.55,3.5
TXN101469,2022-01-17 16:43:35,P007,CU0447,Debit Card,2,52255.56,0.0,104511.12,5.0
TXN101657,2022-01-17 16:45:37,P005,CU0401,Cash,1,21796.66,8.0,21796.66,3.0
TXN101462,2022-01-18 14:08:31,P015,CU0271,Cash,1,23551.81,0.0,23551.81,4.0
TXN103702,2022-01-19 04:15:03,P014,CU0215,Debit Card,2,23846.7,10.0,47693.4,4.5
TXN103884,2022-01-19 23:53:35,P011,CU0262,Debit Card,4,45419.38,5.0,181677.52,3.5
TXN102563,2022-01-20 05:36:11,P011,CU0079,Cash,2,34885.83,0.0,69771.66,3.5
TXN102320,2022-01-20 05:44:10,P002,CU0160,Debit Card,3,68846.86,0.0,206540.58,3.5
TXN103657,2022-01-20 10:21:44,P005,CU0026,Debit Card,3,54339.78,0.0,163019.34,5.0
TXN100770,2022-01-21 03:54:02,P006,CU0329,Debit Card,1,49163.9,3.0,49163.9,5.0
TXN101201,2022-01-21 11:02:08,P004,CU0100,Debit Card,1,40426.11,3.0,40426.11,3.0
TXN101347,2022-01-21 12:40:59,P009,CU0270,Credit Card,2,39094.2,5.0,78188.4,3.0
TXN102622,2022-01-22 10:41:13,P016,CU0192,Credit Card,1,28831.81,3.0,28831.81,5.0
TXN103567,2022-01-22 16:24:25,P012,CU0089,Cash,1,11100.5,8.0,11100.5,3.5
TXN102137,2022-01-22 21:38:48,P016,CU0348,UPI,5,25850.94,0.0,129254.7,3.0
TXN102003,2022-01-23 04:41:32,P001,CU0389,UPI,2,60723.62,10.0,121447.24,5.0
TXN101797,2022-01-23 09:36:15,P004,CU0492,Credit Card,1,55549.02,3.0,55549.02,3.0
TXN102818,2022-01-23 09:36:15,P015,CU0352,Debit Card,1,10346.54,5.0,10346.54,4.0
TXN100537,2022-01-23 12:59:05,P005,CU0489,Debit Card,2,49216.5,0.0,98433.0,2.0
TXN103526,2022-01-23 15:59:42,P006,CU0110,Credit Card,2,40679.74,3.0,81359.48,4.0
TXN100936,2022-01-24 02:10:50,P009,CU0407,Credit Card,1,42424.61,0.0,42424.61,3.5
TXN102382,2022-01-24 08:15:28,P003,CU0286,Cash,1,28967.89,10.0,28967.89,5.0
TXN101638,2022-01-25 05:58:09,P013,CU0384,Cash,2,13804.95,8.0,27609.9,5.0
TXN104129,2022-01-25 11:42:22,P006,CU0327,Credit Card,2,52745.9,10.0,105491.8,4.0
TXN104166,2022-01-25 17:33:38,P012,CU0258,Debit Card,1,17954.37,0.0,17954.37,3.0
TXN101319,2022-01-25 19:14:26,P009,CU0173,Credit Card,1,18714.22,0.0,18714.22,4.0
TXN101474,2022-01-26 06:18:54,P016,CU0161,Credit Card,2,18121.84,5.0,36243.68,4.0
TXN102231,2022-01-26 17:05:04,P006,CU0317,UPI,4,26655.61,3.0,106622.44,5.0
TXN103382,2022-01-26 23:25:18,P008,CU0059,Credit Card,1,21822.68,5.0,21822.68,2.0
TXN101811,2022-01-27 10:13:14,P012,CU0413,Credit Card,1,26028.01,5.0,26028.01,5.0
TXN100857,2022-01-27 11:10:48,P008,CU0003,Debit Card,3,37970.61,15.0,113911.83,3.5
TXN104179,2022-01-27 14:23:38,P008,CU0069,Cash,2,52755.97,0.0,105511.94,4.5
TXN101178,2022-01-27 19:22:32,P001,CU0118,Credit Card,4,43224.28,15.0,172897.12,3.5
TXN103872,2022-01-28 06:28:46,P011,CU0452,Cash,2,41566.65,15.0,83133.3,3.5
TXN104324,2022-01-28 16:53:05,P017,CU0296,UPI,3,21669.15,0.0,65007.45,4.5
TXN103018,2022-01-29 09:03:44,P014,CU0329,Cash,1,28499.92,10.0,28499.92,3.5
TXN100160,2022-01-31 20:25:00,P013,CU0071,Debit Card,1,15471.85,3.0,15471.85,4.5
TXN103187,2022-02-01 01:10:50,P010,CU0112,UPI,1,23639.64,0.0,23639.64,5.0
TXN103518,2022-02-01 02:14:36,P013,CU0303,Credit Card,3,14024.28,0.0,42072.84,4.0
TXN102096,2022-02-01 05:39:14,P004,CU0460,UPI,1,68042.6,5.0,68042.6,3.0
TXN103245,2022-02-01 22:44:30,P002,CU0437,Credit Card,1,39784.48,8.0,39784.48,2.5
TXN100634,2022-02-02 06:00:33,P017,CU0173,Credit Card,2,10190.46,0.0,20380.92,5.0
TXN102463,2022-02-02 07:01:31,P010,CU0266,Credit Card,5,36109.21,8.0,180546.05,5.0
TXN100375,2022-02-03 05:59:10,P009,CU0337,UPI,1,45767.72,0.0,45767.72,1.5
TXN102211,2022-02-03 11:59:10,P016,CU0210,Credit Card,2,15359.16,0.0,30718.32,3.0
TXN103688,2022-02-04 18:21:47,P008,CU0358,Credit Card,1,20275.71,8.0,20275.71,5.0
TXN103380,2022-02-04 18:37:27,P012,CU0307,Debit Card,1,31037.73,5.0,31037.73,3.5
TXN103181,2022-02-04 23:03:11,P011,CU0332,Credit Card,1,33491.11,10.0,33491.11,3.5
TXN103493,2022-02-05 04:51:41,P011,CU0236,Cash,3,36366.7,8.0,109100.1,3.5
TXN101096,2022-02-05 17:01:31,P007,CU0149,Debit Card,1,49268.69,10.0,49268.69,3.0
TXN101399,2022-02-06 07:01:38,P003,CU0102,Cash,2,49451.43,3.0,98902.86,4.5
TXN101448,2022-02-06 08:00:06,P005,CU0102,Credit Card,5,37435.88,0.0,187179.4,2.5
TXN100967,2022-02-06 16:06:08,P011,CU0487,Debit Card,1,29823.99,0.0,29823.99,1.5
TXN101630,2022-02-07 00:25:57,P017,CU0254,UPI,1,28858.51,0.0,28858.51,4.0
TXN103613,2022-02-07 15:56:00,P017,CU0422,Credit Card,1,24256.12,3.0,24256.12,4.0
TXN103081,2022-02-08 07:37:38,P010,CU0056,Credit Card,1,42330.59,0.0,42330.59,4.0
TXN103594,2022-02-08 13:13:31,P012,CU0364,Debit Card,3,12174.05,5.0,36522.15,2.5
TXN103293,2022-02-08 14:24:57,P017,CU0120,Credit Card,1,13079.57,5.0,13079.57,4.5
TXN104013,2022-02-10 12:46:12,P010,CU0286,UPI,1,23486.68,5.0,23486.68,2.5
TXN100930,2022-02-11 01:18:56,P013,CU0072,Debit Card,1,21062.48,8.0,21062.48,3.5
TXN104306,2022-02-11 14:52:11,P011,CU0253,Debit Card,1,44819.5,8.0,44819.5,4.5
TXN102082,2022-02-11 23:38:24,P011,CU0286,Debit Card,1,40621.63,0.0,40621.63,4.0
TXN102451,2022-02-12 15:15:34,P015,CU0463,Debit Card,1,19716.5,8.0,19716.5,3.5
TXN101943,2022-02-12 21:35:32,P015,CU0401,Credit Card,1,25052.81,3.0,25052.81,2.5
TXN100258,2022-02-13 02:03:43,P013,CU0191,Credit Card,4,20956.67,3.0,83826.68,4.0
TXN100516,2022-02-13 12:33:15,P004,CU0145,UPI,2,34664.73,0.0,69329.46,4.0
TXN103466,2022-02-13 20:07:31,P013,CU0384,Debit Card,2,14491.94,3.0,28983.88,4.0
TXN104304,2022-02-14 07:11:08,P012,CU0151,UPI,2,22040.56,8.0,44081.12,2.0
TXN101904,2022-02-14 14:33:02,P006,CU0484,Cash,1,35482.24,5.0,35482.24,5.0
TXN103719,2022-02-15 05:13:32,P001,CU0035,Cash,3,30797.51,0.0,92392.53,5.0
TXN102627,2022-02-15 06:40:39,P017,CU0482,Credit Card,2,19351.03,0.0,38702.06,4.0
TXN100461,2022-02-15 07:54:05,P012,CU0328,Cash,3,12438.39,10.0,37315.17,3.0
TXN103386,2022-02-15 08:52:08,P009,CU0319,Debit Card,1,37692.93,0.0,37692.93,4.5
TXN100866,2022-02-16 02:51:26,P003,CU0398,Debit Card,2,36857.06,0.0,73714.12,2.5
TXN102149,2022-02-16 20:44:44,P007,CU0476,Credit Card,3,35071.23,10.0,105213.69,3.5
TXN100628,2022-02-17 00:56:23,P011,CU0404,UPI,4,28712.56,0.0,114850.24,3.0
TXN102763,2022-02-17 17:22:41,P015,CU0469,Debit Card,4,23985.63,8.0,95942.52,4.0
TXN101476,2022-02-17 19:30:21,P013,CU0287,Cash,3,28506.2,3.0,85518.6,4.0
TXN101365,2022-02-17 23:03:32,P015,CU0255,UPI,1,16026.77,0.0,16026.77,5.0
TXN103775,2022-02-19 00:00:33,P009,CU0409,Debit Card,1,44700.87,10.0,44700.87,3.5
TXN103961,2022-02-19 03:45:25,P006,CU0484,UPI,1,61915.42,3.0,61915.42,3.5
TXN100758,2022-02-19 05:01:51,P003,CU0267,Credit Card,2,66780.43,0.0,133560.86,2.0
TXN100718,2022-02-19 21:11:43,P012,CU0024,Debit Card,3,16908.12,10.0,50724.36,4.0
TXN100711,2022-02-20 10:44:13,P010,CU0397,Credit Card,4,34423.13,0.0,137692.52,4.5
TXN100373,2022-02-20 10:51:52,P004,CU0249,Debit Card,1,36612.36,5.0,36612.36,5.0
TXN103070,2022-02-20 16:20:44,P012,CU0047,Credit Card,3,15999.84,0.0,47999.52,3.0
TXN100543,2022-02-20 17:38:58,P005,CU0047,Credit Card,5,53622.88,0.0,268114.4,3.5
TXN101076,2022-02-21 07:03:17,P011,CU0471,Credit Card,2,34962.69,15.0,69925.38,3.5
TXN101484,2022-02-21 13:17:20,P014,CU0089,UPI,1,19982.38,0.0,19982.38,4.5
TXN102587,2022-02-21 15:31:18,P016,CU0373,Debit Card,1,18447.07,3.0,18447.07,4.0
TXN104359,2022-02-21 20:54:21,P017,CU0204,UPI,3,15773.33,3.0,47319.99,4.5
TXN104148,2022-02-22 04:21:38,P017,CU0373,Debit Card,1,14593.03,0.0,14593.03,2.5
TXN103734,2022-02-23 13:42:44,P016,CU0204,Debit Card,1,16071.02,5.0,16071.02,3.0
TXN100095,2022-02-23 15:30:25,P015,CU0028,Debit Card,1,11945.22,3.0,11945.22,4.5
TXN103026,2022-02-23 18:51:24,P014,CU0032,Debit Card,2,26380.33,3.0,52760.66,2.5
TXN102728,2022-02-24 00:15:39,P015,CU0013,UPI,2,24901.62,0.0,49803.24,5.0
TXN102390,2022-02-24 04:11:52,P005,CU0292,UPI,3,35813.39,8.0,107440.17,3.0
TXN101540,2022-02-24 16:13:47,P016,CU0431,Credit Card,2,12632.18,5.0,25264.36,3.5
TXN103258,2022-02-24 17:08:33,P004,CU0105,Cash,3,40259.92,8.0,120779.76,4.0
TXN102636,2022-02-25 10:56:17,P010,CU0108,Cash,1,26743.76,5.0,26743.76,4.0
TXN102762,2022-02-26 02:21:17,P016,CU0139,Cash,1,14091.11,0.0,14091.11,4.0
TXN102527,2022-02-26 05:36:15,P011,CU0333,Credit Card,3,22225.44,3.0,66676.32,3.5
TXN100736,2022-02-26 20:37:52,P017,CU0422,Cash,1,16873.78,0.0,16873.78,4.0
TXN103990,2022-02-26 22:51:00,P003,CU0075,UPI,1,33810.62,3.0,33810.62,4.5
TXN103424,2022-02-28 00:37:58,P014,CU0351,Debit Card,2,32249.48,0.0,64498.96,4.0
TXN100084,2022-02-28 01:41:35,P013,CU0106,Credit Card,2,25132.2,5.0,50264.4,3.5
TXN100812,2022-02-28 05:50:30,P017,CU0190,UPI,2,13711.27,3.0,27422.54,4.0
TXN104096,2022-02-28 08:13:00,P003,CU0218,Debit Card,3,48182.93,0.0,144548.79,4.0
TXN102356,2022-02-28 21:43:25,P005,CU0408,UPI,1,23213.4,3.0,23213.4,4.5
TXN103984,2022-03-01 01:32:00,P016,CU0076,Credit Card,5,23247.86,5.0,116239.3,2.5
TXN101406,2022-03-01 18:36:50,P004,CU0352,Debit Card,3,35229.6,0.0,105688.8,4.5
TXN102113,2022-03-01 19:29:24,P003,CU0339,UPI,1,29552.25,10.0,29552.25,4.0
TXN103350,2022-03-01 19:56:17,P005,CU0482,Debit Card,1,57026.04,5.0,57026.04,4.0
TXN100752,2022-03-02 07:55:52,P006,CU0019,UPI,2,58561.75,5.0,117123.5,5.0
TXN100371,2022-03-02 09:57:01,P001,CU0418,Credit Card,5,30547.32,0.0,152736.6,5.0
TXN101035,2022-03-02 13:11:38,P016,CU0355,UPI,1,20187.82,10.0,20187.82,5.0
TXN104469,2022-03-02 14:57:37,P002,CU0039,Debit Card,1,63245.49,3.0,63245.49,4.0
TXN102281,2022-03-02 18:52:04,P001,CU0143,UPI,1,56494.76,8.0,56494.76,2.5
TXN100481,2022-03-02 22:29:53,P009,CU0254,Credit Card,1,43922.83,0.0,43922.83,4.0
TXN100027,2022-03-03 05:42:02,P004,CU0350,Cash,1,48776.81,8.0,48776.81,3.0
TXN103278,2022-03-03 12:06:31,P010,CU0472,Credit Card,3,43873.58,0.0,131620.74,4.0
TXN100804,2022-03-03 13:26:42,P003,CU0399,UPI,1,71773.75,0.0,71773.75,2.0
TXN103097,2022-03-03 20:50:17,P013,CU0497,Debit Card,2,15347.43,10.0,30694.86,3.5
TXN102783,2022-03-03 23:30:04,P004,CU0354,Debit Card,3,46265.02,5.0,138795.06,5.0
TXN100334,2022-03-03 23:40:50,P015,CU0236,Credit Card,2,11502.23,3.0,23004.46,3.0
TXN101592,2022-03-04 05:12:21,P014,CU0432,Credit Card,1,29396.86,3.0,29396.86,2.0
TXN101845,2022-03-04 12:50:16,P016,CU0328,Cash,2,13454.66,5.0,26909.32,3.0
TXN102115,2022-03-04 23:01:45,P004,CU0369,UPI,2,31050.06,0.0,62100.12,3.5
TXN102952,2022-03-05 06:39:45,P009,CU0042,Cash,2,39186.82,5.0,78373.64,3.0
TXN100224,2022-03-05 15:15:26,P008,CU0050,Credit Card,4,18051.19,3.0,72204.76,5.0
TXN102031,2022-03-06 09:53:02,P004,CU0282,Cash,3,51484.28,0.0,154452.84,2.0
TXN103079,2022-03-06 12:36:32,P011,CU0023,UPI,1,31941.89,10.0,31941.89,3.5
TXN101248,2022-03-06 18:17:46,P015,CU0470,Debit Card,1,23969.19,5.0,23969.19,3.5
TXN103373,2022-03-06 23:58:11,P008,CU0374,Debit Card,2,33511.4,0.0,67022.8,3.5
TXN101833,2022-03-07 15:17:12,P003,CU0472,Debit Card,2,65501.05,0.0,131002.1,5.0
TXN101878,2022-03-08 01:10:21,P008,CU0094,Debit Card,1,49125.06,3.0,49125.06,4.5
TXN102349,2022-03-08 15:22:50,P001,CU0064,UPI,1,63789.85,0.0,63789.85,5.0
TXN101931,2022-03-08 19:21:38,P015,CU0252,Credit Card,2,18960.72,3.0,37921.44,3.0
TXN104432,2022-03-08 22:23:45,P003,CU0120,Credit Card,1,34578.63,8.0,34578.63,2.5
TXN101046,2022-03-09 09:12:21,P011,CU0051,Debit Card,2,45349.91,8.0,90699.82,4.0
TXN102692,2022-03-09 14:30:47,P004,CU0342,Debit Card,4,61807.36,5.0,247229.44,3.0
TXN103850,2022-03-09 19:10:28,P009,CU0476,Credit Card,1,43771.82,0.0,43771.82,3.5
TXN102582,2022-03-10 03:11:13,P001,CU0117,Credit Card,3,65484.3,0.0,196452.9,4.0
TXN103617,2022-03-11 14:19:21,P010,CU0172,UPI,1,27754.59,0.0,27754.59,4.0
TXN100723,2022-03-11 15:12:41,P011,CU0020,Debit Card,1,21996.4,0.0,21996.4,4.5
TXN101369,2022-03-11 16:07:48,P006,CU0200,Debit Card,4,42032.19,0.0,168128.76,3.0
TXN100638,2022-03-11 19:33:20,P016,CU0341,Credit Card,3,19677.74,8.0,59033.22,2.5
TXN101360,2022-03-11 19:47:28,P009,CU0421,Cash,1,27606.6,0.0,27606.6,3.5
TXN101763,2022-03-12 03:35:57,P003,CU0284,UPI,2,55081.7,5.0,110163.4,4.0
TXN103305,2022-03-13 04:42:27,P017,CU0262,UPI,2,24038.62,10.0,48077.24,5.0
TXN102293,2022-03-13 19:32:32,P008,CU0343,Credit Card,5,54771.34,8.0,273856.7,4.0
TXN100981,2022-03-14 06:50:46,P003,CU0281,Credit Card,2,52776.42,8.0,105552.84,1.0
TXN104014,2022-03-14 15:49:58,P006,CU0346,UPI,1,17237.41,5.0,17237.41,4.0
TXN104303,2022-03-14 16:40:43,P002,CU0401,Debit Card,5,59042.47,8.0,295212.35,3.5
TXN102225,2022-03-15 00:20:36,P013,CU0322,Cash,1,19491.55,0.0,19491.55,4.0
TXN104385,2022-03-15 14:20:56,P011,CU0368,Cash,1,27526.58,8.0,27526.58,3.0
TXN104468,2022-03-15 23:00:10,P006,CU0003,Debit Card,4,32198.18,10.0,128792.72,3.5
TXN103254,2022-03-16 02:42:20,P011,CU0178,Credit Card,1,40763.68,0.0,40763.68,2.5
TXN101029,2022-03-16 06:03:20,P010,CU0002,UPI,3,29234.83,0.0,87704.49,4.5
TXN103748,2022-03-16 18:21:59,P015,CU0271,Credit Card,2,11022.69,0.0,22045.38,3.0
TXN103822,2022-03-16 23:22:08,P002,CU0351,Debit Card,4,41889.63,10.0,167558.52,3.5
TXN103509,2022-03-17 06:53:18,P008,CU0413,Credit Card,3,43968.05,5.0,131904.15,4.0
TXN102125,2022-03-17 07:10:23,P004,CU0434,Debit Card,1,54629.03,3.0,54629.03,3.0
TXN104011,2022-03-17 08:31:18,P009,CU0313,Credit Card,1,25278.54,0.0,25278.54,2.0
TXN103508,2022-03-17 12:02:52,P015,CU0161,Cash,1,11127.65,5.0,11127.65,3.0
TXN101733,2022-03-17 22:27:56,P006,CU0060,UPI,2,53172.9,5.0,106345.8,2.5
TXN100751,2022-03-17 23:06:40,P016,CU0062,Cash,1,12962.16,0.0,12962.16,5.0
TXN103611,2022-03-18 03:08:38,P010,CU0233,Debit Card,1,19014.43,0.0,19014.43,2.0
TXN102823,2022-03-18 05:12:00,P008,CU0251,Cash,1,51277.21,5.0,51277.21,5.0
TXN102043,2022-03-18 08:08:38,P015,CU0183,Debit Card,2,13974.25,10.0,27948.5,5.0
TXN103895,2022-03-18 11:46:12,P017,CU0264,UPI,5,12277.38,10.0,61386.9,2.0
TXN101386,2022-03-19 16:07:06,P006,CU0315,Debit Card,3,41296.99,0.0,123890.97,5.0
TXN100690,2022-03-20 00:44:44,P001,CU0002,Cash,1,66258.76,8.0,66258.76,5.0
TXN102887,2022-03-20 08:09:06,P004,CU0383,UPI,1,50588.05,0.0,50588.05,2.5
TXN100509,2022-03-20 13:08:07,P017,CU0213,Cash,1,13691.34,3.0,13691.34,4.5
TXN101381,2022-03-20 20:16:09,P014,CU0335,UPI,1,11931.16,5.0,11931.16,5.0
TXN101694,2022-03-20 20:21:48,P009,CU0372,UPI,1,22432.54,3.0,22432.54,3.5
TXN102476,2022-03-21 03:57:17,P013,CU0020,Debit Card,1,13093.17,0.0,13093.17,2.5
TXN103873,2022-03-21 18:24:34,P015,CU0140,UPI,1,20774.76,10.0,20774.76,4.0
TXN100885,2022-03-22 00:41:49,P007,CU0344,Credit Card,2,27663.41,5.0,55326.82,4.0
TXN101081,2022-03-22 14:47:05,P017,CU0086,Debit Card,1,22502.94,0.0,22502.94,4.0
TXN100331,2022-03-22 22:40:47,P016,CU0226,UPI,3,14423.23,10.0,43269.69,4.5
TXN100386,2022-03-23 05:32:12,P009,CU0478,Debit Card,1,38664.46,8.0,38664.46,4.5
TXN103519,2022-03-23 11:39:08,P013,CU0215,Debit Card,3,26329.93,0.0,78989.79,3.0
TXN103516,2022-03-23 14:52:20,P006,CU0136,UPI,2,26497.45,8.0,52994.9,4.0
TXN101050,2022-03-23 15:53:19,P010,CU0393,UPI,1,21964.31,3.0,21964.31,5.0
TXN103226,2022-03-23 22:33:37,P001,CU0396,Credit Card,1,35927.91,0.0,35927.91,4.0
TXN103058,2022-03-24 07:56:44,P016,CU0316,Debit Card,1,15852.79,0.0,15852.79,5.0
TXN102095,2022-03-24 09:15:30,P010,CU0276,UPI,1,26338.0,0.0,26338.0,2.0
TXN101011,2022-03-24 13:39:19,P003,CU0352,Cash,1,41730.87,0.0,41730.87,3.0
TXN101198,2022-03-24 20:58:50,P004,CU0113,Cash,3,61876.58,8.0,185629.74,3.5
TXN103886,2022-03-24 22:06:56,P005,CU0199,Debit Card,1,62830.54,0.0,62830.54,4.0
TXN100408,2022-03-25 00:29:15,P008,CU0016,UPI,1,42599.03,15.0,42599.03,4.5
TXN102426,2022-03-25 17:44:25,P017,CU0046,Cash,3,17432.77,3.0,52298.31,4.0
TXN103944,2022-03-26 04:42:24,P005,CU0079,UPI,1,18546.36,0.0,18546.36,3.5
TXN101271,2022-03-27 00:09:36,P001,CU0210,Cash,1,39968.15,0.0,39968.15,3.0
TXN100389,2022-03-27 16:08:00,P014,CU0124,UPI,1,22015.94,8.0,22015.94,4.0
TXN101548,2022-03-27 22:05:49,P001,CU0448,Debit Card,4,34009.88,8.0,136039.52,3.5
TXN100493,2022-03-28 15:31:51,P004,CU0271,Credit Card,1,71357.86,0.0,71357.86,4.0
TXN101779,2022-03-28 16:59:15,P010,CU0283,UPI,1,49545.33,0.0,49545.33,3.0
TXN103930,2022-03-29 00:50:06,P017,CU0101,Debit Card,2,11558.85,0.0,23117.7,3.5
TXN101329,2022-03-29 02:54:59,P002,CU0191,Debit Card,1,50298.67,0.0,50298.67,4.5
TXN102294,2022-03-29 08:38:36,P013,CU0066,Debit Card,1,14684.45,3.0,14684.45,3.0
TXN102885,2022-03-29 13:16:25,P004,CU0035,UPI,1,66926.33,0.0,66926.33,5.0
TXN103994,2022-03-29 14:23:28,P001,CU0306,Cash,4,70850.91,3.0,283403.64,3.0
TXN100234,2022-03-29 17:23:45,P002,CU0255,Credit Card,2,60733.76,0.0,121467.52,4.0
TXN101177,2022-03-29 18:36:20,P013,CU0232,Debit Card,2,32352.82,5.0,64705.64,2.5
TXN101964,2022-03-30 04:46:28,P017,CU0288,UPI,1,17889.66,3.0,17889.66,4.5
TXN100121,2022-03-30 21:43:23,P002,CU0458,Debit Card,2,70454.58,3.0,140909.16,3.0
TXN103435,2022-03-31 06:04:06,P012,CU0497,Cash,1,23612.88,0.0,23612.88,2.5
TXN100645,2022-03-31 11:13:26,P003,CU0159,UPI,1,44614.41,0.0,44614.41,3.5
TXN100562,2022-03-31 12:50:29,P010,CU0101,Cash,3,26875.09,8.0,80625.27,3.5
TXN102669,2022-03-31 13:02:21,P016,CU0196,Credit Card,2,13903.68,0.0,27807.36,2.5
TXN100545,2022-04-01 06:14:38,P006,CU0045,UPI,3,26012.88,5.0,78038.64,3.5
TXN103197,2022-04-01 06:41:05,P001,CU0279,Credit Card,2,56542.91,0.0,113085.82,3.5
TXN102154,2022-04-01 14:42:41,P007,CU0318,UPI,3,52959.29,0.0,158877.87,4.5
TXN100739,2022-04-02 01:26:16,P009,CU0348,Debit Card,2,22291.78,5.0,44583.56,4.5
TXN102924,2022-04-02 02:40:38,P014,CU0137,Debit Card,3,20983.98,8.0,62951.94,2.0
TXN102303,2022-04-02 03:08:18,P012,CU0475,Debit Card,2,21017.68,8.0,42035.36,1.0
TXN102961,2022-04-02 17:58:32,P014,CU0267,Debit Card,1,31706.81,8.0,31706.81,4.5
TXN102165,2022-04-02 19:42:45,P003,CU0268,Debit Card,3,60764.18,5.0,182292.54,4.0
TXN102001,2022-04-02 19:58:30,P014,CU0010,Credit Card,1,17565.75,0.0,17565.75,3.5
TXN102817,2022-04-02 21:10:58,P011,CU0222,Debit Card,1,27024.76,8.0,27024.76,3.0
TXN100772,2022-04-03 10:47:49,P016,CU0397,UPI,1,18799.05,3.0,18799.05,3.5
TXN100989,2022-04-03 21:24:59,P014,CU0028,Debit Card,2,21751.57,0.0,43503.14,3.5
TXN102927,2022-04-04 07:06:05,P010,CU0279,Credit Card,5,30335.72,3.0,151678.6,4.5
TXN100862,2022-04-04 08:16:24,P013,CU0037,Credit Card,3,24811.66,5.0,74434.98,4.5
TXN104266,2022-04-05 00:02:16,P009,CU0364,UPI,1,41950.66,5.0,41950.66,3.5
TXN101214,2022-04-05 23:28:12,P013,CU0477,UPI,2,30854.48,8.0,61708.96,4.5
TXN102751,2022-04-06 04:54:45,P011,CU0153,UPI,1,44770.51,3.0,44770.51,5.0
TXN102651,2022-04-06 05:33:46,P016,CU0438,Debit Card,2,21121.24,5.0,42242.48,4.5
TXN103437,2022-04-06 11:08:28,P003,CU0393,UPI,1,57701.93,0.0,57701.93,4.0
TXN101007,2022-04-07 02:04:46,P017,CU0013,Cash,1,16194.99,10.0,16194.99,3.0
TXN101436,2022-04-08 08:06:08,P013,CU0062,Cash,1,19511.77,0.0,19511.77,5.0
TXN100578,2022-04-08 18:13:16,P007,CU0493,UPI,3,24748.34,3.0,74245.02,3.5
TXN101328,2022-04-08 18:23:49,P007,CU0460,Cash,2,28724.57,5.0,57449.14,3.5
TXN102609,2022-04-09 05:57:09,P012,CU0391,Debit Card,1,19523.63,0.0,19523.63,4.5
TXN103315,2022-04-09 16:17:29,P014,CU0054,Cash,1,13392.13,0.0,13392.13,4.0
TXN104107,2022-04-09 18:40:02,P010,CU0052,UPI,4,45443.77,3.0,181775.08,4.0
TXN100058,2022-04-09 20:55:26,P010,CU0451,UPI,3,19555.18,10.0,58665.54,3.5
TXN100817,2022-04-10 02:36:25,P001,CU0255,Credit Card,5,45773.71,15.0,228868.55,4.0
TXN100843,2022-04-10 03:32:13,P008,CU0198,Credit Card,1,39709.16,8.0,39709.16,4.0
TXN101994,2022-04-11 07:44:21,P007,CU0072,Credit Card,1,30917.73,0.0,30917.73,2.5
TXN100604,2022-04-11 11:14:36,P015,CU0441,Debit Card,3,21489.19,5.0,64467.57,4.0
TXN100317,2022-04-11 13:06:44,P012,CU0072,Debit Card,2,28575.33,10.0,57150.66,3.0
TXN100519,2022-04-11 13:20:35,P010,CU0283,Cash,1,32081.88,10.0,32081.88,5.0
TXN103040,2022-04-11 20:36:28,P001,CU0260,Cash,2,32787.78,5.0,65575.56,5.0
TXN103681,2022-04-12 14:13:57,P016,CU0027,Debit Card,4,23952.69,8.0,95810.76,3.0
TXN104208,2022-04-12 14:44:00,P005,CU0415,Cash,3,52635.41,0.0,157906.23,4.0
TXN103042,2022-04-12 20:50:59,P001,CU0131,UPI,1,47779.63,15.0,47779.63,3.5
TXN101756,2022-04-13 04:54:29,P017,CU0213,Cash,1,13437.29,3.0,13437.29,4.5
TXN103754,2022-04-13 09:58:12,P004,CU0012,Debit Card,3,38193.13,10.0,114579.39,4.5
TXN102869,2022-04-13 10:30:33,P015,CU0405,Credit Card,4,26411.83,8.0,105647.32,3.5
TXN102744,2022-04-14 09:26:16,P001,CU0143,Credit Card,1,46118.44,0.0,46118.44,2.5
TXN100005,2022-04-14 13:17:18,P002,CU0095,UPI,1,63771.63,10.0,63771.63,3.5
TXN100768,2022-04-14 14:58:44,P004,CU0044,Credit Card,1,46542.63,15.0,46542.63,3.5
TXN101791,2022-04-14 23:44:21,P007,CU0271,Cash,1,46524.54,3.0,46524.54,5.0
TXN103378,2022-04-15 00:24:59,P014,CU0239,Debit Card,1,17754.2,3.0,17754.2,4.0
TXN104444,2022-04-15 03:45:10,P016,CU0015,Cash,2,17499.61,8.0,34999.22,5.0
TXN100785,2022-04-15 11:22:12,P011,CU0052,Credit Card,2,41660.83,3.0,83321.66,5.0
TXN103039,2022-04-16 02:41:05,P013,CU0409,UPI,2,30914.01,0.0,61828.02,3.0
TXN101492,2022-04-16 03:15:12,P008,CU0242,UPI,1,40051.08,15.0,40051.08,2.5
TXN104072,2022-04-16 16:28:24,P013,CU0231,Credit Card,1,27381.93,0.0,27381.93,3.0
TXN103642,2022-04-16 21:17:13,P011,CU0072,Debit Card,1,45107.94,0.0,45107.94,4.5
TXN101404,2022-04-18 16:05:54,P010,CU0424,Debit Card,2,21690.21,8.0,43380.42,4.0
TXN103833,2022-04-19 05:24:57,P017,CU0201,Credit Card,2,23452.89,5.0,46905.78,4.0
TXN101637,2022-04-20 00:48:59,P002,CU0153,Debit Card,1,33445.01,8.0,33445.01,2.5
TXN104140,2022-04-20 16:43:07,P001,CU0332,Credit Card,2,35851.83,8.0,71703.66,3.0
TXN104317,2022-04-20 17:11:10,P007,CU0466,UPI,3,33810.33,0.0,101430.99,2.0
TXN100100,2022-04-21 09:11:36,P003,CU0159,Cash,1,48752.22,0.0,48752.22,4.0
TXN103731,2022-04-21 12:50:29,P011,CU0132,Debit Card,2,38196.85,5.0,76393.7,3.0
TXN101956,2022-04-21 21:16:07,P015,CU0030,Credit Card,3,25037.58,0.0,75112.74,5.0
TXN101796,2022-04-22 01:37:43,P017,CU0436,Cash,3,13453.71,0.0,40361.13,3.5
TXN100725,2022-04-22 03:36:01,P009,CU0064,Credit Card,2,33347.34,15.0,66694.68,3.0
TXN103267,2022-04-22 03:55:44,P008,CU0294,UPI,1,21698.04,5.0,21698.04,3.0
TXN103184,2022-04-22 06:26:18,P009,CU0192,Cash,2,17334.39,10.0,34668.78,4.5
TXN102018,2022-04-22 07:29:58,P017,CU0258,Cash,1,22107.61,8.0,22107.61,4.5
TXN103259,2022-04-22 10:39:53,P009,CU0325,UPI,2,44269.26,8.0,88538.52,3.5
TXN100118,2022-04-22 14:43:42,P004,CU0130,Credit Card,2,47609.55,0.0,95219.1,4.5
TXN101550,2022-04-22 16:21:39,P015,CU0331,UPI,5,10877.96,3.0,54389.8,4.5
TXN104199,2022-04-22 18:19:07,P012,CU0271,Debit Card,5,22340.83,10.0,111704.15,3.0
TXN100329,2022-04-23 04:17:13,P007,CU0073,Debit Card,2,48064.41,0.0,96128.82,2.5
TXN102781,2022-04-23 05:53:13,P001,CU0392,UPI,1,56674.33,15.0,56674.33,3.0
TXN100713,2022-04-23 05:55:32,P005,CU0099,Debit Card,2,29240.29,3.0,58480.58,5.0
TXN100744,2022-04-23 10:54:22,P007,CU0500,UPI,1,56251.66,3.0,56251.66,3.5
TXN102647,2022-04-23 15:43:26,P003,CU0369,UPI,1,59305.06,0.0,59305.06,3.0
TXN103403,2022-04-24 14:45:17,P011,CU0482,UPI,5,46622.8,0.0,233114.0,3.5
TXN102583,2022-04-25 08:24:24,P005,CU0428,Credit Card,1,30812.42,5.0,30812.42,5.0
TXN100594,2022-04-25 14:33:30,P017,CU0445,Debit Card,1,27680.73,5.0,27680.73,4.0
TXN103003,2022-04-25 17:51:47,P012,CU0124,Credit Card,2,15946.17,0.0,31892.34,3.0
TXN100298,2022-04-26 05:08:43,P015,CU0486,Debit Card,1,13088.68,0.0,13088.68,4.0
TXN103271,2022-04-26 08:44:48,P004,CU0348,Credit Card,2,58724.12,3.0,117448.24,3.0
TXN101802,2022-04-26 12:48:40,P009,CU0309,UPI,2,36997.69,0.0,73995.38,3.5
TXN103215,2022-04-26 13:56:03,P002,CU0225,Cash,4,61567.53,5.0,246270.12,3.0
TXN102169,2022-04-27 06:45:52,P014,CU0425,Debit Card,2,17193.05,5.0,34386.1,5.0
TXN102632,2022-04-27 09:26:38,P017,CU0262,Credit Card,1,13250.79,0.0,13250.79,3.0
TXN102226,2022-04-27 13:17:57,P013,CU0431,Credit Card,2,26841.08,10.0,53682.16,2.0
TXN101704,2022-04-28 02:02:38,P010,CU0365,UPI,3,18971.97,5.0,56915.91,3.5
TXN101070,2022-04-28 10:59:59,P015,CU0352,UPI,2,19997.97,5.0,39995.94,3.5
TXN100236,2022-04-28 19:12:49,P005,CU0092,Debit Card,3,61671.54,3.0,185014.62,4.5
TXN103377,2022-04-29 04:27:41,P009,CU0378,Credit Card,2,44385.99,3.0,88771.98,4.5
TXN101072,2022-04-30 00:39:14,P011,CU0389,Cash,2,17600.13,5.0,35200.26,3.5
TXN103979,2022-04-30 02:10:44,P008,CU0453,Credit Card,1,26947.11,3.0,26947.11,4.0
TXN100589,2022-04-30 22:10:01,P007,CU0318,Cash,4,57180.68,3.0,228722.72,3.5
TXN102472,2022-04-30 23:33:30,P014,CU0378,UPI,2,21265.3,0.0,42530.6,3.0
TXN104436,2022-05-01 01:48:51,P004,CU0304,Credit Card,2,51798.77,0.0,103597.54,1.5
TXN102324,2022-05-01 10:37:31,P016,CU0463,Debit Card,2,13841.67,15.0,27683.34,4.5
TXN103662,2022-05-02 15:08:12,P012,CU0218,Debit Card,2,14885.71,8.0,29771.42,4.5
TXN103268,2022-05-03 02:50:49,P003,CU0018,Credit Card,1,37683.45,15.0,37683.45,3.0
TXN103650,2022-05-03 20:55:44,P013,CU0374,Cash,3,31659.58,0.0,94978.74,5.0
TXN103709,2022-05-03 23:56:20,P012,CU0344,Credit Card,2,19369.46,10.0,38738.92,5.0
TXN100404,2022-05-04 01:55:06,P010,CU0496,Debit Card,1,33839.23,3.0,33839.23,4.0
TXN103581,2022-05-04 10:41:51,P016,CU0203,UPI,1,11558.24,5.0,11558.24,4.0
TXN103810,2022-05-04 13:12:40,P015,CU0152,UPI,2,14852.94,10.0,29705.88,2.5
TXN100965,2022-05-04 16:09:43,P014,CU0464,UPI,1,16633.23,0.0,16633.23,4.5
TXN100479,2022-05-04 21:36:48,P003,CU0221,UPI,1,54344.81,8.0,54344.81,4.0
TXN103142,2022-05-04 22:57:19,P011,CU0035,Debit Card,1,28673.95,3.0,28673.95,3.5
TXN102051,2022-05-05 12:19:01,P011,CU0417,Debit Card,2,40152.15,10.0,80304.3,4.5
TXN102257,2022-05-05 15:45:35,P002,CU0206,Cash,1,67884.75,0.0,67884.75,4.0
TXN100419,2022-05-05 21:13:21,P001,CU0334,Cash,2,41218.13,5.0,82436.26,5.0
TXN101809,2022-05-06 02:48:14,P002,CU0467,Debit Card,1,58560.21,5.0,58560.21,3.0
TXN102510,2022-05-06 15:00:00,P001,CU0440,Credit Card,2,57290.61,3.0,114581.22,3.0
TXN102849,2022-05-06 18:28:48,P007,CU0221,UPI,1,51373.12,3.0,51373.12,4.0
TXN101621,2022-05-06 22:27:32,P007,CU0448,UPI,1,64646.23,0.0,64646.23,3.0
TXN100447,2022-05-07 13:59:26,P012,CU0200,Debit Card,1,21669.0,3.0,21669.0,3.0
TXN102841,2022-05-07 18:36:03,P006,CU0206,Debit Card,3,42247.99,10.0,126743.97,4.0
TXN103370,2022-05-07 19:35:32,P015,CU0064,UPI,3,28828.74,0.0,86486.22,3.0
TXN103280,2022-05-07 21:16:59,P009,CU0303,Credit Card,1,44443.48,8.0,44443.48,3.0
TXN103730,2022-05-08 01:10:34,P007,CU0018,Credit Card,2,26015.9,0.0,52031.8,3.5
TXN102949,2022-05-08 01:59:34,P006,CU0150,UPI,1,51159.72,0.0,51159.72,4.0
TXN100987,2022-05-08 23:22:50,P004,CU0432,Debit Card,2,39817.53,0.0,79635.06,3.5
TXN102461,2022-05-09 05:47:57,P014,CU0112,UPI,1,16913.14,5.0,16913.14,3.5
TXN100128,2022-05-09 09:25:39,P011,CU0044,Debit Card,1,31750.83,8.0,31750.83,2.5
TXN104301,2022-05-09 23:50:21,P007,CU0425,Cash,2,37441.55,0.0,74883.1,2.5
TXN102517,2022-05-10 16:28:27,P013,CU0197,Debit Card,1,24934.25,5.0,24934.25,3.5
TXN104281,2022-05-10 18:22:27,P015,CU0363,Credit Card,1,19417.33,0.0,19417.33,3.5
TXN103794,2022-05-10 19:59:48,P006,CU0437,Credit Card,1,20116.14,0.0,20116.14,3.5
TXN100584,2022-05-11 13:06:30,P015,CU0428,Cash,2,10856.59,3.0,21713.18,4.5
TXN100477,2022-05-11 16:09:47,P010,CU0046,Cash,4,33127.63,0.0,132510.52,3.5
TXN102420,2022-05-11 23:29:37,P017,CU0308,Cash,4,17202.98,5.0,68811.92,3.5
TXN101906,2022-05-12 07:23:25,P006,CU0135,Credit Card,1,39433.53,0.0,39433.53,2.5
TXN100811,2022-05-12 14:03:29,P009,CU0094,Credit Card,4,25173.18,5.0,100692.72,3.5
TXN100807,2022-05-12 14:32:10,P010,CU0332,Credit Card,4,27374.48,0.0,109497.92,5.0
TXN103793,2022-05-12 17:31:55,P010,CU0283,Cash,1,37979.24,5.0,37979.24,4.5
TXN104092,2022-05-12 22:24:49,P007,CU0147,Debit Card,1,57611.64,8.0,57611.64,4.0
TXN102464,2022-05-13 08:16:14,P004,CU0296,UPI,3,34802.86,3.0,104408.58,3.0
TXN103150,2022-05-13 11:04:41,P002,CU0284,Credit Card,2,57474.4,15.0,114948.8,3.0
TXN104401,2022-05-13 17:32:57,P001,CU0033,Cash,2,50701.22,8.0,101402.44,4.5
TXN101822,2022-05-13 23:27:14,P012,CU0071,UPI,1,14190.91,0.0,14190.91,3.5
TXN103440,2022-05-14 09:40:12,P003,CU0069,Debit Card,1,61512.22,0.0,61512.22,3.5
TXN103691,2022-05-14 11:53:59,P006,CU0289,Credit Card,2,55020.64,0.0,110041.28,3.5
TXN103397,2022-05-14 14:38:55,P014,CU0147,UPI,1,17250.1,5.0,17250.1,3.5
TXN101928,2022-05-14 14:57:19,P014,CU0113,Debit Card,2,31508.25,0.0,63016.5,2.0
TXN103867,2022-05-14 17:25:40,P010,CU0228,UPI,1,47292.2,0.0,47292.2,3.0
TXN104042,2022-05-14 17:29:57,P007,CU0423,Credit Card,1,55509.94,0.0,55509.94,5.0
TXN100130,2022-05-15 01:02:31,P005,CU0491,Debit Card,1,33388.58,0.0,33388.58,3.0
TXN101338,2022-05-15 16:10:28,P012,CU0081,Debit Card,1,14663.09,0.0,14663.09,3.0
TXN104321,2022-05-15 18:01:43,P008,CU0181,Cash,2,46665.82,0.0,93331.64,1.5
TXN104290,2022-05-16 05:04:04,P008,CU0384,UPI,3,30672.25,0.0,92016.75,4.5
TXN102803,2022-05-16 08:06:05,P011,CU0451,UPI,1,41430.68,0.0,41430.68,3.5
TXN104089,2022-05-17 01:26:06,P003,CU0299,Cash,1,73867.15,0.0,73867.15,3.5
TXN100720,2022-05-17 05:07:51,P016,CU0377,Credit Card,1,10502.99,0.0,10502.99,5.0
TXN102801,2022-05-17 07:22:13,P010,CU0095,Credit Card,4,19609.99,3.0,78439.96,4.0
TXN100288,2022-05-17 09:38:44,P005,CU0368,Cash,2,45535.27,10.0,91070.54,4.5
TXN102114,2022-05-17 10:56:44,P006,CU0437,UPI,1,52518.18,10.0,52518.18,4.0
TXN101493,2022-05-18 11:14:14,P007,CU0078,Cash,1,35255.83,8.0,35255.83,3.5
TXN101565,2022-05-19 04:31:10,P005,CU0197,UPI,2,24738.94,0.0,49477.88,3.0
TXN100876,2022-05-19 09:35:28,P008,CU0022,Credit Card,2,44680.14,8.0,89360.28,3.5
TXN102173,2022-05-19 17:16:14,P013,CU0071,Debit Card,1,20940.48,10.0,20940.48,5.0
TXN102631,2022-05-19 23:18:09,P017,CU0157,UPI,2,26296.17,0.0,52592.34,4.0
TXN101534,2022-05-20 02:58:30,P002,CU0490,Credit Card,2,60463.16,5.0,120926.32,4.0
TXN103740,2022-05-20 09:36:28,P011,CU0104,UPI,1,38872.3,8.0,38872.3,4.5
TXN104052,2022-05-20 10:44:27,P001,CU0052,Credit Card,1,49063.11,0.0,49063.11,4.5
TXN100267,2022-05-20 23:19:14,P015,CU0289,UPI,1,12864.88,0.0,12864.88,3.0
TXN100302,2022-05-21 04:14:04,P006,CU0422,UPI,1,46947.65,5.0,46947.65,5.0
TXN101133,2022-05-21 17:26:13,P012,CU0064,UPI,2,33405.84,0.0,66811.68,4.5
TXN101512,2022-05-21 21:15:53,P007,CU0269,Debit Card,1,26622.56,3.0,26622.56,2.5
TXN104012,2022-05-21 22:23:00,P015,CU0228,Cash,3,20526.89,0.0,61580.67,4.5
TXN100483,2022-05-22 04:13:10,P013,CU0229,Credit Card,2,25679.54,5.0,51359.08,4.0
TXN103592,2022-05-22 22:11:24,P009,CU0383,Debit Card,1,35492.17,8.0,35492.17,3.5
TXN103047,2022-05-23 00:07:21,P014,CU0243,Debit Card,1,34538.39,0.0,34538.39,3.5
TXN104191,2022-05-23 11:38:00,P003,CU0243,Debit Card,3,59929.88,8.0,179789.64,4.0
TXN101087,2022-05-23 13:49:20,P005,CU0229,Credit Card,1,52364.75,8.0,52364.75,2.5
TXN100875,2022-05-24 09:33:13,P012,CU0115,Credit Card,3,16138.52,0.0,48415.56,3.0
TXN101571,2022-05-24 13:49:48,P004,CU0084,UPI,1,60630.46,0.0,60630.46,3.0
TXN100572,2022-05-24 15:08:07,P002,CU0228,Debit Card,1,52746.78,8.0,52746.78,5.0
TXN103132,2022-05-25 02:45:21,P014,CU0136,Credit Card,3,22926.91,8.0,68780.73,3.0
TXN100454,2022-05-25 13:04:03,P001,CU0187,Debit Card,1,38237.74,5.0,38237.74,2.5
TXN104348,2022-05-25 14:45:48,P012,CU0037,Cash,1,12462.92,0.0,12462.92,5.0
TXN100528,2022-05-26 04:17:16,P016,CU0239,UPI,2,11565.52,15.0,23131.04,4.0
TXN103792,2022-05-26 12:48:18,P015,CU0173,Cash,1,15136.8,15.0,15136.8,3.5
TXN102493,2022-05-26 12:58:43,P006,CU0348,Debit Card,3,48144.05,0.0,144432.15,3.0
TXN101148,2022-05-26 22:26:09,P002,CU0400,UPI,1,58131.23,8.0,58131.23,3.5
TXN100216,2022-05-26 23:33:46,P016,CU0199,UPI,2,27333.92,8.0,54667.84,4.5
TXN102985,2022-05-27 01:31:11,P015,CU0071,Credit Card,2,16882.01,0.0,33764.02,2.5
TXN103913,2022-05-27 03:43:23,P003,CU0103,UPI,2,31029.05,5.0,62058.1,1.5
TXN104067,2022-05-27 11:38:29,P009,CU0247,Credit Card,4,18916.98,0.0,75667.92,5.0
TXN103071,2022-05-28 09:06:38,P010,CU0145,Credit Card,2,34956.31,8.0,69912.62,3.0
TXN104325,2022-05-28 12:21:28,P001,CU0132,Credit Card,3,55675.49,5.0,167026.47,3.0
TXN100809,2022-05-28 23:13:48,P015,CU0478,Cash,1,23260.28,0.0,23260.28,4.0
TXN103924,2022-05-28 23:31:22,P014,CU0056,UPI,3,30919.95,0.0,92759.85,4.0
TXN103140,2022-05-29 01:12:41,P002,CU0325,UPI,1,29515.65,8.0,29515.65,2.0
TXN104230,2022-05-29 03:35:37,P015,CU0077,Debit Card,3,12983.14,5.0,38949.42,5.0
TXN102768,2022-05-30 04:09:08,P009,CU0073,Credit Card,1,26873.42,0.0,26873.42,2.5
TXN102556,2022-05-30 05:14:53,P001,CU0151,Credit Card,1,36578.57,0.0,36578.57,3.5
TXN100336,2022-05-30 20:50:26,P013,CU0212,Credit Card,1,26406.77,8.0,26406.77,3.0
TXN102784,2022-05-31 02:08:40,P013,CU0352,Debit Card,2,30909.97,3.0,61819.94,3.5
TXN103050,2022-05-31 09:38:22,P003,CU0101,Debit Card,2,51675.02,3.0,103350.04,3.5
TXN103528,2022-05-31 17:03:35,P007,CU0196,Debit Card,1,59678.3,5.0,59678.3,3.5
TXN100259,2022-06-01 00:49:09,P011,CU0420,Debit Card,3,33001.53,0.0,99004.59,3.0
TXN102878,2022-06-01 08:07:14,P010,CU0151,Credit Card,1,18335.33,0.0,18335.33,5.0
TXN103014,2022-06-01 09:49:13,P002,CU0436,Credit Card,1,43342.72,8.0,43342.72,3.5
TXN103265,2022-06-01 10:01:11,P010,CU0210,Credit Card,1,20445.87,5.0,20445.87,4.5
TXN101047,2022-06-02 01:43:43,P007,CU0207,UPI,1,19292.95,10.0,19292.95,4.5
TXN103407,2022-06-02 03:45:36,P003,CU0177,Credit Card,1,32917.4,10.0,32917.4,3.0
TXN102753,2022-06-02 06:22:58,P010,CU0440,Credit Card,1,39307.4,10.0,39307.4,3.0
TXN100268,2022-06-02 15:35:58,P002,CU0181,UPI,5,69120.07,0.0,345600.35,4.0
TXN100824,2022-06-02 21:34:06,P002,CU0349,Credit Card,3,69219.83,0.0,207659.49,3.5
TXN102292,2022-06-03 04:36:37,P013,CU0318,UPI,1,21792.47,0.0,21792.47,4.5
TXN102139,2022-06-03 08:50:12,P003,CU0398,Credit Card,1,36061.33,5.0,36061.33,4.5
TXN100250,2022-06-03 13:26:54,P003,CU0171,UPI,1,59075.4,8.0,59075.4,4.5
TXN100890,2022-06-03 13:59:57,P012,CU0068,UPI,2,17835.19,3.0,35670.38,5.0
TXN101108,2022-06-04 02:07:46,P007,CU0385,UPI,1,36392.78,3.0,36392.78,4.0
TXN101516,2022-06-04 11:16:27,P013,CU0333,Credit Card,2,21568.02,0.0,43136.04,3.0
TXN100489,2022-06-04 16:24:47,P004,CU0394,UPI,1,39508.5,5.0,39508.5,3.5
TXN100498,2022-06-05 21:27:37,P016,CU0285,Credit Card,2,24722.2,0.0,49444.4,4.5
TXN100464,2022-06-06 00:48:41,P006,CU0075,Credit Card,1,29014.91,8.0,29014.91,2.5
TXN100251,2022-06-07 05:02:05,P007,CU0028,Cash,2,18584.43,3.0,37168.86,4.0
TXN103571,2022-06-07 05:18:48,P010,CU0052,UPI,1,40797.5,3.0,40797.5,4.5
TXN103432,2022-06-07 17:14:23,P012,CU0447,Credit Card,2,17034.67,0.0,34069.34,2.5
TXN103348,2022-06-07 19:59:56,P013,CU0201,Cash,2,14463.34,8.0,28926.68,5.0
TXN100919,2022-06-08 09:44:36,P016,CU0471,UPI,2,28483.32,0.0,56966.64,4.5
TXN102907,2022-06-08 19:27:02,P005,CU0485,UPI,3,43378.36,10.0,130135.08,4.0
TXN104374,2022-06-09 10:26:46,P010,CU0363,Cash,4,23284.57,0.0,93138.28,4.5
TXN103029,2022-06-09 11:04:02,P015,CU0488,UPI,3,19476.89,0.0,58430.67,5.0
TXN101197,2022-06-09 16:36:04,P015,CU0227,Credit Card,2,16730.29,8.0,33460.58,4.5
TXN100977,2022-06-09 19:57:08,P017,CU0334,Cash,2,26110.59,0.0,52221.18,5.0
TXN100719,2022-06-09 20:32:43,P003,CU0371,Debit Card,1,33251.87,3.0,33251.87,3.5
TXN100244,2022-06-10 11:38:44,P017,CU0228,Debit Card,1,17387.5,15.0,17387.5,5.0
TXN102359,2022-06-10 13:12:22,P015,CU0347,UPI,1,11053.24,15.0,11053.24,4.5
TXN100982,2022-06-10 21:40:44,P012,CU0408,Credit Card,4,21072.18,0.0,84288.72,4.5
TXN100205,2022-06-11 04:06:33,P016,CU0257,Debit Card,1,15720.3,5.0,15720.3,4.5
TXN104289,2022-06-11 06:42:57,P014,CU0432,UPI,2,15772.75,15.0,31545.5,3.5
TXN102873,2022-06-11 08:08:18,P017,CU0109,Credit Card,2,21570.53,10.0,43141.06,4.5
TXN100586,2022-06-11 09:45:10,P002,CU0402,Credit Card,2,47422.92,10.0,94845.84,4.0
TXN100959,2022-06-12 05:38:34,P006,CU0223,Cash,1,42161.76,10.0,42161.76,3.0
TXN101973,2022-06-12 11:03:18,P006,CU0471,Debit Card,1,53648.31,5.0,53648.31,3.5
TXN103082,2022-06-12 11:27:21,P008,CU0108,Credit Card,1,32941.19,0.0,32941.19,4.0
TXN103974,2022-06-12 12:18:10,P003,CU0042,Debit Card,4,48532.86,5.0,194131.44,4.5
TXN104054,2022-06-13 00:39:52,P013,CU0019,Cash,1,32601.67,0.0,32601.67,3.5
TXN102719,2022-06-13 04:55:25,P015,CU0104,UPI,1,12333.16,15.0,12333.16,3.5
TXN100777,2022-06-13 18:59:39,P009,CU0354,Credit Card,1,41268.17,3.0,41268.17,4.0
TXN104484,2022-06-13 22:02:21,P012,CU0064,Credit Card,2,24155.4,8.0,48310.8,2.5
TXN102776,2022-06-14 11:20:53,P002,CU0415,Debit Card,2,71310.87,0.0,142621.74,4.0
TXN101132,2022-06-14 11:49:01,P005,CU0019,Credit Card,5,23467.41,0.0,117337.05,4.5
TXN102735,2022-06-15 01:19:54,P014,CU0204,Credit Card,1,23614.82,0.0,23614.82,4.0
TXN103586,2022-06-15 07:12:27,P002,CU0043,Debit Card,1,36173.0,0.0,36173.0,4.0
TXN102418,2022-06-15 10:06:38,P001,CU0088,Cash,4,71514.19,0.0,286056.76,2.5
TXN103488,2022-06-15 10:14:18,P011,CU0482,UPI,2,38609.52,5.0,77219.04,2.5
TXN102931,2022-06-15 13:52:41,P004,CU0084,Cash,1,32570.29,5.0,32570.29,4.5
TXN102405,2022-06-15 18:56:33,P006,CU0106,Cash,1,46290.09,3.0,46290.09,4.5
TXN101234,2022-06-15 21:42:54,P010,CU0399,Cash,1,20455.89,5.0,20455.89,4.5
TXN103856,2022-06-16 22:53:23,P017,CU0124,Cash,1,22840.43,5.0,22840.43,5.0
TXN102628,2022-06-17 11:16:21,P007,CU0296,UPI,1,27142.9,3.0,27142.9,4.0
TXN102925,2022-06-17 15:54:15,P015,CU0354,Credit Card,2,23569.32,10.0,47138.64,3.0
TXN102603,2022-06-17 18:42:42,P005,CU0141,Cash,1,57905.7,0.0,57905.7,3.0
TXN100512,2022-06-17 20:57:59,P005,CU0292,Debit Card,3,39840.88,5.0,119522.64,4.0
TXN100046,2022-06-18 06:07:28,P004,CU0468,Debit Card,1,54266.19,0.0,54266.19,3.5
TXN101501,2022-06-19 06:09:28,P013,CU0198,UPI,1,15952.26,8.0,15952.26,3.5
TXN104226,2022-06-19 10:29:21,P010,CU0214,Credit Card,5,23177.84,10.0,115889.2,5.0
TXN103715,2022-06-20 11:41:43,P003,CU0325,UPI,2,65214.37,3.0,130428.74,4.5
TXN103789,2022-06-20 21:49:15,P008,CU0371,Debit Card,2,54981.29,8.0,109962.58,3.0
TXN103402,2022-06-21 05:53:53,P007,CU0273,UPI,2,44194.85,0.0,88389.7,3.0
TXN102306,2022-06-21 07:40:47,P009,CU0207,UPI,3,26808.97,15.0,80426.91,3.5
TXN104202,2022-06-21 21:24:13,P003,CU0376,UPI,2,52779.42,5.0,105558.84,3.0
TXN102468,2022-06-21 23:57:42,P005,CU0480,UPI,1,33338.44,0.0,33338.44,4.5
TXN100320,2022-06-22 07:02:53,P017,CU0390,UPI,2,11470.61,5.0,22941.22,4.0
TXN101442,2022-06-22 14:25:55,P013,CU0475,UPI,2,20655.6,3.0,41311.2,4.0
TXN102347,2022-06-23 10:22:51,P008,CU0092,Cash,1,58537.32,0.0,58537.32,4.5
TXN100466,2022-06-23 12:15:42,P008,CU0311,UPI,1,26658.02,10.0,26658.02,4.0
TXN104195,2022-06-23 12:24:21,P013,CU0173,Debit Card,1,16422.27,8.0,16422.27,4.0
TXN100485,2022-06-24 11:35:13,P001,CU0409,UPI,1,47202.7,5.0,47202.7,3.5
TXN102597,2022-06-24 20:14:21,P011,CU0068,UPI,1,40491.28,3.0,40491.28,3.5
TXN102090,2022-06-25 02:39:10,P012,CU0264,Credit Card,1,33469.07,0.0,33469.07,5.0
TXN100064,2022-06-26 01:18:16,P004,CU0109,UPI,1,37575.38,0.0,37575.38,4.0
TXN104009,2022-06-26 01:32:35,P016,CU0290,Cash,1,18799.76,0.0,18799.76,4.0
TXN103755,2022-06-26 06:53:43,P006,CU0088,UPI,1,20984.54,0.0,20984.54,3.0
TXN101706,2022-06-26 10:14:05,P009,CU0370,Debit Card,1,48202.44,0.0,48202.44,4.5
TXN101157,2022-06-26 13:04:41,P003,CU0490,UPI,1,29969.44,5.0,29969.44,3.5
TXN104381,2022-06-26 22:07:03,P004,CU0224,UPI,1,33860.0,0.0,33860.0,2.5
TXN101254,2022-06-26 22:09:24,P002,CU0390,Debit Card,1,48374.55,5.0,48374.55,3.0
TXN103871,2022-06-26 23:49:58,P016,CU0278,Credit Card,1,22597.34,3.0,22597.34,1.5
TXN102940,2022-06-27 09:18:17,P004,CU0238,Cash,1,59216.65,0.0,59216.65,5.0
TXN103297,2022-06-27 19:25:45,P007,CU0184,Credit Card,1,58941.71,8.0,58941.71,2.5
TXN101409,2022-06-28 05:40:00,P002,CU0151,Credit Card,2,37335.91,8.0,74671.82,3.0
TXN102941,2022-06-28 16:11:24,P010,CU0433,UPI,2,23706.24,0.0,47412.48,4.0
TXN103314,2022-06-28 17:52:03,P004,CU0081,UPI,1,57975.18,8.0,57975.18,4.0
TXN100721,2022-06-29 23:17:25,P001,CU0307,Cash,1,62722.2,15.0,62722.2,3.5
TXN101713,2022-06-30 02:42:07,P011,CU0338,Cash,3,21730.44,5.0,65191.32,5.0
TXN100497,2022-06-30 04:18:01,P001,CU0144,Cash,2,38618.43,3.0,77236.86,4.0
TXN100433,2022-06-30 05:23:02,P004,CU0270,Debit Card,2,48462.9,8.0,96925.8,4.0
TXN102268,2022-06-30 06:44:08,P007,CU0231,Debit Card,2,60958.39,0.0,121916.78,3.5
TXN100041,2022-06-30 22:24:17,P008,CU0030,Credit Card,4,20504.03,0.0,82016.12,4.5
TXN102687,2022-07-01 23:32:27,P008,CU0300,Debit Card,2,56047.35,5.0,112094.7,5.0
TXN101202,2022-07-02 05:44:42,P014,CU0368,UPI,3,21493.68,0.0,64481.04,3.5
TXN100868,2022-07-02 11:13:46,P017,CU0129,UPI,2,25787.79,8.0,51575.58,5.0
TXN100825,2022-07-02 15:05:04,P003,CU0206,Cash,2,37202.67,0.0,74405.34,4.0
TXN100646,2022-07-03 02:33:04,P010,CU0217,Credit Card,1,23429.01,3.0,23429.01,4.0
TXN100075,2022-07-03 07:44:31,P003,CU0412,Debit Card,1,74550.37,0.0,74550.37,3.5
TXN101017,2022-07-03 19:05:58,P001,CU0421,Cash,3,38008.54,3.0,114025.62,2.5
TXN104387,2022-07-04 11:33:42,P001,CU0030,Credit Card,2,46857.48,10.0,93714.96,2.5
TXN102934,2022-07-04 23:37:35,P002,CU0209,Debit Card,2,50826.29,5.0,101652.58,4.5
TXN104248,2022-07-05 05:41:02,P006,CU0375,Credit Card,2,22218.99,15.0,44437.98,3.5
TXN102377,2022-07-05 05:56:02,P004,CU0016,Cash,2,49491.59,5.0,98983.18,4.0
TXN104495,2022-07-05 08:31:29,P013,CU0448,Credit Card,3,25714.69,15.0,77144.07,4.5
TXN104487,2022-07-05 11:01:40,P001,CU0322,UPI,1,44551.96,5.0,44551.96,4.0
TXN104038,2022-07-05 12:36:14,P003,CU0460,Debit Card,1,73255.33,0.0,73255.33,3.0
TXN103960,2022-07-05 15:46:17,P014,CU0473,Cash,2,25007.31,5.0,50014.62,3.0
TXN103777,2022-07-05 19:02:32,P014,CU0120,UPI,3,21084.85,0.0,63254.55,3.5
TXN100748,2022-07-05 19:32:11,P008,CU0231,UPI,2,54755.6,10.0,109511.2,4.0
TXN100660,2022-07-05 22:04:29,P016,CU0080,Credit Card,1,20099.1,5.0,20099.1,3.5
TXN102277,2022-07-05 23:40:28,P017,CU0269,UPI,1,18561.79,0.0,18561.79,2.5
TXN104389,2022-07-06 09:02:40,P015,CU0275,Debit Card,1,26693.99,5.0,26693.99,3.5
TXN102561,2022-07-06 12:42:43,P015,CU0298,Credit Card,5,25653.21,0.0,128266.05,4.5
TXN101731,2022-07-07 05:56:20,P004,CU0491,Credit Card,2,62186.51,3.0,124373.02,5.0
TXN102606,2022-07-07 06:41:50,P011,CU0487,Credit Card,3,39481.59,5.0,118444.77,3.5
TXN101979,2022-07-07 11:17:23,P016,CU0355,Cash,1,14581.13,5.0,14581.13,4.0
TXN100197,2022-07-07 13:39:56,P016,CU0203,UPI,4,23903.82,5.0,95615.28,3.5
TXN100378,2022-07-08 21:48:11,P014,CU0204,Cash,1,28514.18,5.0,28514.18,2.5
TXN103337,2022-07-09 16:40:00,P009,CU0082,UPI,1,35257.74,3.0,35257.74,3.5
TXN103849,2022-07-09 20:40:57,P006,CU0303,Debit Card,2,29313.65,3.0,58627.3,3.0
TXN103690,2022-07-10 18:21:42,P001,CU0008,Debit Card,2,49724.29,0.0,99448.58,3.5
TXN103447,2022-07-10 20:04:17,P017,CU0344,Cash,4,13016.28,15.0,52065.12,4.5
TXN101688,2022-07-11 02:42:10,P005,CU0276,Debit Card,4,17277.86,5.0,69111.44,3.5
TXN101383,2022-07-11 07:29:08,P016,CU0426,Credit Card,2,18629.27,0.0,37258.54,3.0
TXN103461,2022-07-11 19:06:30,P008,CU0033,Cash,4,20545.84,0.0,82183.36,2.0
TXN104213,2022-07-11 23:57:51,P007,CU0254,UPI,1,49146.93,0.0,49146.93,2.5
TXN100123,2022-07-12 01:49:10,P006,CU0147,Credit Card,2,51969.67,8.0,103939.34,4.0
TXN102352,2022-07-12 02:00:26,P015,CU0018,UPI,3,26364.61,8.0,79093.83,3.0
TXN103771,2022-07-12 07:29:13,P007,CU0258,Debit Card,1,23576.11,0.0,23576.11,3.5
TXN100782,2022-07-13 05:38:26,P009,CU0230,Debit Card,4,34208.79,8.0,136835.16,4.5
TXN103664,2022-07-13 19:38:25,P006,CU0490,Debit Card,1,49085.72,3.0,49085.72,5.0
TXN100759,2022-07-14 09:32:11,P012,CU0475,Cash,1,22485.84,10.0,22485.84,4.5
TXN104294,2022-07-14 12:01:30,P007,CU0015,UPI,2,25481.79,0.0,50963.58,3.0
TXN102401,2022-07-14 19:46:06,P009,CU0139,Credit Card,3,37463.49,10.0,112390.47,2.5
TXN100510,2022-07-14 21:08:09,P003,CU0023,UPI,5,37447.53,10.0,187237.65,3.5
TXN103597,2022-07-15 03:39:41,P016,CU0327,Credit Card,1,22631.23,3.0,22631.23,3.5
TXN101433,2022-07-15 11:30:08,P004,CU0426,Credit Card,2,52433.95,0.0,104867.9,5.0
TXN100004,2022-07-15 22:41:04,P013,CU0287,Credit Card,1,17426.06,0.0,17426.06,4.0
TXN104367,2022-07-16 09:25:14,P012,CU0145,Debit Card,5,15624.33,15.0,78121.65,4.0
TXN102721,2022-07-17 22:31:05,P007,CU0107,Credit Card,2,45371.94,3.0,90743.88,3.5
TXN100149,2022-07-18 08:34:07,P009,CU0005,Credit Card,3,39716.08,15.0,119148.24,3.0
TXN102024,2022-07-18 11:09:22,P013,CU0390,Cash,1,23997.48,0.0,23997.48,4.0
TXN101938,2022-07-19 07:00:38,P007,CU0379,Credit Card,5,54146.47,0.0,270732.35,3.5
TXN102639,2022-07-19 09:47:38,P008,CU0449,Credit Card,4,44072.69,15.0,176290.76,3.5
TXN100488,2022-07-19 10:07:22,P002,CU0111,Credit Card,1,30005.62,0.0,30005.62,4.0
TXN100196,2022-07-20 03:43:33,P012,CU0258,UPI,3,23130.17,5.0,69390.51,4.5
TXN103824,2022-07-21 04:35:00,P015,CU0027,Debit Card,1,18682.54,0.0,18682.54,4.0
TXN101161,2022-07-21 06:22:18,P003,CU0106,Cash,2,35049.86,5.0,70099.72,5.0
TXN100615,2022-07-21 14:24:20,P009,CU0170,Cash,1,32261.95,3.0,32261.95,4.5
TXN101998,2022-07-21 19:59:53,P009,CU0182,Debit Card,1,32827.61,10.0,32827.61,3.5
TXN100076,2022-07-22 02:12:37,P011,CU0054,Debit Card,1,20276.08,8.0,20276.08,5.0
TXN102194,2022-07-22 09:58:02,P006,CU0416,Debit Card,1,26939.53,0.0,26939.53,4.5
TXN102121,2022-07-22 18:02:41,P005,CU0153,Debit Card,2,41513.63,5.0,83027.26,4.0
TXN100995,2022-07-22 20:45:45,P011,CU0240,Credit Card,3,28468.9,3.0,85406.7,2.0
TXN102369,2022-07-22 23:37:13,P007,CU0124,Credit Card,1,33073.05,3.0,33073.05,4.0
TXN101154,2022-07-23 06:16:19,P011,CU0404,Credit Card,2,31276.73,0.0,62553.46,4.5
TXN100195,2022-07-24 03:16:50,P007,CU0352,UPI,1,27638.33,8.0,27638.33,5.0
TXN103898,2022-07-24 03:45:06,P008,CU0189,Credit Card,1,24464.08,0.0,24464.08,4.5
TXN101975,2022-07-25 01:58:51,P014,CU0032,UPI,2,32693.79,3.0,65387.58,4.0
TXN104493,2022-07-25 06:16:26,P006,CU0333,Debit Card,2,30013.09,0.0,60026.18,3.5
TXN102221,2022-07-25 21:25:48,P013,CU0078,Credit Card,3,31223.88,8.0,93671.64,3.5
TXN101189,2022-07-26 17:19:16,P002,CU0023,Debit Card,1,74028.86,0.0,74028.86,4.5
TXN101646,2022-07-27 09:25:52,P005,CU0389,Debit Card,3,22595.34,0.0,67786.02,4.0
TXN104350,2022-07-27 16:34:48,P010,CU0279,Debit Card,2,24693.55,8.0,49387.1,4.0
TXN100698,2022-07-28 06:43:24,P010,CU0022,Credit Card,3,35153.99,0.0,105461.97,3.5
TXN103712,2022-07-28 23:14:35,P008,CU0391,UPI,3,44085.81,5.0,132257.43,3.0
TXN100332,2022-07-29 06:39:15,P016,CU0400,UPI,3,10572.98,10.0,31718.94,4.5
TXN101654,2022-07-29 22:14:11,P013,CU0007,Debit Card,2,33940.73,0.0,67881.46,4.5
TXN103496,2022-07-30 01:33:46,P017,CU0199,Credit Card,2,16522.14,3.0,33044.28,4.5
TXN101613,2022-07-30 07:35:19,P015,CU0346,Credit Card,1,11965.1,5.0,11965.1,4.5
TXN101595,2022-07-30 09:01:08,P001,CU0139,Debit Card,2,60370.36,10.0,120740.72,4.0
TXN100892,2022-07-30 17:27:29,P009,CU0369,UPI,2,32295.31,15.0,64590.62,2.0
TXN103815,2022-07-31 23:56:28,P014,CU0064,Credit Card,2,21633.19,0.0,43266.38,2.5
TXN102572,2022-08-01 07:53:39,P013,CU0118,Debit Card,1,23151.88,0.0,23151.88,4.0
TXN100513,2022-08-01 20:25:42,P015,CU0061,Credit Card,1,23701.5,5.0,23701.5,3.0
TXN102098,2022-08-02 03:30:50,P013,CU0370,Cash,4,14126.3,0.0,56505.2,4.5
TXN101417,2022-08-02 05:46:27,P007,CU0319,UPI,1,43222.06,0.0,43222.06,3.0
TXN100036,2022-08-02 06:33:46,P012,CU0456,Debit Card,1,28615.39,0.0,28615.39,4.5
TXN100633,2022-08-02 17:20:08,P016,CU0278,UPI,4,23330.93,0.0,93323.72,3.5
TXN101295,2022-08-02 21:29:41,P004,CU0104,Credit Card,1,36236.13,10.0,36236.13,4.0
TXN102056,2022-08-02 21:37:54,P005,CU0476,Cash,1,23779.7,0.0,23779.7,3.0
TXN104143,2022-08-03 03:54:59,P005,CU0328,Debit Card,1,27393.39,3.0,27393.39,4.0
TXN101896,2022-08-03 03:57:27,P014,CU0149,UPI,4,20987.99,0.0,83951.96,4.5
TXN100480,2022-08-03 17:42:41,P003,CU0272,Credit Card,1,33787.29,0.0,33787.29,3.5
TXN101972,2022-08-03 23:19:02,P007,CU0257,UPI,2,23391.02,10.0,46782.04,3.5
TXN102870,2022-08-04 10:53:42,P009,CU0235,Cash,3,38938.09,15.0,116814.27,2.0
TXN101449,2022-08-04 14:21:08,P014,CU0134,Debit Card,3,26529.58,0.0,79588.74,3.5
TXN103037,2022-08-04 17:58:13,P004,CU0356,Credit Card,2,66007.93,0.0,132015.86,3.5
TXN101566,2022-08-04 18:23:42,P002,CU0055,UPI,4,40291.06,15.0,161164.24,4.0
TXN104268,2022-08-04 23:09:58,P010,CU0166,UPI,1,41910.89,15.0,41910.89,3.5
TXN101464,2022-08-05 04:13:54,P015,CU0307,Credit Card,4,13039.88,8.0,52159.52,4.5
TXN104419,2022-08-06 00:54:09,P007,CU0307,UPI,1,47708.53,8.0,47708.53,5.0
TXN103438,2022-08-06 12:57:43,P004,CU0362,Credit Card,5,42759.79,3.0,213798.95,4.0
TXN103791,2022-08-07 05:31:46,P003,CU0335,Credit Card,1,35431.96,8.0,35431.96,1.5
TXN100137,2022-08-07 08:23:07,P002,CU0454,Cash,1,54755.39,15.0,54755.39,3.0
TXN101136,2022-08-07 09:57:34,P002,CU0428,Cash,4,39957.01,8.0,159828.04,3.5
TXN102478,2022-08-07 14:11:22,P009,CU0393,Credit Card,1,43186.41,0.0,43186.41,5.0
TXN103593,2022-08-07 18:23:01,P002,CU0051,Debit Card,1,29989.58,5.0,29989.58,3.0
TXN102447,2022-08-08 03:05:21,P003,CU0376,Debit Card,3,59730.61,5.0,179191.83,3.0
TXN100388,2022-08-08 08:54:40,P002,CU0197,UPI,1,46033.02,0.0,46033.02,2.5
TXN103485,2022-08-08 10:28:16,P004,CU0015,UPI,2,54494.28,5.0,108988.56,3.5
TXN103155,2022-08-08 16:21:20,P014,CU0345,UPI,1,20136.29,0.0,20136.29,3.5
TXN101647,2022-08-08 23:30:29,P001,CU0470,UPI,3,50614.69,0.0,151844.07,4.0
TXN100038,2022-08-09 02:29:28,P012,CU0311,Credit Card,5,12920.32,5.0,64601.6,2.5
TXN100979,2022-08-09 13:41:22,P006,CU0429,UPI,1,21022.82,3.0,21022.82,5.0
TXN102228,2022-08-10 14:21:10,P014,CU0311,UPI,4,33182.13,0.0,132728.52,3.0
TXN103625,2022-08-11 02:05:57,P002,CU0128,Cash,2,56375.06,3.0,112750.12,3.5
TXN101104,2022-08-11 04:32:49,P017,CU0477,Credit Card,3,26346.38,3.0,79039.14,4.0
TXN103983,2022-08-11 04:39:49,P002,CU0474,Credit Card,4,35821.08,3.0,143284.32,3.5
TXN104211,2022-08-11 12:14:39,P002,CU0472,Debit Card,2,30067.98,0.0,60135.96,3.0
TXN100840,2022-08-11 19:07:02,P004,CU0287,Debit Card,1,68248.63,5.0,68248.63,2.5
TXN102322,2022-08-11 20:43:27,P013,CU0190,Credit Card,1,21894.88,3.0,21894.88,4.5
TXN101578,2022-08-12 07:33:59,P011,CU0368,Credit Card,4,29873.54,0.0,119494.16,4.0
TXN102578,2022-08-12 08:07:07,P011,CU0432,Credit Card,2,42878.18,0.0,85756.36,4.0
TXN102305,2022-08-12 08:40:19,P009,CU0490,Cash,1,47126.08,5.0,47126.08,5.0
TXN102438,2022-08-12 20:49:30,P004,CU0497,UPI,1,39622.09,0.0,39622.09,2.0
TXN102642,2022-08-12 21:14:52,P015,CU0045,Debit Card,2,12514.3,3.0,25028.6,4.0
TXN103311,2022-08-13 00:46:00,P014,CU0458,UPI,1,28070.66,3.0,28070.66,3.5
TXN102608,2022-08-13 02:47:02,P014,CU0197,Credit Card,1,11041.1,10.0,11041.1,3.5
TXN102535,2022-08-13 02:58:38,P010,CU0493,Cash,1,49508.5,0.0,49508.5,4.0
TXN104243,2022-08-13 04:51:22,P008,CU0367,Cash,5,31128.49,8.0,155642.45,4.5
TXN100364,2022-08-13 06:36:58,P017,CU0282,Credit Card,1,28496.97,0.0,28496.97,4.0
TXN100099,2022-08-13 08:12:12,P015,CU0004,Cash,1,17923.16,3.0,17923.16,3.5
TXN103795,2022-08-13 09:56:25,P008,CU0432,Debit Card,4,49111.59,5.0,196446.36,4.0
TXN103120,2022-08-13 10:47:05,P008,CU0461,Credit Card,3,24814.94,0.0,74444.82,4.5
TXN103858,2022-08-14 07:05:47,P003,CU0184,Credit Card,1,44458.26,5.0,44458.26,3.5
TXN102439,2022-08-14 18:11:13,P008,CU0020,Credit Card,1,48314.56,0.0,48314.56,3.5
TXN103538,2022-08-14 22:46:42,P015,CU0152,UPI,3,17364.19,0.0,52092.57,3.5
TXN104492,2022-08-15 02:02:36,P008,CU0122,Debit Card,1,23147.44,0.0,23147.44,4.0
TXN104314,2022-08-15 09:45:56,P017,CU0230,Debit Card,3,24060.44,0.0,72181.32,3.5
TXN103782,2022-08-15 11:20:44,P013,CU0207,Debit Card,2,22116.28,5.0,44232.56,4.0
TXN100060,2022-08-16 21:20:20,P004,CU0350,Debit Card,1,59668.22,3.0,59668.22,4.0
TXN102108,2022-08-16 22:19:18,P013,CU0111,Cash,2,34284.73,0.0,68569.46,1.5
TXN101664,2022-08-18 01:42:18,P009,CU0480,Credit Card,5,35430.31,3.0,177151.55,2.5
TXN100852,2022-08-18 08:14:20,P013,CU0143,UPI,2,33446.19,0.0,66892.38,3.0
TXN101527,2022-08-18 20:06:28,P003,CU0470,UPI,2,56862.63,0.0,113725.26,2.5
TXN103056,2022-08-18 21:04:16,P012,CU0465,Credit Card,3,31264.54,3.0,93793.62,4.5
TXN101903,2022-08-19 05:36:22,P013,CU0046,Cash,2,31863.46,5.0,63726.92,3.5
TXN102880,2022-08-19 21:12:37,P003,CU0332,Credit Card,1,33821.25,0.0,33821.25,4.0
TXN103893,2022-08-20 03:49:57,P001,CU0272,Debit Card,5,63918.62,5.0,319593.1,2.5
TXN104357,2022-08-20 08:14:32,P007,CU0202,UPI,1,61370.91,0.0,61370.91,3.0
TXN104427,2022-08-20 22:52:44,P004,CU0400,UPI,1,30960.64,0.0,30960.64,3.5
TXN101414,2022-08-21 01:33:25,P015,CU0336,Debit Card,2,24856.78,10.0,49713.56,4.0
TXN103843,2022-08-21 02:44:56,P003,CU0018,Debit Card,4,43468.99,3.0,173875.96,3.0
TXN104185,2022-08-21 04:05:44,P004,CU0457,Credit Card,1,62618.75,5.0,62618.75,3.5
TXN104100,2022-08-21 17:24:05,P001,CU0479,Cash,1,43836.22,0.0,43836.22,2.5
TXN102542,2022-08-22 12:27:10,P009,CU0135,Credit Card,1,18067.04,10.0,18067.04,4.0
TXN101015,2022-08-23 16:46:50,P002,CU0408,UPI,1,50209.26,0.0,50209.26,2.0
TXN100052,2022-08-23 23:47:48,P017,CU0286,Cash,3,28457.7,0.0,85373.1,3.5
TXN100202,2022-08-24 11:33:00,P006,CU0052,UPI,1,38184.87,10.0,38184.87,3.5
TXN104383,2022-08-24 21:38:53,P011,CU0093,Debit Card,1,28369.41,3.0,28369.41,4.0
TXN103385,2022-08-25 06:20:03,P003,CU0261,Credit Card,2,37697.16,5.0,75394.32,3.5
TXN103875,2022-08-26 04:38:57,P009,CU0378,Debit Card,3,48221.59,3.0,144664.77,4.0
TXN100607,2022-08-26 11:05:03,P009,CU0242,Credit Card,2,43782.57,3.0,87565.14,5.0
TXN100335,2022-08-26 19:01:42,P014,CU0184,Debit Card,1,23134.91,3.0,23134.91,4.5
TXN101652,2022-08-27 01:19:22,P014,CU0428,Cash,2,18094.32,8.0,36188.64,3.5
TXN103164,2022-08-27 01:41:11,P005,CU0427,UPI,4,23054.52,15.0,92218.08,3.0
TXN103986,2022-08-27 04:33:59,P014,CU0212,Debit Card,2,13483.01,0.0,26966.02,2.5
TXN100170,2022-08-28 07:40:59,P002,CU0482,UPI,1,42986.53,0.0,42986.53,4.5
TXN102488,2022-08-28 22:19:09,P006,CU0429,Credit Card,2,48589.16,10.0,97178.32,2.5
TXN102621,2022-08-29 08:40:36,P002,CU0412,Debit Card,1,61773.17,3.0,61773.17,5.0
TXN103166,2022-08-29 22:42:43,P011,CU0449,Credit Card,2,21468.01,0.0,42936.02,5.0
TXN101522,2022-08-30 05:15:18,P014,CU0023,Credit Card,3,16576.86,8.0,49730.58,3.0
TXN101663,2022-08-30 07:17:10,P009,CU0320,Credit Card,1,24960.41,10.0,24960.41,3.0
TXN100796,2022-08-30 11:59:22,P008,CU0384,Debit Card,1,44251.98,0.0,44251.98,3.5
TXN103533,2022-08-30 20:47:24,P002,CU0235,Debit Card,1,34798.99,0.0,34798.99,4.0
TXN100296,2022-08-31 03:36:29,P002,CU0490,UPI,1,37148.54,5.0,37148.54,3.5
TXN101008,2022-08-31 06:02:30,P015,CU0401,Credit Card,3,18488.17,3.0,55464.51,4.0
TXN103281,2022-08-31 07:03:40,P007,CU0218,Credit Card,1,56304.63,0.0,56304.63,3.5
TXN100174,2022-08-31 07:47:48,P003,CU0301,Cash,3,49773.25,0.0,149319.75,3.5
TXN102646,2022-08-31 12:00:21,P002,CU0377,Cash,1,70202.29,0.0,70202.29,3.5
TXN103310,2022-08-31 15:32:51,P016,CU0025,Debit Card,2,16770.97,3.0,33541.94,3.0
TXN103686,2022-09-01 10:11:34,P013,CU0177,Debit Card,2,16081.38,10.0,32162.76,2.0
TXN103945,2022-09-01 14:49:34,P013,CU0010,Credit Card,1,17929.34,3.0,17929.34,3.5
TXN100816,2022-09-01 20:09:33,P001,CU0010,Credit Card,1,43204.11,0.0,43204.11,3.0
TXN100797,2022-09-01 21:15:16,P013,CU0480,Debit Card,1,26645.83,0.0,26645.83,5.0
TXN104005,2022-09-02 00:05:48,P011,CU0316,UPI,2,23254.83,10.0,46509.66,4.5
TXN101286,2022-09-02 00:20:25,P016,CU0341,Debit Card,3,21356.58,0.0,64069.74,4.5
TXN103820,2022-09-02 04:29:25,P008,CU0332,Cash,3,38913.47,8.0,116740.41,3.0
TXN100923,2022-09-02 08:24:55,P003,CU0130,UPI,4,34408.41,0.0,137633.64,4.5
TXN101139,2022-09-02 09:17:41,P006,CU0491,Credit Card,4,16496.71,10.0,65986.84,3.0
TXN102637,2022-09-03 00:43:43,P016,CU0388,Cash,2,24857.03,10.0,49714.06,4.5
TXN103202,2022-09-03 19:59:21,P017,CU0493,Debit Card,1,14351.99,0.0,14351.99,2.5
TXN100460,2022-09-04 00:20:53,P014,CU0392,Credit Card,1,14886.59,0.0,14886.59,3.5
TXN103389,2022-09-04 09:55:38,P013,CU0244,Credit Card,3,17883.9,0.0,53651.7,3.0
TXN102607,2022-09-04 11:05:08,P009,CU0107,Credit Card,1,45296.46,8.0,45296.46,4.5
TXN101942,2022-09-04 14:31:13,P017,CU0115,UPI,3,10605.14,5.0,31815.42,4.0
TXN103205,2022-09-05 06:58:46,P011,CU0241,Debit Card,3,41867.1,8.0,125601.3,2.5
TXN101268,2022-09-06 01:32:57,P010,CU0405,Debit Card,4,27632.53,0.0,110530.12,3.0
TXN102182,2022-09-06 02:55:23,P011,CU0292,Credit Card,4,45097.52,5.0,180390.08,4.5
TXN100154,2022-09-06 04:11:04,P015,CU0328,Credit Card,1,26904.19,0.0,26904.19,2.5
TXN102837,2022-09-06 09:13:29,P009,CU0434,Debit Card,2,19577.15,0.0,39154.3,3.0
TXN102203,2022-09-06 22:42:44,P017,CU0026,Credit Card,1,11662.86,5.0,11662.86,2.5
TXN101294,2022-09-07 07:50:02,P015,CU0492,Debit Card,4,17203.46,8.0,68813.84,4.0
TXN101379,2022-09-07 15:51:46,P004,CU0401,UPI,1,50287.57,0.0,50287.57,4.0
TXN101655,2022-09-07 18:47:20,P006,CU0285,Debit Card,2,40705.63,0.0,81411.26,3.0
TXN101356,2022-09-07 23:35:25,P013,CU0375,Debit Card,1,20556.1,5.0,20556.1,3.0
TXN100905,2022-09-08 00:33:04,P005,CU0444,Debit Card,1,49459.62,3.0,49459.62,3.0
TXN100704,2022-09-09 00:27:32,P006,CU0093,Cash,4,27646.46,5.0,110585.84,4.5
TXN103798,2022-09-09 00:32:16,P012,CU0478,Credit Card,4,28517.9,0.0,114071.6,3.5
TXN100914,2022-09-09 09:07:05,P016,CU0213,Debit Card,1,19473.85,3.0,19473.85,3.5
TXN102732,2022-09-09 09:13:22,P015,CU0200,Debit Card,4,22772.19,3.0,91088.76,4.0
TXN103678,2022-09-10 05:33:30,P004,CU0323,Cash,1,56273.82,5.0,56273.82,4.0
TXN102045,2022-09-10 08:41:52,P010,CU0484,Debit Card,3,46544.43,3.0,139633.29,3.5
TXN100964,2022-09-10 10:10:40,P005,CU0227,Cash,1,43157.14,5.0,43157.14,3.5
TXN104300,2022-09-10 23:48:18,P004,CU0024,Debit Card,4,47144.5,5.0,188578.0,4.0
TXN101645,2022-09-11 00:38:25,P015,CU0032,Cash,3,25218.58,0.0,75655.74,3.5
TXN102909,2022-09-11 02:12:52,P002,CU0238,Debit Card,1,41070.82,15.0,41070.82,5.0
TXN100226,2022-09-11 07:57:16,P011,CU0192,Debit Card,3,46025.6,0.0,138076.8,3.5
TXN100231,2022-09-11 08:29:53,P014,CU0405,UPI,2,13304.42,3.0,26608.84,3.0
TXN101345,2022-09-11 18:12:18,P007,CU0297,Debit Card,1,49327.1,10.0,49327.1,5.0
TXN103420,2022-09-12 00:55:46,P015,CU0005,UPI,3,20231.0,3.0,60693.0,5.0
TXN101095,2022-09-12 01:28:27,P011,CU0489,Debit Card,4,20057.55,15.0,80230.2,3.0
TXN101031,2022-09-12 13:17:46,P013,CU0121,Debit Card,1,14504.26,3.0,14504.26,2.0
TXN103980,2022-09-12 17:44:55,P008,CU0302,Debit Card,1,48725.95,5.0,48725.95,4.0
TXN102650,2022-09-12 23:51:40,P001,CU0294,Cash,1,44666.96,10.0,44666.96,5.0
TXN101997,2022-09-13 04:28:35,P003,CU0279,Cash,2,48440.31,5.0,96880.62,5.0
TXN102727,2022-09-13 14:18:29,P015,CU0298,Debit Card,1,19839.24,0.0,19839.24,2.5
TXN102388,2022-09-13 19:46:33,P014,CU0053,Debit Card,1,26823.21,3.0,26823.21,4.0
TXN103196,2022-09-14 00:41:14,P003,CU0100,UPI,1,36767.18,0.0,36767.18,3.5
TXN102852,2022-09-14 01:54:13,P010,CU0126,UPI,5,45342.23,0.0,226711.15,3.5
TXN101828,2022-09-14 03:36:29,P002,CU0150,UPI,1,37174.85,8.0,37174.85,3.0
TXN101357,2022-09-14 18:05:39,P017,CU0270,Debit Card,2,11242.03,5.0,22484.06,3.5
TXN101702,2022-09-15 01:33:26,P011,CU0205,Cash,1,20189.23,8.0,20189.23,4.5
TXN101114,2022-09-15 09:48:07,P011,CU0198,UPI,4,34335.74,3.0,137342.96,2.5
TXN102333,2022-09-15 23:58:33,P013,CU0229,UPI,2,14835.06,0.0,29670.12,3.0
TXN103908,2022-09-16 02:52:43,P011,CU0048,Debit Card,1,45765.4,5.0,45765.4,4.0
TXN104065,2022-09-17 13:12:02,P001,CU0482,Debit Card,2,67348.81,0.0,134697.62,5.0
TXN103582,2022-09-17 16:40:32,P001,CU0053,Credit Card,5,64064.75,3.0,320323.75,2.5
TXN100940,2022-09-17 17:18:09,P014,CU0193,Cash,2,25200.12,3.0,50400.24,4.5
TXN103286,2022-09-17 19:11:51,P008,CU0027,Credit Card,2,49071.47,10.0,98142.94,4.0
TXN101859,2022-09-18 04:33:05,P006,CU0297,UPI,2,51362.31,10.0,102724.62,5.0
TXN100595,2022-09-18 07:49:30,P010,CU0438,Credit Card,2,30569.81,3.0,61139.62,4.0
TXN101687,2022-09-18 10:23:37,P013,CU0178,Cash,3,17716.65,8.0,53149.95,4.5
TXN102448,2022-09-18 10:46:36,P003,CU0338,UPI,4,62440.73,5.0,249762.92,3.5
TXN102562,2022-09-18 16:24:36,P010,CU0201,UPI,1,37204.25,10.0,37204.25,2.5
TXN100894,2022-09-18 17:39:35,P003,CU0006,Debit Card,1,42159.0,0.0,42159.0,3.0
TXN102717,2022-09-18 19:40:58,P005,CU0127,UPI,1,32671.81,3.0,32671.81,4.0
TXN103393,2022-09-19 00:57:35,P007,CU0283,UPI,3,58466.69,5.0,175400.07,4.0
TXN101056,2022-09-19 16:39:58,P002,CU0167,Credit Card,1,45652.99,5.0,45652.99,4.5
TXN102512,2022-09-19 19:43:56,P004,CU0102,UPI,1,54860.93,0.0,54860.93,4.5
TXN104018,2022-09-19 22:49:22,P002,CU0044,Debit Card,4,34331.13,10.0,137324.52,3.5
TXN102035,2022-09-20 04:24:04,P014,CU0082,Credit Card,3,18059.19,5.0,54177.57,4.5
TXN101090,2022-09-20 08:38:21,P001,CU0389,Cash,1,47985.48,8.0,47985.48,4.5
TXN103371,2022-09-20 19:40:21,P014,CU0493,UPI,1,19522.38,0.0,19522.38,4.5
TXN102147,2022-09-20 20:32:39,P001,CU0201,UPI,1,64157.9,3.0,64157.9,4.0
TXN102450,2022-09-21 13:10:39,P012,CU0221,Debit Card,4,13851.86,0.0,55407.44,3.0
TXN103532,2022-09-21 16:59:01,P010,CU0109,Credit Card,2,40674.66,5.0,81349.32,4.5
TXN101631,2022-09-21 17:17:54,P004,CU0274,Credit Card,1,34478.17,0.0,34478.17,3.5
TXN100266,2022-09-21 19:02:14,P014,CU0313,Debit Card,1,11763.23,10.0,11763.23,2.5
TXN102541,2022-09-21 23:12:14,P014,CU0052,UPI,1,29661.22,8.0,29661.22,4.0
TXN103608,2022-09-22 10:11:01,P009,CU0216,Cash,4,22767.16,0.0,91068.64,4.5
TXN101669,2022-09-22 11:04:14,P015,CU0107,Credit Card,3,27653.23,3.0,82959.69,3.5
TXN104392,2022-09-22 19:46:55,P008,CU0425,UPI,2,20743.43,3.0,41486.86,2.5
TXN102635,2022-09-23 02:49:14,P013,CU0397,Credit Card,3,23584.11,5.0,70752.33,5.0
TXN103623,2022-09-23 04:34:29,P001,CU0281,Cash,4,54696.65,0.0,218786.6,1.5
TXN101709,2022-09-23 12:06:53,P010,CU0263,Cash,3,31632.65,15.0,94897.95,2.5
TXN103628,2022-09-23 16:12:17,P016,CU0388,Credit Card,1,21591.93,5.0,21591.93,4.5
TXN104465,2022-09-23 17:48:02,P007,CU0497,Credit Card,1,61172.02,5.0,61172.02,5.0
TXN104415,2022-09-23 19:21:07,P014,CU0463,UPI,1,26275.05,5.0,26275.05,4.0
TXN103430,2022-09-24 03:35:48,P014,CU0398,Debit Card,1,32372.61,3.0,32372.61,4.5
TXN102699,2022-09-24 13:14:09,P013,CU0489,Credit Card,2,27102.39,0.0,54204.78,3.5
TXN103141,2022-09-25 02:54:22,P013,CU0109,UPI,1,22342.65,0.0,22342.65,3.5
TXN100644,2022-09-25 08:03:14,P017,CU0466,Debit Card,3,11690.82,8.0,35072.46,4.0
TXN102159,2022-09-25 19:03:57,P009,CU0079,UPI,1,36837.96,3.0,36837.96,2.5
TXN100122,2022-09-25 23:57:29,P017,CU0037,Debit Card,1,26959.72,10.0,26959.72,4.0
TXN101220,2022-09-26 02:49:20,P006,CU0279,Debit Card,2,48786.66,0.0,97573.32,3.0
TXN101551,2022-09-26 03:08:03,P014,CU0186,Credit Card,1,31518.1,8.0,31518.1,4.0
TXN101455,2022-09-26 07:42:11,P010,CU0082,UPI,4,43475.08,0.0,173900.32,5.0
TXN103242,2022-09-26 18:23:24,P002,CU0122,UPI,1,68030.86,3.0,68030.86,2.5
TXN103076,2022-09-26 18:44:45,P007,CU0438,Cash,1,46004.35,3.0,46004.35,4.0
TXN101122,2022-09-27 05:51:16,P017,CU0079,Cash,5,27818.07,3.0,139090.35,3.5
TXN104261,2022-09-27 09:41:53,P010,CU0395,Cash,4,17451.88,10.0,69807.52,3.5
TXN102122,2022-09-27 16:34:23,P002,CU0219,Credit Card,1,55898.19,5.0,55898.19,5.0
TXN101923,2022-09-28 01:43:23,P011,CU0328,UPI,1,34445.75,0.0,34445.75,4.0
TXN101235,2022-09-28 04:51:28,P017,CU0167,Debit Card,2,23383.59,0.0,46767.18,4.0
TXN103601,2022-09-28 13:46:12,P004,CU0395,UPI,4,30283.47,3.0,121133.88,5.0
TXN103749,2022-09-29 15:02:34,P012,CU0287,UPI,4,30075.26,0.0,120301.04,3.0
TXN100731,2022-09-29 15:17:02,P001,CU0233,UPI,2,68713.52,0.0,137427.04,2.0
TXN100956,2022-09-30 10:14:09,P002,CU0208,Debit Card,2,73548.95,0.0,147097.9,4.5
TXN102574,2022-09-30 13:38:58,P011,CU0042,Credit Card,1,37589.34,3.0,37589.34,4.5
TXN100728,2022-10-01 05:53:33,P010,CU0046,Cash,1,45523.54,5.0,45523.54,3.0
TXN100722,2022-10-01 21:00:26,P002,CU0436,Cash,2,34338.45,0.0,68676.9,3.0
TXN100774,2022-10-02 05:26:20,P012,CU0182,Credit Card,4,19601.68,0.0,78406.72,5.0
TXN102474,2022-10-02 07:15:44,P001,CU0377,Debit Card,1,50269.61,0.0,50269.61,3.5
TXN101065,2022-10-02 18:07:52,P010,CU0283,Credit Card,2,40028.51,10.0,80057.02,5.0
TXN104396,2022-10-02 19:44:10,P016,CU0035,Credit Card,2,20291.04,3.0,40582.08,3.0
TXN101350,2022-10-02 22:22:00,P013,CU0484,UPI,1,28843.89,0.0,28843.89,3.5
TXN100011,2022-10-03 02:09:07,P004,CU0368,Cash,3,32719.23,0.0,98157.69,4.0
TXN101487,2022-10-03 12:55:35,P008,CU0183,UPI,3,59451.65,8.0,178354.95,5.0
TXN102972,2022-10-03 17:33:18,P015,CU0252,UPI,1,10599.07,10.0,10599.07,4.0
TXN101110,2022-10-04 04:23:39,P010,CU0006,Debit Card,1,19680.9,0.0,19680.9,4.0
TXN101048,2022-10-04 13:43:36,P009,CU0220,UPI,1,20962.93,8.0,20962.93,3.5
TXN100072,2022-10-05 03:04:28,P005,CU0308,Credit Card,4,44160.59,0.0,176642.36,4.0
TXN101291,2022-10-06 05:51:49,P014,CU0292,UPI,1,16468.24,0.0,16468.24,4.0
TXN101948,2022-10-06 08:00:25,P007,CU0078,Cash,1,55703.97,8.0,55703.97,4.0
TXN101743,2022-10-06 10:31:52,P016,CU0275,Credit Card,3,26681.89,3.0,80045.67,3.0
TXN100117,2022-10-06 12:27:56,P012,CU0428,Debit Card,3,18293.29,8.0,54879.87,3.5
TXN101770,2022-10-06 21:20:01,P004,CU0170,Credit Card,1,57275.96,0.0,57275.96,4.5
TXN104164,2022-10-07 04:02:15,P006,CU0480,UPI,5,42769.91,8.0,213849.55,3.0
TXN103622,2022-10-07 13:07:49,P011,CU0336,Cash,3,19215.69,0.0,57647.07,3.0
TXN103838,2022-10-07 14:26:19,P010,CU0217,Credit Card,1,34000.37,3.0,34000.37,4.0
TXN100726,2022-10-07 14:45:26,P008,CU0449,Cash,4,36570.64,5.0,146282.56,2.5
TXN104336,2022-10-07 16:22:32,P014,CU0189,UPI,4,21167.67,10.0,84670.68,4.0
TXN104029,2022-10-08 00:47:38,P013,CU0088,Credit Card,1,31111.98,0.0,31111.98,4.0
TXN103634,2022-10-08 10:39:31,P016,CU0405,Credit Card,1,24408.09,0.0,24408.09,4.5
TXN100738,2022-10-09 06:02:22,P017,CU0343,UPI,1,26825.21,3.0,26825.21,3.5
TXN104403,2022-10-09 09:06:25,P002,CU0058,UPI,1,42169.4,3.0,42169.4,3.5
TXN102737,2022-10-09 17:22:37,P012,CU0202,Debit Card,2,30098.51,0.0,60197.02,3.5
TXN104041,2022-10-09 20:11:21,P004,CU0459,Credit Card,3,42186.93,0.0,126560.79,3.0
TXN104400,2022-10-10 00:39:16,P013,CU0175,UPI,1,30787.64,0.0,30787.64,5.0
TXN100808,2022-10-10 01:04:10,P010,CU0251,Debit Card,2,37667.01,8.0,75334.02,3.0
TXN102198,2022-10-10 05:10:56,P017,CU0031,UPI,2,20151.96,3.0,40303.92,4.0
TXN102456,2022-10-10 22:31:36,P002,CU0055,Cash,2,55754.98,0.0,111509.96,4.0
TXN103125,2022-10-11 06:10:41,P006,CU0240,Debit Card,4,26701.99,0.0,106807.96,2.5
TXN101803,2022-10-11 20:44:13,P017,CU0085,Credit Card,2,10442.08,0.0,20884.16,4.0
TXN103101,2022-10-11 21:57:57,P006,CU0045,Cash,2,18575.56,3.0,37151.12,4.0
TXN103495,2022-10-12 01:10:45,P006,CU0183,Debit Card,3,32252.79,0.0,96758.37,3.5
TXN102296,2022-10-12 19:33:05,P009,CU0208,UPI,4,20400.33,3.0,81601.32,3.0
TXN102678,2022-10-12 20:43:52,P015,CU0287,UPI,2,24556.3,10.0,49112.6,4.0
TXN103295,2022-10-14 02:29:05,P005,CU0226,Debit Card,1,25044.57,8.0,25044.57,4.5
TXN100417,2022-10-14 16:08:20,P009,CU0187,Credit Card,1,20154.37,15.0,20154.37,4.5
TXN102042,2022-10-14 18:36:03,P012,CU0122,Debit Card,3,29205.15,5.0,87615.45,5.0
TXN100491,2022-10-15 06:00:58,P006,CU0292,Cash,2,50940.06,10.0,101880.12,3.0
TXN100950,2022-10-15 15:00:36,P017,CU0341,Debit Card,4,13319.42,10.0,53277.68,4.0
TXN101454,2022-10-16 08:09:12,P006,CU0079,Credit Card,2,24324.26,0.0,48648.52,5.0
TXN100610,2022-10-16 09:56:11,P012,CU0375,Credit Card,1,14163.9,5.0,14163.9,2.5
TXN101180,2022-10-16 22:28:45,P009,CU0072,Credit Card,1,21388.15,8.0,21388.15,5.0
TXN101200,2022-10-18 01:32:04,P017,CU0394,Credit Card,1,20672.79,0.0,20672.79,4.0
TXN101848,2022-10-18 02:42:06,P017,CU0074,Debit Card,1,19839.85,0.0,19839.85,2.5
TXN102595,2022-10-18 03:00:54,P013,CU0301,Debit Card,2,17819.17,3.0,35638.34,3.5
TXN100147,2022-10-18 04:04:05,P001,CU0180,UPI,5,54384.92,0.0,271924.6,3.5
TXN101620,2022-10-18 05:39:05,P011,CU0413,UPI,2,43146.49,0.0,86292.98,2.5
TXN101483,2022-10-20 01:11:23,P017,CU0479,Debit Card,1,27451.35,0.0,27451.35,2.0
TXN102715,2022-10-20 04:14:48,P012,CU0479,UPI,2,26149.86,10.0,52299.72,4.5
TXN100737,2022-10-20 15:37:14,P010,CU0295,Credit Card,1,36794.68,10.0,36794.68,5.0
TXN100423,2022-10-20 16:33:42,P012,CU0390,Debit Card,5,12036.29,5.0,60181.45,4.0
TXN100700,2022-10-21 04:09:38,P014,CU0129,UPI,2,26643.61,5.0,53287.22,4.0
TXN102453,2022-10-21 14:01:44,P011,CU0496,UPI,3,24942.13,0.0,74826.39,4.5
TXN104462,2022-10-21 20:30:44,P015,CU0093,UPI,2,16284.86,0.0,32569.72,4.0
TXN103277,2022-10-22 07:29:58,P013,CU0158,Credit Card,1,34459.14,0.0,34459.14,5.0
TXN102957,2022-10-22 11:32:37,P014,CU0359,UPI,1,18517.95,0.0,18517.95,5.0
TXN101918,2022-10-22 12:44:07,P009,CU0352,Credit Card,4,37957.56,10.0,151830.24,3.5
TXN103860,2022-10-22 15:51:10,P016,CU0135,Debit Card,4,16709.81,8.0,66839.24,3.5
TXN104077,2022-10-23 10:06:44,P007,CU0354,Credit Card,1,20328.33,3.0,20328.33,2.5
TXN101016,2022-10-23 15:50:25,P016,CU0203,UPI,1,16350.36,8.0,16350.36,3.5
TXN100029,2022-10-23 20:29:55,P016,CU0359,Cash,1,20709.94,8.0,20709.94,3.0
TXN102201,2022-10-23 20:49:02,P014,CU0269,UPI,1,27295.79,5.0,27295.79,4.0
TXN104186,2022-10-24 06:31:47,P005,CU0148,Debit Card,2,56320.1,10.0,112640.2,5.0
TXN101538,2022-10-24 19:40:48,P003,CU0411,UPI,1,34891.26,0.0,34891.26,3.0
TXN104136,2022-10-24 21:34:12,P001,CU0161,Debit Card,1,34746.18,8.0,34746.18,4.0
TXN103950,2022-10-25 06:46:36,P017,CU0145,Credit Card,1,20721.67,3.0,20721.67,4.5
TXN100520,2022-10-25 18:51:08,P016,CU0420,Credit Card,1,27909.57,3.0,27909.57,4.5
TXN100626,2022-10-25 23:57:33,P012,CU0303,Debit Card,1,17555.93,5.0,17555.93,4.0
TXN103282,2022-10-26 09:00:45,P010,CU0016,Debit Card,1,24794.41,0.0,24794.41,3.5
TXN102387,2022-10-26 17:48:31,P004,CU0018,UPI,3,29744.83,8.0,89234.49,4.5
TXN102241,2022-10-26 20:16:51,P014,CU0469,Debit Card,4,16575.22,5.0,66300.88,4.5
TXN104380,2022-10-27 06:12:43,P006,CU0029,Credit Card,3,58409.33,0.0,175227.99,3.5
TXN101691,2022-10-27 07:17:29,P002,CU0256,Cash,1,39861.41,0.0,39861.41,2.5
TXN100157,2022-10-27 09:33:46,P002,CU0010,Cash,1,74131.02,0.0,74131.02,4.0
TXN102575,2022-10-28 08:12:57,P016,CU0330,UPI,2,11496.4,0.0,22992.8,4.0
TXN103630,2022-10-28 17:20:57,P009,CU0109,UPI,3,21618.36,3.0,64855.08,2.5
TXN101817,2022-10-28 18:20:04,P001,CU0441,UPI,1,64295.37,3.0,64295.37,5.0
TXN103834,2022-10-29 04:35:05,P013,CU0222,Credit Card,2,15006.89,0.0,30013.78,4.0
TXN101924,2022-10-29 17:50:59,P010,CU0277,Credit Card,4,30734.21,0.0,122936.84,3.5
TXN104217,2022-10-29 23:34:05,P006,CU0491,Credit Card,1,44852.74,0.0,44852.74,4.5
TXN104302,2022-10-30 08:28:54,P010,CU0445,Cash,1,46003.04,0.0,46003.04,5.0
TXN100048,2022-10-30 09:29:20,P013,CU0147,Cash,1,22422.81,5.0,22422.81,3.5
TXN101260,2022-10-31 15:44:51,P001,CU0465,Debit Card,4,36934.23,8.0,147736.92,3.0
TXN104351,2022-10-31 17:03:37,P005,CU0055,Debit Card,2,59960.43,0.0,119920.86,5.0
TXN100330,2022-11-01 05:59:20,P006,CU0303,UPI,1,42886.0,15.0,42886.0,4.0
TXN104307,2022-11-01 14:33:51,P010,CU0337,UPI,1,41315.77,15.0,41315.77,2.5
TXN103264,2022-11-01 22:47:09,P010,CU0015,Cash,1,28789.37,3.0,28789.37,4.5
TXN101862,2022-11-02 02:33:07,P011,CU0105,UPI,1,23031.68,0.0,23031.68,3.0
TXN100421,2022-11-03 02:19:11,P014,CU0218,Debit Card,2,11269.93,8.0,22539.86,3.0
TXN103222,2022-11-03 23:51:20,P011,CU0006,UPI,1,33577.7,5.0,33577.7,4.0
TXN102162,2022-11-04 06:21:13,P009,CU0055,UPI,1,21265.82,0.0,21265.82,4.0
TXN103235,2022-11-05 02:39:45,P001,CU0284,Debit Card,4,52226.45,10.0,208905.8,4.5
TXN102397,2022-11-07 02:42:41,P014,CU0083,Cash,2,27572.67,3.0,55145.34,1.5
TXN103000,2022-11-07 06:17:12,P001,CU0364,Cash,2,43593.08,0.0,87186.16,2.5
TXN103208,2022-11-07 06:55:37,P002,CU0287,UPI,1,60647.99,5.0,60647.99,3.5
TXN103914,2022-11-07 09:57:04,P009,CU0019,Credit Card,3,41906.03,5.0,125718.09,3.0
TXN100358,2022-11-07 15:19:29,P015,CU0260,UPI,3,11038.14,0.0,33114.42,3.0
TXN101640,2022-11-07 15:29:44,P010,CU0486,Debit Card,4,30073.4,3.0,120293.6,4.0
TXN104257,2022-11-07 23:02:08,P013,CU0475,Debit Card,1,30553.16,0.0,30553.16,3.5
TXN102990,2022-11-08 03:22:55,P002,CU0412,Credit Card,1,35115.44,8.0,35115.44,3.0
TXN101971,2022-11-08 15:50:00,P012,CU0420,Credit Card,2,21917.72,0.0,43835.44,4.0
TXN100834,2022-11-08 17:35:48,P010,CU0271,Credit Card,4,45496.53,5.0,181986.12,4.0
TXN103395,2022-11-09 01:02:35,P007,CU0123,UPI,2,30468.73,0.0,60937.46,2.5
TXN102287,2022-11-09 05:10:34,P001,CU0160,UPI,3,46756.1,0.0,140268.3,2.5
TXN100960,2022-11-09 14:56:36,P012,CU0343,UPI,4,30212.88,0.0,120851.52,4.0
TXN101352,2022-11-09 18:42:58,P013,CU0343,Credit Card,2,27444.48,10.0,54888.96,4.0
TXN103263,2022-11-09 21:13:56,P003,CU0368,Cash,4,30850.56,0.0,123402.24,4.0
TXN100180,2022-11-10 16:30:23,P008,CU0020,Credit Card,1,56789.93,8.0,56789.93,3.0
TXN102061,2022-11-10 20:59:22,P017,CU0322,Debit Card,1,16223.34,8.0,16223.34,5.0
TXN103931,2022-11-11 08:06:53,P001,CU0118,UPI,4,65700.26,10.0,262801.04,4.5
TXN101156,2022-11-11 11:13:32,P006,CU0260,Credit Card,1,59683.28,0.0,59683.28,2.5
TXN102935,2022-11-11 12:16:16,P004,CU0160,Cash,2,32624.79,0.0,65249.58,4.5
TXN101530,2022-11-12 04:07:19,P007,CU0291,Credit Card,1,25333.89,8.0,25333.89,3.5
TXN102011,2022-11-12 07:28:55,P017,CU0140,Debit Card,1,27651.36,5.0,27651.36,3.0
TXN101092,2022-11-12 16:37:01,P003,CU0341,Debit Card,4,43751.48,8.0,175005.92,4.0
TXN102222,2022-11-12 20:02:26,P001,CU0094,Debit Card,1,49050.34,0.0,49050.34,3.5
TXN104120,2022-11-13 01:36:06,P005,CU0312,Credit Card,2,17437.29,10.0,34874.58,3.5
TXN100150,2022-11-13 16:27:40,P010,CU0463,Debit Card,3,39816.14,10.0,119448.42,3.5
TXN104021,2022-11-13 19:43:35,P008,CU0296,Cash,1,48295.28,0.0,48295.28,3.5
TXN101684,2022-11-14 16:47:49,P012,CU0168,Debit Card,1,23068.16,3.0,23068.16,2.5
TXN101437,2022-11-15 04:52:10,P010,CU0208,Debit Card,3,21123.74,3.0,63371.22,4.0
TXN103023,2022-11-15 06:54:03,P013,CU0343,UPI,3,27425.62,3.0,82276.86,4.0
TXN103727,2022-11-15 12:57:58,P003,CU0257,Credit Card,1,74670.12,0.0,74670.12,3.5
TXN102346,2022-11-15 13:07:34,P002,CU0228,Debit Card,4,73980.61,0.0,295922.44,3.5
TXN103063,2022-11-15 15:40:30,P002,CU0459,Credit Card,2,54335.46,8.0,108670.92,3.0
TXN101192,2022-11-15 16:28:11,P007,CU0223,Debit Card,2,35620.71,0.0,71241.42,4.5
TXN104452,2022-11-16 08:36:18,P001,CU0032,Debit Card,1,34364.41,0.0,34364.41,4.5
TXN103459,2022-11-16 18:16:28,P003,CU0196,Debit Card,1,55246.85,0.0,55246.85,3.0
TXN101055,2022-11-16 22:23:07,P013,CU0365,Credit Card,3,23021.88,8.0,69065.64,4.0
TXN101667,2022-11-17 05:47:13,P009,CU0293,Debit Card,3,38719.22,5.0,116157.66,3.0
TXN100506,2022-11-17 12:30:34,P013,CU0295,Cash,2,29121.68,8.0,58243.36,2.5
TXN104207,2022-11-17 16:24:20,P007,CU0197,UPI,2,17462.31,3.0,34924.62,3.5
TXN101893,2022-11-17 21:47:40,P017,CU0217,UPI,3,25088.06,0.0,75264.18,3.5
TXN104150,2022-11-18 06:27:37,P010,CU0045,Cash,4,29184.79,3.0,116739.16,3.5
TXN103502,2022-11-18 13:05:23,P001,CU0006,Debit Card,2,37938.66,0.0,75877.32,3.0
TXN100175,2022-11-19 17:28:54,P007,CU0499,Debit Card,1,54992.29,8.0,54992.29,4.5
TXN100591,2022-11-20 01:44:01,P012,CU0368,Credit Card,1,19802.73,3.0,19802.73,5.0
TXN103491,2022-11-20 05:50:54,P014,CU0297,Credit Card,1,20874.08,3.0,20874.08,3.5
TXN100887,2022-11-20 08:33:48,P017,CU0257,UPI,5,17153.05,10.0,85765.25,3.5
TXN101333,2022-11-20 08:49:29,P004,CU0345,Cash,3,45693.63,3.0,137080.89,3.0
TXN101209,2022-11-20 14:06:08,P009,CU0350,UPI,2,26896.97,8.0,53793.94,4.0
TXN103227,2022-11-20 21:42:18,P002,CU0238,Cash,2,61481.77,5.0,122963.54,2.5
TXN101182,2022-11-21 17:13:56,P014,CU0370,Debit Card,2,23137.77,10.0,46275.54,3.0
TXN101695,2022-11-21 20:25:36,P010,CU0071,Debit Card,1,29102.47,0.0,29102.47,4.5
TXN100208,2022-11-22 01:18:43,P011,CU0217,Debit Card,1,41316.57,5.0,41316.57,2.5
TXN100618,2022-11-22 09:11:03,P002,CU0486,Credit Card,1,57497.72,8.0,57497.72,4.5
TXN101736,2022-11-22 13:34:58,P013,CU0273,Debit Card,1,33747.41,0.0,33747.41,4.5
TXN101033,2022-11-22 18:28:36,P002,CU0382,UPI,3,59497.01,3.0,178491.03,4.0
TXN101583,2022-11-23 05:14:04,P001,CU0475,UPI,1,71258.93,3.0,71258.93,3.0
TXN104020,2022-11-23 16:20:59,P011,CU0081,Debit Card,1,44468.16,8.0,44468.16,3.0
TXN101168,2022-11-23 19:43:07,P010,CU0387,Credit Card,2,44781.51,10.0,89563.02,2.5
TXN103179,2022-11-24 02:37:05,P017,CU0213,UPI,3,24743.97,5.0,74231.91,3.5
TXN103008,2022-11-24 07:27:15,P016,CU0331,Cash,1,11102.18,15.0,11102.18,3.5
TXN104363,2022-11-24 08:20:10,P016,CU0014,Credit Card,1,10208.67,5.0,10208.67,3.5
TXN100856,2022-11-24 12:07:34,P015,CU0110,Credit Card,2,24937.55,3.0,49875.1,3.5
TXN102385,2022-11-24 15:24:45,P014,CU0006,UPI,1,21369.23,0.0,21369.23,4.5
TXN103842,2022-11-25 05:49:13,P012,CU0240,UPI,3,30694.33,8.0,92082.99,3.0
TXN103473,2022-11-25 10:46:21,P003,CU0181,UPI,1,51263.94,5.0,51263.94,3.5
TXN103953,2022-11-26 06:42:32,P005,CU0274,UPI,2,56758.49,5.0,113516.98,4.0
TXN101401,2022-11-26 15:37:58,P002,CU0011,Credit Card,1,57423.61,5.0,57423.61,4.5
TXN103692,2022-11-27 00:48:46,P016,CU0001,Credit Card,2,26302.82,5.0,52605.64,5.0
TXN100801,2022-11-27 02:33:36,P008,CU0180,Debit Card,1,24896.98,0.0,24896.98,5.0
TXN103837,2022-11-27 15:42:25,P016,CU0264,Debit Card,1,23905.12,0.0,23905.12,3.5
TXN102055,2022-11-27 18:13:30,P007,CU0348,Credit Card,1,34619.28,3.0,34619.28,2.0
TXN103845,2022-11-27 18:43:12,P017,CU0285,Credit Card,5,13826.5,0.0,69132.5,3.0
TXN100411,2022-11-27 19:51:43,P013,CU0255,Credit Card,3,32813.45,3.0,98440.35,5.0
TXN102307,2022-11-28 10:38:12,P003,CU0060,Credit Card,2,45315.93,3.0,90631.86,2.0
TXN102580,2022-11-28 17:48:11,P015,CU0402,Credit Card,2,19416.34,0.0,38832.68,2.0
TXN101970,2022-11-29 06:07:07,P009,CU0348,UPI,3,17833.88,5.0,53501.64,4.5
TXN103369,2022-11-29 17:01:09,P010,CU0377,UPI,2,19724.3,0.0,39448.6,4.0
TXN101819,2022-11-29 22:08:58,P017,CU0341,Debit Card,2,26791.63,5.0,53583.26,4.0
TXN103174,2022-11-30 01:37:41,P001,CU0299,UPI,2,42089.75,0.0,84179.5,3.5
TXN102688,2022-12-01 02:33:47,P004,CU0165,UPI,4,69107.06,3.0,276428.24,4.5
TXN102777,2022-12-01 09:21:11,P004,CU0389,Debit Card,2,30250.16,0.0,60500.32,3.5
TXN101318,2022-12-01 15:59:24,P008,CU0132,UPI,2,25057.43,8.0,50114.86,5.0
TXN104165,2022-12-01 17:37:55,P013,CU0113,Cash,5,28982.22,5.0,144911.1,3.5
TXN101547,2022-12-03 08:45:34,P004,CU0364,UPI,2,40426.39,5.0,80852.78,3.0
TXN101877,2022-12-03 12:10:48,P007,CU0469,Debit Card,4,32258.09,3.0,129032.36,4.5
TXN103213,2022-12-03 12:34:09,P005,CU0101,UPI,1,39234.6,0.0,39234.6,3.5
TXN101960,2022-12-03 21:50:25,P016,CU0053,Cash,1,26693.91,3.0,26693.91,5.0
TXN102946,2022-12-04 02:56:02,P005,CU0424,Credit Card,4,56186.78,0.0,224747.12,3.5
TXN100499,2022-12-04 03:00:30,P015,CU0406,Credit Card,1,11258.97,3.0,11258.97,4.0
TXN104095,2022-12-05 03:53:13,P005,CU0350,Debit Card,2,21149.82,3.0,42299.64,4.0
TXN102618,2022-12-05 04:37:02,P003,CU0464,Debit Card,1,57488.36,0.0,57488.36,4.5
TXN104188,2022-12-05 23:24:24,P010,CU0473,Credit Card,4,26816.89,0.0,107267.56,4.5
TXN100194,2022-12-07 00:35:48,P008,CU0261,Credit Card,1,24868.01,0.0,24868.01,4.0
TXN100765,2022-12-08 01:29:35,P006,CU0165,Credit Card,1,33319.96,0.0,33319.96,3.5
TXN102863,2022-12-08 01:44:54,P017,CU0141,Debit Card,3,11917.33,5.0,35751.99,4.0
TXN101453,2022-12-08 14:29:02,P004,CU0350,UPI,1,50045.9,10.0,50045.9,4.0
TXN100623,2022-12-08 17:58:28,P013,CU0295,Debit Card,4,24665.06,3.0,98660.24,4.0
TXN100536,2022-12-09 06:48:40,P006,CU0131,Debit Card,1,58154.71,0.0,58154.71,3.0
TXN102059,2022-12-09 18:38:20,P001,CU0133,Debit Card,2,37298.96,5.0,74597.92,3.5
TXN102015,2022-12-10 02:21:21,P015,CU0121,Debit Card,5,15039.31,5.0,75196.55,4.0
TXN101213,2022-12-10 12:42:18,P003,CU0130,Debit Card,2,36519.81,5.0,73039.62,2.0
TXN101853,2022-12-10 16:43:46,P014,CU0396,Credit Card,1,24358.95,3.0,24358.95,2.5
TXN101351,2022-12-11 02:39:56,P001,CU0447,UPI,1,56826.6,10.0,56826.6,4.0
TXN103111,2022-12-11 18:54:03,P004,CU0465,UPI,1,71076.77,0.0,71076.77,3.0
TXN101741,2022-12-11 19:08:14,P005,CU0211,Credit Card,1,47393.27,8.0,47393.27,2.5
TXN104126,2022-12-11 20:18:17,P003,CU0228,UPI,2,46158.62,3.0,92317.24,5.0
TXN104373,2022-12-11 22:02:30,P009,CU0429,UPI,1,42815.8,3.0,42815.8,4.0
TXN100407,2022-12-12 05:57:12,P001,CU0322,Credit Card,2,54928.6,3.0,109857.2,3.5
TXN104278,2022-12-12 07:25:27,P010,CU0396,UPI,2,48010.5,3.0,96021.0,2.5
TXN103510,2022-12-12 23:22:50,P017,CU0098,UPI,1,26966.68,10.0,26966.68,4.0
TXN103766,2022-12-13 01:02:45,P008,CU0235,Credit Card,1,39031.08,3.0,39031.08,3.5
TXN104045,2022-12-13 14:44:49,P001,CU0016,Credit Card,2,44922.06,0.0,89844.12,4.0
TXN101528,2022-12-13 19:03:13,P016,CU0464,UPI,1,23653.27,8.0,23653.27,3.5
TXN103016,2022-12-13 22:32:42,P009,CU0432,UPI,5,19010.1,0.0,95050.5,4.5
TXN100813,2022-12-14 00:30:52,P017,CU0310,UPI,4,15674.55,10.0,62698.2,2.5
TXN100716,2022-12-14 23:32:18,P007,CU0371,Credit Card,1,35616.29,3.0,35616.29,2.5
TXN101123,2022-12-15 06:07:55,P015,CU0117,UPI,2,13969.97,0.0,27939.94,3.0
TXN100907,2022-12-15 12:12:20,P017,CU0030,Cash,2,10443.86,0.0,20887.72,2.0
TXN104418,2022-12-15 21:43:25,P002,CU0216,Debit Card,2,74400.75,0.0,148801.5,4.5
TXN103231,2022-12-16 10:09:52,P006,CU0423,Credit Card,4,39700.89,5.0,158803.56,3.5
TXN103088,2022-12-16 12:39:42,P012,CU0008,UPI,1,19372.06,0.0,19372.06,3.0
TXN104090,2022-12-16 12:56:08,P016,CU0020,Cash,2,13080.26,3.0,26160.52,3.5
TXN102396,2022-12-17 08:42:10,P012,CU0268,UPI,5,15969.56,3.0,79847.8,4.0
TXN103362,2022-12-17 09:23:33,P013,CU0313,Credit Card,3,26873.5,3.0,80620.5,2.5
TXN100764,2022-12-18 03:06:47,P017,CU0052,Debit Card,1,12149.78,0.0,12149.78,3.5
TXN102994,2022-12-18 08:42:46,P001,CU0147,Cash,1,56110.81,0.0,56110.81,3.0
TXN102895,2022-12-18 10:48:21,P012,CU0362,Cash,1,13098.78,10.0,13098.78,4.0
TXN104097,2022-12-18 14:03:18,P014,CU0263,Credit Card,2,31612.2,8.0,63224.4,2.5
TXN100600,2022-12-18 19:51:19,P014,CU0484,UPI,3,29827.98,10.0,89483.94,4.5
TXN100486,2022-12-18 20:47:14,P004,CU0329,Credit Card,2,69626.21,0.0,139252.42,4.5
TXN100482,2022-12-19 00:10:51,P004,CU0392,Debit Card,2,53482.61,5.0,106965.22,3.5
TXN101452,2022-12-19 03:43:22,P017,CU0403,UPI,5,14080.03,0.0,70400.15,4.5
TXN103511,2022-12-20 03:07:41,P016,CU0105,Debit Card,2,16095.48,8.0,32190.96,3.5
TXN102417,2022-12-20 03:28:40,P003,CU0018,Debit Card,1,37417.83,5.0,37417.83,2.5
TXN102750,2022-12-20 06:20:37,P005,CU0406,Credit Card,2,31614.99,10.0,63229.98,3.0
TXN100340,2022-12-20 08:34:14,P008,CU0266,Credit Card,1,20503.91,10.0,20503.91,5.0
TXN101203,2022-12-20 16:08:17,P017,CU0090,UPI,1,16933.61,8.0,16933.61,4.0
TXN100022,2022-12-20 19:18:06,P009,CU0351,UPI,2,37830.19,3.0,75660.38,4.0
TXN103418,2022-12-21 09:41:08,P009,CU0119,UPI,1,35209.75,10.0,35209.75,3.5
TXN100922,2022-12-21 13:55:16,P014,CU0144,UPI,3,32134.87,5.0,96404.61,4.0
TXN102219,2022-12-21 18:44:34,P002,CU0082,UPI,3,37656.64,15.0,112969.92,2.5
TXN102557,2022-12-22 16:23:41,P003,CU0434,Debit Card,1,43619.29,0.0,43619.29,4.5
TXN104425,2022-12-22 19:19:03,P001,CU0430,Debit Card,2,35611.47,0.0,71222.94,4.5
TXN101314,2022-12-23 10:23:57,P005,CU0317,UPI,2,30487.03,8.0,60974.06,3.0
TXN103387,2022-12-23 15:51:57,P016,CU0130,Credit Card,1,12477.32,0.0,12477.32,4.0
TXN101367,2022-12-23 18:45:03,P001,CU0017,Credit Card,3,52695.9,10.0,158087.7,3.0
TXN103658,2022-12-24 11:34:51,P015,CU0438,UPI,1,29350.62,0.0,29350.62,2.5
TXN101262,2022-12-24 21:08:41,P001,CU0463,Credit Card,1,36980.54,5.0,36980.54,4.0
TXN103153,2022-12-25 04:35:12,P009,CU0410,Credit Card,2,43545.58,0.0,87091.16,3.5
TXN103742,2022-12-25 12:35:26,P016,CU0490,Credit Card,2,11542.59,0.0,23085.18,4.0
TXN102255,2022-12-26 04:00:26,P014,CU0453,Cash,1,20276.84,10.0,20276.84,3.5
TXN100155,2022-12-26 10:00:37,P014,CU0015,Credit Card,1,25605.91,10.0,25605.91,3.5
TXN101712,2022-12-26 18:49:58,P001,CU0057,UPI,3,56229.58,5.0,168688.74,3.0
TXN103261,2022-12-26 21:52:24,P001,CU0047,Debit Card,3,40487.32,3.0,121461.96,4.5
TXN101749,2022-12-27 02:13:53,P009,CU0318,Debit Card,1,33010.74,5.0,33010.74,3.0
TXN103529,2022-12-27 02:43:34,P012,CU0076,Debit Card,2,32701.62,3.0,65403.24,4.5
TXN101993,2022-12-27 08:28:54,P014,CU0080,UPI,2,17095.24,3.0,34190.48,5.0
TXN100679,2022-12-27 13:08:09,P007,CU0164,UPI,1,30222.19,8.0,30222.19,4.5
TXN101925,2022-12-28 08:44:49,P010,CU0330,Cash,4,26967.32,5.0,107869.28,2.0
TXN101793,2022-12-28 23:23:01,P008,CU0274,UPI,4,47906.9,0.0,191627.6,4.5
TXN101237,2022-12-29 03:28:03,P012,CU0199,Credit Card,2,14635.91,0.0,29271.82,4.5
TXN102731,2022-12-29 08:39:36,P012,CU0237,UPI,3,28178.55,3.0,84535.65,1.0
TXN101861,2022-12-30 06:48:50,P012,CU0004,Cash,2,22125.58,0.0,44251.16,3.5
TXN103570,2022-12-30 07:14:03,P013,CU0095,UPI,1,15585.28,15.0,15585.28,2.5
TXN103957,2022-12-30 11:19:18,P005,CU0161,Cash,3,23855.34,0.0,71566.02,2.5
TXN101077,2022-12-30 13:38:34,P011,CU0042,Debit Card,1,45814.68,8.0,45814.68,2.5
TXN100365,2022-12-31 01:17:14,P003,CU0226,UPI,2,39600.74,0.0,79201.48,3.5
TXN100583,2022-12-31 05:24:41,P016,CU0251,Cash,1,16585.68,0.0,16585.68,4.0
TXN101858,2022-12-31 05:32:11,P014,CU0290,Credit Card,2,20166.73,10.0,40333.46,4.0
TXN101892,2022-12-31 19:19:19,P010,CU0064,UPI,1,22758.74,3.0,22758.74,4.0
TXN103100,2023-01-01 06:12:27,P006,CU0237,UPI,5,50310.27,5.0,251551.35,3.5
TXN100219,2023-01-01 11:26:19,P004,CU0449,Credit Card,2,53212.21,0.0,106424.42,3.5
TXN102984,2023-01-01 19:08:13,P002,CU0415,Cash,2,63257.5,8.0,126515.0,4.5
TXN100223,2023-01-01 21:10:19,P015,CU0372,UPI,1,14452.13,0.0,14452.13,4.0
TXN104481,2023-01-02 05:13:20,P017,CU0256,Credit Card,2,14362.96,0.0,28725.92,1.0
TXN100307,2023-01-03 00:52:26,P001,CU0021,UPI,1,45790.29,0.0,45790.29,4.0
TXN102674,2023-01-03 08:55:10,P001,CU0141,Cash,2,53155.3,5.0,106310.6,4.0
TXN102874,2023-01-03 10:45:43,P014,CU0432,Debit Card,1,30573.63,8.0,30573.63,3.0
TXN103064,2023-01-03 11:33:35,P007,CU0231,Credit Card,5,54080.11,5.0,270400.55,3.0
TXN103779,2023-01-04 00:04:22,P009,CU0007,UPI,2,36778.34,0.0,73556.68,4.0
TXN100112,2023-01-04 01:45:21,P012,CU0012,Debit Card,1,25198.15,5.0,25198.15,5.0
TXN102246,2023-01-04 17:26:04,P012,CU0322,UPI,1,12098.9,0.0,12098.9,4.0
TXN103739,2023-01-05 09:59:26,P010,CU0386,UPI,1,35168.44,0.0,35168.44,4.5
TXN101430,2023-01-05 16:17:28,P012,CU0040,Credit Card,1,18007.45,10.0,18007.45,4.0
TXN104471,2023-01-05 17:07:53,P011,CU0295,UPI,1,48327.94,0.0,48327.94,3.5
TXN103904,2023-01-05 17:08:20,P008,CU0304,Cash,2,44697.14,0.0,89394.28,5.0
TXN100841,2023-01-06 10:24:39,P003,CU0326,Cash,2,38011.78,5.0,76023.56,2.5
TXN100283,2023-01-06 13:15:01,P016,CU0458,Debit Card,2,14038.3,0.0,28076.6,4.0
TXN102367,2023-01-08 19:06:28,P014,CU0433,Debit Card,1,32828.38,0.0,32828.38,4.5
TXN101305,2023-01-09 16:45:35,P009,CU0288,Debit Card,3,20056.2,15.0,60168.6,3.5
TXN103847,2023-01-09 18:46:18,P003,CU0102,Credit Card,1,72415.4,0.0,72415.4,3.5
TXN103145,2023-01-10 02:44:53,P010,CU0332,Cash,1,46328.37,5.0,46328.37,3.5
TXN104395,2023-01-10 04:10:51,P016,CU0213,Credit Card,2,20571.33,5.0,41142.66,4.0
TXN102199,2023-01-10 09:25:53,P017,CU0206,Credit Card,2,26898.48,5.0,53796.96,3.5
TXN100316,2023-01-10 10:59:18,P008,CU0085,UPI,4,37985.7,5.0,151942.8,2.5
TXN100020,2023-01-10 12:36:27,P008,CU0065,Debit Card,3,33170.67,0.0,99512.01,3.5
TXN101321,2023-01-10 21:12:02,P008,CU0196,Credit Card,3,64234.95,0.0,192704.85,3.5
TXN104040,2023-01-10 22:53:00,P009,CU0426,Credit Card,3,22889.19,5.0,68667.57,3.5
TXN103811,2023-01-10 23:28:34,P007,CU0306,UPI,1,63730.94,0.0,63730.94,3.5
TXN103854,2023-01-11 06:53:57,P014,CU0122,UPI,1,27994.01,5.0,27994.01,3.0
TXN100906,2023-01-11 20:25:02,P004,CU0018,Debit Card,4,41883.04,5.0,167532.16,5.0
TXN101933,2023-01-12 03:10:16,P010,CU0195,UPI,2,31279.75,0.0,62559.5,1.5
TXN103176,2023-01-12 05:11:28,P010,CU0014,Credit Card,2,30597.4,15.0,61194.8,4.5
TXN101113,2023-01-12 12:27:59,P011,CU0289,UPI,2,44743.23,0.0,89486.46,4.0
TXN102850,2023-01-12 17:47:11,P005,CU0310,Credit Card,2,50207.6,0.0,100415.2,4.0
TXN100474,2023-01-13 00:57:58,P004,CU0001,Cash,1,54654.51,8.0,54654.51,4.0
TXN102912,2023-01-13 06:27:26,P016,CU0108,UPI,1,10617.22,0.0,10617.22,3.5
TXN100359,2023-01-13 11:20:24,P003,CU0487,Debit Card,3,49599.1,8.0,148797.3,5.0
TXN104247,2023-01-13 15:53:25,P011,CU0372,UPI,3,37458.16,15.0,112374.48,3.0
TXN101135,2023-01-14 00:22:14,P005,CU0207,UPI,1,27793.72,0.0,27793.72,4.5
TXN103334,2023-01-14 05:24:27,P009,CU0216,Debit Card,4,37819.75,0.0,151279.0,4.5
TXN100523,2023-01-14 09:45:53,P010,CU0472,Cash,1,21737.4,5.0,21737.4,5.0
TXN101665,2023-01-14 11:11:41,P003,CU0041,Debit Card,2,65976.57,8.0,131953.14,4.5
TXN101559,2023-01-14 12:53:37,P015,CU0161,Debit Card,1,11026.52,3.0,11026.52,3.5
TXN100826,2023-01-14 17:17:19,P012,CU0217,Cash,1,27635.44,5.0,27635.44,4.0
TXN100178,2023-01-16 02:38:10,P009,CU0162,Cash,1,26345.21,5.0,26345.21,3.5
TXN101883,2023-01-16 06:51:25,P009,CU0154,Debit Card,1,35151.1,3.0,35151.1,3.5
TXN104297,2023-01-16 12:52:40,P017,CU0101,Debit Card,1,17578.52,3.0,17578.52,4.0
TXN104246,2023-01-16 17:55:59,P001,CU0445,UPI,2,47503.51,0.0,95007.02,3.0
TXN102676,2023-01-16 22:53:45,P004,CU0470,UPI,3,35743.22,0.0,107229.66,3.0
TXN103768,2023-01-16 22:58:15,P012,CU0019,Credit Card,3,30644.19,10.0,91932.57,4.0
TXN101728,2023-01-17 00:50:15,P007,CU0191,UPI,1,46939.93,0.0,46939.93,4.5
TXN103175,2023-01-17 08:22:08,P010,CU0410,Cash,2,18393.28,5.0,36786.56,2.5
TXN101794,2023-01-17 09:45:11,P011,CU0361,Credit Card,1,16614.97,15.0,16614.97,5.0
TXN102070,2023-01-17 15:00:04,P005,CU0318,Credit Card,1,41331.13,0.0,41331.13,2.5
TXN100913,2023-01-17 20:18:39,P004,CU0180,Cash,1,72040.46,0.0,72040.46,4.5
TXN103144,2023-01-18 06:30:58,P015,CU0340,Debit Card,3,29015.89,0.0,87047.67,2.5
TXN101800,2023-01-18 15:11:01,P011,CU0216,Credit Card,1,21667.02,0.0,21667.02,3.0
TXN101986,2023-01-18 19:50:58,P001,CU0002,Cash,2,65690.21,3.0,131380.42,4.0
TXN102034,2023-01-19 05:41:40,P001,CU0116,Credit Card,1,60383.85,15.0,60383.85,4.5
TXN102797,2023-01-19 09:25:30,P017,CU0160,UPI,3,22035.27,0.0,66105.81,3.0
TXN103316,2023-01-19 18:05:41,P008,CU0145,Cash,3,37413.5,5.0,112240.5,4.5
TXN101642,2023-01-20 00:14:20,P005,CU0015,Debit Card,3,27945.72,3.0,83837.16,4.0
TXN104192,2023-01-20 04:28:54,P009,CU0115,Cash,2,30712.22,8.0,61424.44,5.0
TXN102433,2023-01-20 07:56:18,P001,CU0098,UPI,2,64817.92,0.0,129635.84,4.5
TXN103760,2023-01-21 11:35:30,P011,CU0427,UPI,1,30346.0,0.0,30346.0,5.0
TXN102791,2023-01-21 16:05:15,P009,CU0060,Credit Card,1,45003.44,0.0,45003.44,4.5
TXN100670,2023-01-21 17:45:43,P013,CU0220,UPI,1,15243.92,0.0,15243.92,4.5
TXN103366,2023-01-22 03:08:45,P009,CU0370,Cash,4,23384.74,15.0,93538.96,4.5
TXN101643,2023-01-22 04:25:47,P001,CU0273,Credit Card,1,55893.52,15.0,55893.52,5.0
TXN102010,2023-01-22 15:05:18,P013,CU0171,Debit Card,5,27700.02,8.0,138500.1,3.0
TXN100159,2023-01-23 03:28:07,P006,CU0184,UPI,5,46113.81,3.0,230569.05,3.0
TXN100976,2023-01-23 04:28:27,P005,CU0424,Credit Card,2,25019.84,0.0,50039.68,4.0
TXN100452,2023-01-23 06:01:17,P014,CU0451,Debit Card,2,21731.35,10.0,43462.7,3.5
TXN100661,2023-01-23 12:51:02,P017,CU0484,UPI,1,22830.21,5.0,22830.21,4.5
TXN101510,2023-01-24 03:04:18,P012,CU0377,UPI,1,28385.28,3.0,28385.28,3.0
TXN102432,2023-01-24 09:42:42,P010,CU0185,UPI,3,18459.47,5.0,55378.41,3.0
TXN102774,2023-01-24 21:29:13,P011,CU0133,UPI,1,42523.54,0.0,42523.54,3.5
TXN101991,2023-01-25 01:56:25,P015,CU0264,Debit Card,4,17256.76,0.0,69027.04,5.0
TXN103190,2023-01-25 04:42:02,P004,CU0412,UPI,2,44677.15,0.0,89354.3,4.0
TXN102533,2023-01-25 11:06:13,P003,CU0399,Cash,2,52995.08,8.0,105990.16,3.5
TXN100063,2023-01-25 11:40:44,P009,CU0044,UPI,2,30356.02,5.0,60712.04,4.0
TXN100069,2023-01-25 17:09:09,P005,CU0167,UPI,2,25413.61,0.0,50827.22,3.5
TXN104458,2023-01-26 00:11:13,P002,CU0370,Debit Card,2,41454.02,0.0,82908.04,4.0
TXN101036,2023-01-26 04:45:09,P007,CU0149,Debit Card,2,21845.85,3.0,43691.7,5.0
TXN102208,2023-01-26 21:52:56,P008,CU0231,UPI,2,53657.02,3.0,107314.04,3.0
TXN103545,2023-01-27 06:41:22,P006,CU0461,UPI,1,34668.23,0.0,34668.23,4.5
TXN104498,2023-01-27 09:01:19,P002,CU0310,Cash,1,57685.06,15.0,57685.06,4.0
TXN100934,2023-01-27 15:22:38,P001,CU0289,Credit Card,2,44554.79,0.0,89109.58,3.0
TXN101327,2023-01-27 15:30:37,P002,CU0112,UPI,1,51360.19,3.0,51360.19,5.0
TXN104434,2023-01-27 16:31:54,P001,CU0319,Cash,1,50713.76,0.0,50713.76,4.0
TXN104112,2023-01-27 21:30:22,P005,CU0353,Credit Card,1,19098.04,0.0,19098.04,4.0
TXN102573,2023-01-27 23:08:37,P012,CU0309,Debit Card,1,15774.9,8.0,15774.9,5.0
TXN101577,2023-01-28 00:39:12,P001,CU0175,Debit Card,5,39214.55,8.0,196072.75,2.5
TXN100217,2023-01-28 00:58:34,P002,CU0162,Credit Card,1,59273.73,3.0,59273.73,3.5
TXN100789,2023-01-28 02:02:06,P007,CU0192,UPI,1,24211.68,3.0,24211.68,3.5
TXN101623,2023-01-28 03:30:31,P006,CU0159,Debit Card,2,46882.93,0.0,93765.86,3.0
TXN103212,2023-01-28 09:11:24,P014,CU0171,Debit Card,1,17396.26,5.0,17396.26,4.0
TXN100188,2023-01-28 09:15:40,P017,CU0110,Credit Card,1,20772.85,10.0,20772.85,5.0
TXN103498,2023-01-28 12:30:01,P003,CU0086,Debit Card,2,53869.71,5.0,107739.42,3.5
TXN101864,2023-01-28 20:15:02,P006,CU0227,Credit Card,5,44403.33,5.0,222016.65,4.5
TXN103468,2023-01-29 02:38:12,P017,CU0383,UPI,4,14461.02,0.0,57844.08,5.0
TXN101961,2023-01-29 04:26:57,P008,CU0010,UPI,1,40735.03,0.0,40735.03,3.5
TXN103569,2023-01-29 06:26:23,P005,CU0244,Debit Card,5,62733.04,0.0,313665.2,3.5
TXN104027,2023-01-29 12:36:21,P001,CU0404,Credit Card,5,52367.51,0.0,261837.55,3.5
TXN102723,2023-01-30 03:23:07,P006,CU0194,Credit Card,2,52860.25,0.0,105720.5,3.0
TXN103500,2023-01-30 03:46:50,P006,CU0115,Credit Card,1,34574.84,8.0,34574.84,3.0
TXN102655,2023-01-30 06:16:03,P014,CU0479,Cash,3,19052.14,3.0,57156.42,3.5
TXN103910,2023-01-30 17:37:00,P014,CU0034,Debit Card,1,17611.38,3.0,17611.38,5.0
TXN102406,2023-01-30 17:39:44,P002,CU0350,Cash,1,44689.24,5.0,44689.24,5.0
TXN100854,2023-01-31 09:20:09,P004,CU0362,UPI,2,28540.99,10.0,57081.98,2.0
TXN102273,2023-01-31 16:02:37,P009,CU0131,Cash,1,40941.91,0.0,40941.91,3.5
TXN103089,2023-02-01 00:03:20,P007,CU0154,UPI,5,43159.25,10.0,215796.25,4.0
TXN101580,2023-02-01 01:47:36,P010,CU0491,Credit Card,5,35189.02,10.0,175945.1,3.5
TXN102995,2023-02-01 05:24:41,P013,CU0233,Cash,3,13436.75,8.0,40310.25,4.5
TXN103053,2023-02-01 13:47:36,P002,CU0381,Credit Card,1,69133.15,0.0,69133.15,3.5
TXN101150,2023-02-01 13:57:46,P010,CU0049,Credit Card,1,30711.05,0.0,30711.05,4.0
TXN101257,2023-02-01 17:50:10,P003,CU0305,Cash,1,70383.01,0.0,70383.01,4.5
TXN102552,2023-02-02 01:49:24,P005,CU0254,Cash,1,44507.5,5.0,44507.5,4.5
TXN102867,2023-02-02 13:56:39,P004,CU0481,UPI,2,41252.45,5.0,82504.9,4.5
TXN104187,2023-02-02 16:25:06,P012,CU0319,Cash,2,16033.33,0.0,32066.66,4.0
TXN100742,2023-02-02 16:33:41,P009,CU0496,Debit Card,3,43652.32,3.0,130956.96,3.0
TXN103887,2023-02-03 00:51:24,P013,CU0150,UPI,2,14317.59,0.0,28635.18,4.0
TXN103720,2023-02-03 04:39:17,P017,CU0370,UPI,1,27187.71,0.0,27187.71,4.0
TXN100577,2023-02-03 06:36:30,P010,CU0271,Cash,1,33005.92,0.0,33005.92,3.0
TXN102085,2023-02-03 16:35:01,P011,CU0158,UPI,1,19663.83,5.0,19663.83,4.0
TXN104394,2023-02-04 01:35:48,P006,CU0123,Credit Card,2,36457.87,3.0,72915.74,3.0
TXN102936,2023-02-04 02:08:06,P007,CU0361,Cash,1,50270.21,8.0,50270.21,5.0
TXN103645,2023-02-04 07:14:41,P006,CU0068,Debit Card,2,52135.86,5.0,104271.72,4.5
TXN103289,2023-02-04 21:39:06,P012,CU0025,UPI,2,14112.58,0.0,28225.16,3.0
TXN100256,2023-02-04 22:25:22,P015,CU0478,Credit Card,1,16240.87,0.0,16240.87,3.5
TXN102939,2023-02-05 04:53:32,P006,CU0268,Debit Card,1,56187.13,8.0,56187.13,3.5
TXN100015,2023-02-05 21:58:33,P002,CU0425,Debit Card,2,64032.77,10.0,128065.54,4.5
TXN103557,2023-02-06 01:31:45,P007,CU0157,Credit Card,5,63237.66,0.0,316188.3,2.5
TXN100641,2023-02-06 03:40:20,P015,CU0325,UPI,1,15161.27,3.0,15161.27,3.5
TXN101806,2023-02-06 06:57:13,P004,CU0261,Credit Card,1,57408.39,0.0,57408.39,5.0
TXN104170,2023-02-06 17:10:30,P008,CU0170,Debit Card,5,36028.95,3.0,180144.75,4.0
TXN103555,2023-02-07 11:30:01,P002,CU0024,Debit Card,5,41195.94,0.0,205979.7,2.5
TXN101143,2023-02-07 22:39:31,P004,CU0267,Credit Card,1,31179.61,0.0,31179.61,4.0
TXN101280,2023-02-08 10:51:39,P001,CU0083,UPI,1,72632.5,3.0,72632.5,3.5
TXN102155,2023-02-08 12:38:18,P010,CU0131,Debit Card,1,43894.37,3.0,43894.37,2.5
TXN102341,2023-02-09 10:38:16,P016,CU0034,Debit Card,1,16839.92,5.0,16839.92,5.0
TXN101370,2023-02-09 11:29:25,P005,CU0057,UPI,1,19110.34,3.0,19110.34,4.0
TXN101413,2023-02-09 13:19:10,P007,CU0199,Credit Card,1,29495.45,8.0,29495.45,4.5
TXN102110,2023-02-09 22:40:52,P008,CU0402,UPI,1,39239.1,5.0,39239.1,4.0
TXN103800,2023-02-09 23:57:15,P001,CU0094,Cash,2,46835.52,5.0,93671.04,5.0
TXN100961,2023-02-10 06:59:20,P006,CU0200,Debit Card,1,54096.49,0.0,54096.49,4.0
TXN102696,2023-02-10 09:45:27,P013,CU0384,Cash,2,21490.09,5.0,42980.18,3.5
TXN101078,2023-02-11 10:11:06,P017,CU0107,UPI,1,17821.11,5.0,17821.11,4.5
TXN100648,2023-02-11 11:58:03,P011,CU0285,UPI,3,20490.19,8.0,61470.57,2.5
TXN102998,2023-02-11 22:32:15,P005,CU0396,UPI,4,31588.28,8.0,126353.12,3.5
TXN101376,2023-02-11 23:57:47,P007,CU0249,Debit Card,1,53615.88,3.0,53615.88,4.0
TXN101228,2023-02-12 09:18:36,P014,CU0465,Debit Card,1,20710.4,8.0,20710.4,4.5
TXN100538,2023-02-13 07:15:57,P007,CU0471,Cash,1,31511.99,5.0,31511.99,5.0
TXN102815,2023-02-13 10:14:02,P014,CU0407,UPI,1,33678.92,0.0,33678.92,5.0
TXN103173,2023-02-13 13:10:09,P015,CU0134,UPI,1,27865.95,0.0,27865.95,3.0
TXN104060,2023-02-13 21:28:47,P009,CU0196,UPI,2,37052.68,0.0,74105.36,2.5
TXN103935,2023-02-14 02:38:40,P007,CU0311,Cash,3,41511.68,8.0,124535.04,4.5
TXN101746,2023-02-14 03:04:49,P009,CU0444,UPI,4,23393.16,0.0,93572.64,3.5
TXN101871,2023-02-14 14:40:32,P017,CU0393,Cash,1,25691.85,8.0,25691.85,4.0
TXN102567,2023-02-14 18:57:09,P001,CU0127,Debit Card,2,74308.93,0.0,148617.86,5.0
TXN103892,2023-02-14 19:13:04,P010,CU0072,Credit Card,4,42813.4,0.0,171253.6,2.5
TXN101172,2023-02-14 23:49:36,P011,CU0446,Debit Card,2,22131.96,0.0,44263.92,3.5
TXN100031,2023-02-15 06:25:49,P015,CU0257,Cash,4,12023.7,8.0,48094.8,3.5
TXN102457,2023-02-15 22:47:17,P001,CU0063,Credit Card,1,41829.91,10.0,41829.91,5.0
TXN101400,2023-02-15 23:48:10,P014,CU0164,Credit Card,5,19285.56,5.0,96427.8,4.5
TXN100210,2023-02-16 03:49:02,P009,CU0009,Credit Card,1,39589.93,0.0,39589.93,2.5
TXN104216,2023-02-16 21:44:55,P005,CU0293,UPI,5,48046.97,0.0,240234.85,4.0
TXN101222,2023-02-17 00:41:12,P013,CU0326,UPI,1,25396.12,0.0,25396.12,3.5
TXN101599,2023-02-17 21:37:09,P003,CU0173,Credit Card,2,30757.46,5.0,61514.92,5.0
TXN100439,2023-02-18 11:07:04,P012,CU0219,Cash,2,25434.37,5.0,50868.74,4.5
TXN102486,2023-02-18 12:50:58,P016,CU0366,Debit Card,2,15417.93,5.0,30835.86,5.0
TXN102386,2023-02-18 13:27:41,P017,CU0336,Credit Card,2,16179.46,3.0,32358.92,3.0
TXN103494,2023-02-18 17:34:45,P013,CU0475,Credit Card,2,28513.4,0.0,57026.8,4.0
TXN102220,2023-02-18 21:08:20,P010,CU0126,Credit Card,3,45261.61,0.0,135784.83,4.5
TXN103266,2023-02-18 21:33:57,P005,CU0061,UPI,3,18691.48,3.0,56074.44,5.0
TXN100145,2023-02-19 07:43:57,P017,CU0038,Debit Card,1,25445.64,0.0,25445.64,3.5
TXN100343,2023-02-19 18:09:49,P006,CU0087,Cash,1,36595.88,3.0,36595.88,3.0
TXN101518,2023-02-20 00:50:57,P012,CU0005,Debit Card,3,26027.36,0.0,78082.08,3.5
TXN100560,2023-02-20 06:58:29,P007,CU0039,Credit Card,3,53068.66,0.0,159205.98,4.5
TXN104184,2023-02-20 18:27:55,P010,CU0053,Credit Card,4,37064.47,0.0,148257.88,4.5
TXN102875,2023-02-21 11:31:18,P011,CU0009,UPI,4,30972.27,8.0,123889.08,5.0
TXN101832,2023-02-21 17:29:01,P003,CU0328,UPI,1,53728.38,15.0,53728.38,2.0
TXN100570,2023-02-22 02:04:48,P010,CU0429,Debit Card,1,35079.57,8.0,35079.57,4.0
TXN101968,2023-02-22 02:59:57,P002,CU0189,UPI,1,66896.65,0.0,66896.65,5.0
TXN100579,2023-02-22 23:12:06,P001,CU0120,Debit Card,1,34991.73,8.0,34991.73,5.0
TXN102429,2023-02-23 00:05:33,P010,CU0002,Cash,2,40067.14,0.0,80134.28,3.0
TXN101126,2023-02-23 17:11:04,P007,CU0315,Cash,4,42217.19,5.0,168868.76,5.0
TXN100878,2023-02-24 09:57:27,P001,CU0044,Debit Card,4,31916.71,8.0,127666.84,4.5
TXN102302,2023-02-25 16:14:33,P009,CU0302,Credit Card,1,47795.42,0.0,47795.42,4.0
TXN104117,2023-02-26 12:55:50,P001,CU0261,Credit Card,2,66098.37,0.0,132196.74,4.0
TXN100827,2023-02-27 05:56:47,P015,CU0437,Credit Card,1,12313.33,3.0,12313.33,4.5
TXN103368,2023-02-28 06:58:50,P007,CU0114,UPI,1,59140.56,0.0,59140.56,4.0
TXN104378,2023-02-28 08:09:02,P016,CU0004,UPI,2,25480.0,15.0,50960.0,4.0
TXN100102,2023-02-28 16:23:46,P015,CU0285,Cash,2,21068.52,5.0,42137.04,4.0
TXN103343,2023-02-28 21:15:18,P004,CU0339,Cash,1,70975.59,3.0,70975.59,2.5
TXN100292,2023-03-01 03:32:23,P012,CU0235,Cash,2,25720.96,5.0,51441.92,4.0
TXN104353,2023-03-01 07:07:24,P011,CU0296,Cash,2,26297.59,15.0,52595.18,3.5
TXN101223,2023-03-01 10:55:07,P005,CU0131,Cash,2,34667.44,0.0,69334.88,4.0
TXN100686,2023-03-01 22:29:48,P003,CU0229,UPI,1,32906.63,10.0,32906.63,3.0
TXN100735,2023-03-04 05:58:40,P004,CU0093,UPI,2,72519.89,0.0,145039.78,5.0
TXN102497,2023-03-04 20:07:50,P013,CU0390,Credit Card,2,31287.14,5.0,62574.28,4.0
TXN103396,2023-03-05 01:19:16,P004,CU0135,Debit Card,1,67387.51,8.0,67387.51,3.5
TXN104241,2023-03-05 07:09:52,P015,CU0084,Credit Card,1,10292.69,0.0,10292.69,3.5
TXN102967,2023-03-05 19:14:40,P014,CU0414,UPI,1,34114.14,0.0,34114.14,2.5
TXN101210,2023-03-05 19:20:00,P010,CU0250,Credit Card,5,33794.04,0.0,168970.2,4.5
TXN103024,2023-03-05 20:12:37,P013,CU0038,Debit Card,1,17847.08,0.0,17847.08,2.5
TXN101382,2023-03-05 22:07:56,P016,CU0492,UPI,1,19703.21,15.0,19703.21,3.5
TXN103620,2023-03-06 01:11:51,P006,CU0381,UPI,5,32184.31,0.0,160921.55,4.0
TXN100289,2023-03-06 01:55:20,P002,CU0348,Cash,2,60372.04,3.0,120744.08,5.0
TXN104283,2023-03-06 20:54:58,P009,CU0074,Debit Card,2,37651.38,5.0,75302.76,4.5
TXN100047,2023-03-07 02:54:04,P004,CU0084,Credit Card,2,61650.24,0.0,123300.48,4.0
TXN101193,2023-03-07 06:44:26,P004,CU0039,UPI,4,47256.19,10.0,189024.76,4.0
TXN101389,2023-03-07 09:05:58,P015,CU0452,Cash,1,24645.8,10.0,24645.8,4.5
TXN102240,2023-03-07 20:06:16,P013,CU0043,Credit Card,1,28383.63,8.0,28383.63,2.5
TXN104212,2023-03-08 18:47:36,P011,CU0221,Debit Card,3,40622.21,0.0,121866.63,4.5
TXN102229,2023-03-08 21:51:18,P017,CU0058,Debit Card,1,13650.83,5.0,13650.83,3.5
TXN101426,2023-03-09 04:52:56,P005,CU0417,Debit Card,2,25047.56,5.0,50095.12,3.0
TXN101084,2023-03-09 12:13:19,P002,CU0298,Cash,3,46043.03,0.0,138129.09,3.5
TXN100088,2023-03-09 12:36:48,P008,CU0239,Credit Card,3,37361.66,10.0,112084.98,3.0
TXN100672,2023-03-10 01:03:52,P005,CU0128,UPI,1,32466.98,0.0,32466.98,3.5
TXN102480,2023-03-10 16:46:03,P006,CU0203,Cash,1,49370.38,15.0,49370.38,3.5
TXN100313,2023-03-11 05:53:03,P010,CU0397,UPI,2,28260.22,5.0,56520.44,3.5
TXN101777,2023-03-11 18:17:48,P015,CU0215,Credit Card,1,20791.6,5.0,20791.6,4.5
TXN103940,2023-03-11 21:44:28,P009,CU0288,UPI,1,26030.87,0.0,26030.87,3.5
TXN100518,2023-03-12 09:08:59,P009,CU0228,Debit Card,2,27742.47,10.0,55484.94,3.5
TXN102702,2023-03-12 13:20:31,P004,CU0097,UPI,1,38964.67,0.0,38964.67,3.0
TXN101598,2023-03-13 07:08:54,P002,CU0055,Cash,1,53181.67,8.0,53181.67,5.0
TXN100399,2023-03-13 08:19:57,P016,CU0289,Cash,1,24544.97,5.0,24544.97,3.5
TXN101107,2023-03-13 16:42:58,P007,CU0352,Debit Card,1,22046.32,8.0,22046.32,3.0
TXN101244,2023-03-14 00:07:51,P010,CU0465,UPI,4,48825.86,0.0,195303.44,4.5
TXN101521,2023-03-14 02:09:01,P011,CU0184,UPI,2,25158.74,0.0,50317.48,3.0
TXN102109,2023-03-15 02:57:58,P007,CU0396,UPI,2,38642.32,0.0,77284.64,3.5
TXN101915,2023-03-15 10:51:16,P012,CU0447,UPI,2,24936.05,0.0,49872.1,3.5
TXN102743,2023-03-15 13:09:29,P009,CU0438,UPI,1,41968.89,5.0,41968.89,2.5
TXN103941,2023-03-16 02:52:06,P005,CU0336,Credit Card,2,50970.45,0.0,101940.9,4.0
TXN104105,2023-03-16 04:31:44,P017,CU0315,Debit Card,1,20335.89,15.0,20335.89,4.0
TXN102441,2023-03-16 14:38:57,P002,CU0402,UPI,2,37638.55,0.0,75277.1,3.0
TXN100344,2023-03-16 18:47:52,P011,CU0400,UPI,1,21747.16,5.0,21747.16,3.5
TXN102006,2023-03-17 00:43:46,P015,CU0441,Debit Card,1,27734.52,5.0,27734.52,4.0
TXN103086,2023-03-17 08:20:04,P013,CU0353,UPI,1,16219.71,0.0,16219.71,4.5
TXN103655,2023-03-17 22:47:32,P011,CU0030,Debit Card,3,39549.55,8.0,118648.65,4.0
TXN102012,2023-03-18 17:58:12,P004,CU0145,Debit Card,1,65832.54,0.0,65832.54,3.0
TXN104489,2023-03-18 19:05:12,P011,CU0402,UPI,3,18495.57,5.0,55486.71,4.0
TXN102681,2023-03-19 00:21:19,P009,CU0090,Debit Card,2,41058.74,0.0,82117.48,4.5
TXN101824,2023-03-19 04:52:13,P011,CU0180,Cash,1,27501.25,5.0,27501.25,3.5
TXN102577,2023-03-19 05:07:26,P016,CU0165,Debit Card,1,15072.52,3.0,15072.52,3.5
TXN104329,2023-03-19 05:55:40,P013,CU0039,Credit Card,1,25182.84,3.0,25182.84,3.5
TXN100191,2023-03-19 12:11:00,P015,CU0444,UPI,1,17122.08,3.0,17122.08,4.5
TXN102548,2023-03-20 07:25:46,P009,CU0041,Cash,1,27408.48,0.0,27408.48,3.5
TXN100534,2023-03-20 09:28:48,P016,CU0062,Debit Card,5,15813.12,0.0,79065.6,3.0
TXN104467,2023-03-20 18:09:08,P004,CU0089,Debit Card,1,39020.08,8.0,39020.08,3.5
TXN103103,2023-03-21 07:56:25,P007,CU0291,Credit Card,2,46198.49,5.0,92396.98,4.0
TXN102415,2023-03-22 09:13:06,P014,CU0020,UPI,2,27593.06,5.0,55186.12,2.5
TXN101650,2023-03-22 11:45:07,P009,CU0379,Debit Card,1,22243.34,5.0,22243.34,3.5
TXN103656,2023-03-22 17:40:54,P016,CU0257,Cash,1,23597.63,0.0,23597.63,2.5
TXN102827,2023-03-22 20:04:29,P008,CU0203,Debit Card,5,60004.72,0.0,300023.6,2.0
TXN103457,2023-03-22 20:35:20,P004,CU0391,Debit Card,3,48572.57,5.0,145717.71,5.0
TXN103326,2023-03-22 20:44:03,P010,CU0496,Credit Card,1,35381.04,3.0,35381.04,4.5
TXN101614,2023-03-22 20:51:01,P013,CU0210,Credit Card,1,13461.68,3.0,13461.68,5.0
TXN101788,2023-03-23 02:50:06,P002,CU0210,Debit Card,2,48303.39,3.0,96606.78,2.0
TXN101165,2023-03-23 04:40:49,P002,CU0039,Credit Card,1,39276.21,10.0,39276.21,4.5
TXN102626,2023-03-23 12:31:26,P003,CU0003,Cash,1,62062.93,0.0,62062.93,2.5
TXN102963,2023-03-23 12:35:39,P013,CU0285,Cash,5,27342.73,5.0,136713.65,2.5
TXN101597,2023-03-24 07:40:22,P015,CU0002,UPI,1,21315.17,5.0,21315.17,5.0
TXN103535,2023-03-24 11:28:19,P001,CU0427,Credit Card,1,30625.62,3.0,30625.62,3.5
TXN100769,2023-03-25 03:58:13,P001,CU0030,Credit Card,2,42132.43,0.0,84264.86,3.0
TXN100653,2023-03-25 06:13:27,P008,CU0396,Credit Card,2,40192.93,0.0,80385.86,3.5
TXN100424,2023-03-25 08:59:57,P009,CU0365,Debit Card,5,38817.87,0.0,194089.35,4.0
TXN100642,2023-03-26 04:18:50,P004,CU0311,Debit Card,2,48688.39,0.0,97376.78,4.0
TXN102353,2023-03-26 09:51:25,P012,CU0389,UPI,2,29852.99,0.0,59705.98,4.0
TXN100478,2023-03-27 00:27:59,P016,CU0018,Cash,3,25842.59,5.0,77527.77,5.0
TXN102764,2023-03-27 10:13:54,P016,CU0401,Cash,4,11178.22,3.0,44712.88,4.0
TXN102590,2023-03-27 19:37:07,P005,CU0189,Debit Card,1,54383.79,0.0,54383.79,3.5
TXN102116,2023-03-28 05:03:25,P005,CU0236,Credit Card,2,50125.66,0.0,100251.32,4.5
TXN102091,2023-03-28 08:37:53,P008,CU0253,Credit Card,1,47347.89,3.0,47347.89,4.5
TXN101205,2023-03-29 20:30:52,P015,CU0375,UPI,1,26447.05,5.0,26447.05,2.5
TXN101410,2023-03-30 07:29:04,P005,CU0498,Debit Card,1,48430.71,8.0,48430.71,4.5
TXN103020,2023-03-30 12:42:10,P017,CU0346,Credit Card,1,24374.63,3.0,24374.63,3.5
TXN100823,2023-03-30 15:47:56,P015,CU0071,Credit Card,2,26770.03,0.0,53540.06,4.0
TXN103124,2023-03-30 21:12:41,P015,CU0247,Debit Card,2,26816.09,0.0,53632.18,4.0
TXN102485,2023-03-30 22:35:55,P004,CU0086,UPI,1,61374.4,8.0,61374.4,3.5
TXN103032,2023-03-31 09:03:24,P015,CU0112,Credit Card,4,26113.5,3.0,104454.0,3.0
TXN101911,2023-03-31 12:27:34,P007,CU0040,Debit Card,1,20533.17,10.0,20533.17,4.5
TXN101870,2023-04-01 04:03:20,P015,CU0326,Debit Card,5,25100.16,10.0,125500.8,2.5
TXN100931,2023-04-01 17:41:17,P012,CU0408,UPI,1,29074.26,0.0,29074.26,4.0
TXN100990,2023-04-02 11:10:54,P007,CU0060,UPI,3,34512.59,5.0,103537.77,3.5
TXN103237,2023-04-02 18:32:57,P010,CU0310,Credit Card,1,27098.52,0.0,27098.52,4.5
TXN103802,2023-04-02 19:03:54,P001,CU0319,Debit Card,2,63143.03,0.0,126286.06,4.5
TXN103804,2023-04-02 23:24:26,P005,CU0215,Cash,1,53953.44,5.0,53953.44,3.0
TXN103835,2023-04-03 02:22:10,P012,CU0369,Credit Card,1,29602.98,8.0,29602.98,4.0
TXN102251,2023-04-03 08:46:35,P009,CU0025,UPI,1,17560.65,5.0,17560.65,4.5
TXN100654,2023-04-03 22:50:34,P003,CU0221,Cash,2,38999.46,0.0,77998.92,3.5
TXN101939,2023-04-04 07:36:00,P010,CU0181,Credit Card,1,28963.46,0.0,28963.46,4.0
TXN100333,2023-04-04 19:48:02,P015,CU0386,Cash,2,17810.13,10.0,35620.26,5.0
TXN101258,2023-04-04 22:25:15,P004,CU0488,Debit Card,2,44866.27,3.0,89732.54,4.0
TXN100504,2023-04-05 06:55:16,P003,CU0098,UPI,3,61691.48,0.0,185074.44,3.5
TXN101195,2023-04-05 09:19:12,P015,CU0265,Debit Card,3,26695.4,0.0,80086.2,3.0
TXN100927,2023-04-05 22:08:27,P007,CU0356,Debit Card,1,43762.69,5.0,43762.69,2.5
TXN100430,2023-04-06 02:32:03,P012,CU0381,Cash,1,14602.65,0.0,14602.65,5.0
TXN104409,2023-04-06 07:12:43,P008,CU0154,UPI,2,48342.21,10.0,96684.42,3.5
TXN103963,2023-04-06 12:31:34,P015,CU0179,Credit Card,2,24714.2,5.0,49428.4,4.0
TXN101253,2023-04-06 14:43:59,P013,CU0210,Debit Card,3,11132.36,10.0,33397.08,3.5
TXN102521,2023-04-06 17:27:24,P011,CU0298,Credit Card,2,42325.21,3.0,84650.42,3.0
TXN100042,2023-04-07 00:21:35,P007,CU0271,Credit Card,4,21802.84,8.0,87211.36,2.5
TXN102492,2023-04-07 06:32:14,P016,CU0349,UPI,1,15570.52,0.0,15570.52,3.5
TXN100274,2023-04-07 15:05:34,P012,CU0394,Debit Card,2,33703.61,0.0,67407.22,3.5
TXN102434,2023-04-08 01:15:45,P004,CU0292,UPI,1,36621.4,0.0,36621.4,4.5
TXN104004,2023-04-09 05:43:59,P015,CU0291,Cash,1,25769.13,0.0,25769.13,3.0
TXN103169,2023-04-09 11:24:30,P006,CU0013,UPI,1,48063.24,3.0,48063.24,3.0
TXN101287,2023-04-10 00:10:21,P004,CU0170,UPI,1,67487.5,10.0,67487.5,3.0
TXN103313,2023-04-10 03:30:19,P011,CU0231,Cash,1,31840.51,10.0,31840.51,5.0
TXN102877,2023-04-10 03:41:29,P013,CU0219,Cash,3,25177.02,15.0,75531.06,2.5
TXN102032,2023-04-10 07:20:52,P009,CU0311,Cash,1,34826.45,5.0,34826.45,3.0
TXN100911,2023-04-10 21:40:20,P010,CU0339,Debit Card,1,42901.59,10.0,42901.59,3.0
TXN103195,2023-04-10 22:51:59,P016,CU0194,Debit Card,1,10692.9,10.0,10692.9,5.0
TXN104047,2023-04-11 06:40:32,P009,CU0256,UPI,5,40585.96,5.0,202929.8,3.0
TXN101641,2023-04-11 15:26:34,P014,CU0019,UPI,1,13102.9,15.0,13102.9,4.0
TXN100190,2023-04-11 21:03:52,P006,CU0474,UPI,2,22024.8,0.0,44049.6,2.0
TXN103536,2023-04-12 19:22:23,P016,CU0245,UPI,1,21777.14,0.0,21777.14,2.5
TXN102531,2023-04-14 16:02:04,P002,CU0211,Cash,3,39301.71,8.0,117905.13,2.5
TXN101962,2023-04-14 19:41:56,P008,CU0416,UPI,3,57509.15,0.0,172527.45,3.0
TXN100629,2023-04-16 12:25:23,P008,CU0278,Credit Card,1,52249.41,0.0,52249.41,3.5
TXN101125,2023-04-16 18:28:56,P014,CU0273,Cash,4,26678.04,0.0,106712.16,2.0
TXN103302,2023-04-17 04:10:15,P011,CU0192,UPI,1,25113.39,0.0,25113.39,4.0
TXN101020,2023-04-17 10:41:57,P011,CU0156,Debit Card,2,33701.57,10.0,67403.14,3.0
TXN101103,2023-04-17 13:08:18,P013,CU0376,Debit Card,2,26808.13,8.0,53616.26,4.0
TXN100387,2023-04-17 15:31:01,P007,CU0113,UPI,3,53396.03,0.0,160188.09,3.5
TXN101443,2023-04-17 23:05:37,P001,CU0392,Cash,3,43264.28,0.0,129792.84,4.5
TXN102522,2023-04-17 23:37:09,P009,CU0007,UPI,3,41529.74,15.0,124589.22,3.0
TXN101679,2023-04-18 08:07:00,P014,CU0367,Debit Card,1,14962.41,3.0,14962.41,4.0
TXN102502,2023-04-19 03:18:36,P005,CU0228,Cash,2,42484.01,10.0,84968.02,4.0
TXN103115,2023-04-19 09:40:31,P008,CU0498,Cash,1,58352.35,5.0,58352.35,5.0
TXN101851,2023-04-19 10:31:48,P014,CU0276,Credit Card,1,20319.32,0.0,20319.32,3.5
TXN100281,2023-04-20 02:49:58,P013,CU0016,UPI,1,18351.22,0.0,18351.22,3.0
TXN102999,2023-04-20 07:35:52,P003,CU0322,Credit Card,1,32895.01,5.0,32895.01,3.5
TXN100232,2023-04-21 15:54:24,P012,CU0171,UPI,1,32105.09,3.0,32105.09,2.0
TXN104335,2023-04-21 16:51:52,P008,CU0498,Debit Card,2,53929.04,10.0,107858.08,5.0
TXN101285,2023-04-22 09:00:09,P013,CU0142,Credit Card,1,34245.66,0.0,34245.66,4.0
TXN103602,2023-04-22 14:34:41,P012,CU0435,Credit Card,2,24806.02,0.0,49612.04,4.5
TXN101346,2023-04-22 20:52:46,P004,CU0093,Cash,1,51895.61,10.0,51895.61,2.5
TXN102623,2023-04-23 01:21:42,P002,CU0497,Cash,3,34547.28,10.0,103641.84,3.5
TXN100561,2023-04-23 05:13:37,P016,CU0382,Debit Card,2,28802.66,0.0,57605.32,4.0
TXN104263,2023-04-23 07:16:43,P013,CU0485,UPI,5,16953.42,8.0,84767.1,4.0
TXN100402,2023-04-23 17:18:44,P001,CU0022,Credit Card,1,72071.77,0.0,72071.77,4.0
TXN103934,2023-04-23 23:45:59,P017,CU0416,Credit Card,3,26632.12,5.0,79896.36,3.0
TXN103110,2023-04-24 05:41:12,P009,CU0184,Debit Card,2,45715.48,8.0,91430.96,3.0
TXN103558,2023-04-24 09:35:05,P017,CU0492,Cash,3,10653.94,5.0,31961.82,5.0
TXN104062,2023-04-24 14:34:43,P009,CU0001,Cash,3,27662.13,5.0,82986.39,5.0
TXN103797,2023-04-24 20:33:23,P007,CU0393,UPI,1,60962.16,0.0,60962.16,4.0
TXN102540,2023-04-24 21:07:05,P005,CU0476,Debit Card,2,42523.73,8.0,85047.46,1.5
TXN101747,2023-04-25 00:52:22,P002,CU0203,Cash,1,55949.51,0.0,55949.51,3.0
TXN101300,2023-04-25 00:57:54,P015,CU0300,Credit Card,1,29326.38,0.0,29326.38,2.5
TXN102459,2023-04-25 05:32:04,P002,CU0182,Credit Card,1,48841.67,15.0,48841.67,3.5
TXN103671,2023-04-26 09:08:37,P004,CU0415,Debit Card,1,45981.96,15.0,45981.96,5.0
TXN100172,2023-04-26 09:47:50,P009,CU0013,UPI,2,48419.95,0.0,96839.9,1.5
TXN103978,2023-04-26 20:18:13,P010,CU0382,Credit Card,1,19070.43,0.0,19070.43,3.5
TXN101610,2023-04-27 06:05:20,P016,CU0417,UPI,2,21617.91,3.0,43235.82,3.5
TXN104228,2023-04-27 11:36:51,P013,CU0145,Debit Card,3,13655.91,10.0,40967.73,4.0
TXN100873,2023-04-27 12:49:11,P001,CU0108,UPI,2,43064.67,10.0,86129.34,3.0
TXN104162,2023-04-28 03:24:24,P005,CU0112,Credit Card,4,19821.78,10.0,79287.12,3.5
TXN101147,2023-04-28 09:52:09,P005,CU0225,Cash,3,28187.31,5.0,84561.93,3.0
TXN102848,2023-04-28 11:41:07,P016,CU0341,Cash,1,21951.47,0.0,21951.47,3.0
TXN101782,2023-04-28 12:03:45,P014,CU0058,UPI,3,31307.9,0.0,93923.7,4.5
TXN101912,2023-04-28 22:42:45,P006,CU0158,UPI,1,59787.62,8.0,59787.62,4.5
TXN102983,2023-04-29 07:06:58,P010,CU0091,Cash,3,44409.46,0.0,133228.38,3.0
TXN104016,2023-04-29 14:08:03,P014,CU0232,UPI,5,28267.09,0.0,141335.45,4.5
TXN102036,2023-04-29 23:44:28,P013,CU0500,Credit Card,2,31441.58,0.0,62883.16,3.5
TXN100322,2023-05-01 01:31:18,P005,CU0084,Credit Card,1,35561.43,3.0,35561.43,3.0
TXN103411,2023-05-01 02:41:39,P006,CU0422,Debit Card,3,50500.15,5.0,151500.45,4.5
TXN100446,2023-05-01 03:17:02,P004,CU0283,Cash,1,61136.95,8.0,61136.95,3.0
TXN103790,2023-05-02 02:23:00,P003,CU0102,Credit Card,1,61505.71,15.0,61505.71,4.5
TXN101097,2023-05-02 07:44:25,P010,CU0275,Debit Card,2,30210.1,0.0,60420.2,4.0
TXN101984,2023-05-02 16:19:15,P006,CU0449,UPI,3,20762.1,0.0,62286.3,3.5
TXN101513,2023-05-03 04:12:10,P003,CU0384,UPI,2,68268.38,0.0,136536.76,2.5
TXN104393,2023-05-03 08:56:19,P016,CU0233,Credit Card,2,14750.45,5.0,29500.9,4.0
TXN102881,2023-05-03 09:51:16,P016,CU0070,UPI,2,11768.36,3.0,23536.72,3.0
TXN100222,2023-05-03 15:39:46,P001,CU0030,Cash,3,30347.26,8.0,91041.78,3.5
TXN101729,2023-05-03 20:10:38,P016,CU0277,Credit Card,1,16584.21,10.0,16584.21,4.0
TXN103522,2023-05-04 05:07:43,P014,CU0218,Debit Card,3,24463.58,8.0,73390.74,3.5
TXN102111,2023-05-04 08:34:48,P009,CU0073,Debit Card,3,25045.39,0.0,75136.17,2.5
TXN101307,2023-05-04 16:52:28,P011,CU0443,Cash,3,26754.11,5.0,80262.33,3.5
TXN101882,2023-05-05 02:43:29,P015,CU0340,Debit Card,2,20072.25,0.0,40144.5,3.0
TXN102123,2023-05-05 11:49:41,P008,CU0122,Debit Card,1,62193.45,0.0,62193.45,3.0
TXN102146,2023-05-05 14:37:51,P015,CU0253,UPI,1,21818.08,5.0,21818.08,4.0
TXN102047,2023-05-05 22:47:38,P005,CU0208,Credit Card,2,20218.85,0.0,40437.7,3.5
TXN103381,2023-05-05 23:13:56,P011,CU0233,UPI,2,43241.27,3.0,86482.54,4.0
TXN103122,2023-05-06 18:56:48,P003,CU0277,Debit Card,1,47936.11,8.0,47936.11,3.5
TXN102514,2023-05-07 12:15:58,P006,CU0246,Cash,2,46769.54,0.0,93539.08,3.5
TXN101038,2023-05-07 18:02:59,P017,CU0289,UPI,4,28626.35,3.0,114505.4,3.0
TXN101593,2023-05-08 05:32:16,P006,CU0337,Cash,1,39948.72,0.0,39948.72,5.0
TXN103201,2023-05-08 17:38:34,P017,CU0158,Debit Card,1,25610.9,0.0,25610.9,3.0
TXN104361,2023-05-09 20:45:34,P011,CU0287,UPI,1,31796.7,3.0,31796.7,4.0
TXN101786,2023-05-10 00:59:06,P013,CU0036,Debit Card,1,14662.57,5.0,14662.57,3.0
TXN102830,2023-05-10 01:34:32,P014,CU0486,Debit Card,2,32081.39,0.0,64162.78,5.0
TXN100384,2023-05-10 09:34:30,P015,CU0256,UPI,2,12653.24,8.0,25306.48,2.0
TXN100548,2023-05-10 14:59:56,P012,CU0154,UPI,2,24285.46,0.0,48570.92,2.0
TXN103590,2023-05-11 07:10:35,P004,CU0266,UPI,2,51709.13,5.0,103418.26,3.5
TXN102679,2023-05-11 09:28:55,P013,CU0348,Debit Card,2,30113.78,0.0,60227.56,3.5
TXN104030,2023-05-12 14:42:06,P005,CU0264,UPI,1,22016.5,5.0,22016.5,3.5
TXN103786,2023-05-12 16:26:07,P013,CU0063,Debit Card,3,23045.11,0.0,69135.33,3.5
TXN102675,2023-05-13 00:01:09,P011,CU0366,Cash,1,41052.79,0.0,41052.79,3.5
TXN100860,2023-05-14 06:09:13,P008,CU0398,Cash,1,29331.6,0.0,29331.6,4.0
TXN104258,2023-05-14 19:01:32,P013,CU0223,Debit Card,1,13841.43,0.0,13841.43,3.5
TXN102970,2023-05-14 23:19:59,P010,CU0488,Debit Card,1,30239.91,5.0,30239.91,3.0
TXN101916,2023-05-15 01:54:49,P017,CU0272,Debit Card,3,16626.16,0.0,49878.48,3.0
TXN102886,2023-05-15 13:26:17,P014,CU0133,UPI,1,30002.4,5.0,30002.4,3.0
TXN100858,2023-05-15 15:07:34,P006,CU0109,Cash,4,42345.8,5.0,169383.2,3.5
TXN104262,2023-05-15 17:01:55,P003,CU0375,Credit Card,1,70581.89,3.0,70581.89,4.5
TXN101290,2023-05-15 19:24:10,P007,CU0321,Debit Card,1,48782.33,0.0,48782.33,4.5
TXN103735,2023-05-15 21:27:29,P007,CU0409,Debit Card,5,63273.41,0.0,316367.05,4.0
TXN103942,2023-05-16 02:31:09,P013,CU0494,Cash,1,17373.14,0.0,17373.14,3.5
TXN103531,2023-05-16 17:20:28,P008,CU0358,UPI,1,56219.24,10.0,56219.24,4.0
TXN103616,2023-05-16 18:29:48,P011,CU0280,Credit Card,1,24678.25,0.0,24678.25,3.0
TXN103636,2023-05-17 00:17:54,P006,CU0475,Cash,2,34411.26,10.0,68822.52,4.0
TXN101720,2023-05-17 23:29:05,P007,CU0402,Cash,1,50040.31,0.0,50040.31,5.0
TXN102105,2023-05-18 23:32:30,P016,CU0400,Credit Card,2,14444.55,0.0,28889.1,3.0
TXN101537,2023-05-19 00:33:12,P014,CU0366,Debit Card,2,27823.85,15.0,55647.7,4.5
TXN100345,2023-05-19 09:57:49,P008,CU0468,Debit Card,1,22793.17,10.0,22793.17,4.0
TXN100181,2023-05-19 12:11:47,P006,CU0186,UPI,2,47661.65,0.0,95323.3,5.0
TXN101744,2023-05-19 18:04:47,P015,CU0137,Cash,2,26378.46,3.0,52756.92,4.0
TXN100304,2023-05-19 18:48:36,P007,CU0211,UPI,2,30382.24,8.0,60764.48,4.5
TXN102323,2023-05-21 02:27:24,P014,CU0140,UPI,2,25827.14,3.0,51654.28,3.5
TXN104360,2023-05-21 05:01:38,P004,CU0272,UPI,1,69851.7,0.0,69851.7,4.0
TXN103874,2023-05-21 05:33:48,P003,CU0269,Credit Card,3,70455.18,0.0,211365.54,5.0
TXN100136,2023-05-21 08:12:41,P005,CU0067,Credit Card,1,56830.91,0.0,56830.91,3.5
TXN104461,2023-05-22 09:46:40,P007,CU0150,Credit Card,1,18710.25,10.0,18710.25,5.0
TXN103256,2023-05-22 15:34:55,P011,CU0198,UPI,2,24325.37,0.0,48650.74,3.0
TXN102064,2023-05-23 04:56:00,P004,CU0457,UPI,2,71009.83,3.0,142019.66,5.0
TXN103757,2023-05-23 18:03:07,P004,CU0168,Cash,4,40122.57,5.0,160490.28,2.5
TXN100467,2023-05-24 15:22:41,P010,CU0121,UPI,2,24815.6,0.0,49631.2,3.0
TXN100074,2023-05-24 22:32:26,P016,CU0169,UPI,1,18597.7,0.0,18597.7,3.5
TXN103993,2023-05-24 23:50:06,P008,CU0039,Debit Card,3,45169.97,0.0,135509.91,2.5
TXN101284,2023-05-25 03:10:53,P002,CU0172,Debit Card,1,65022.85,8.0,65022.85,4.5
TXN102484,2023-05-25 07:47:00,P002,CU0334,UPI,1,37582.05,0.0,37582.05,2.5
TXN104282,2023-05-25 08:06:51,P001,CU0092,Credit Card,2,60815.04,3.0,121630.08,2.5
TXN100309,2023-05-25 18:36:27,P013,CU0108,Credit Card,4,21119.19,10.0,84476.76,3.0
TXN101498,2023-05-25 20:07:32,P006,CU0019,UPI,1,54123.47,5.0,54123.47,4.0
TXN103808,2023-05-26 04:50:45,P004,CU0387,UPI,1,53536.31,10.0,53536.31,3.0
TXN103911,2023-05-26 08:03:12,P016,CU0069,Credit Card,4,21713.1,5.0,86852.4,4.0
TXN102858,2023-05-26 15:25:01,P001,CU0353,Credit Card,3,40701.95,0.0,122105.85,4.0
TXN100270,2023-05-26 17:07:08,P015,CU0355,Debit Card,5,14321.99,8.0,71609.95,4.0
TXN102334,2023-05-27 02:46:58,P012,CU0248,UPI,1,20121.81,8.0,20121.81,4.0
TXN103515,2023-05-28 12:50:36,P009,CU0451,Cash,1,34396.44,5.0,34396.44,4.5
TXN103883,2023-05-28 23:13:59,P006,CU0475,Debit Card,4,46877.47,0.0,187509.88,4.0
TXN101275,2023-05-29 04:18:48,P005,CU0023,Credit Card,1,58801.06,8.0,58801.06,2.5
TXN103358,2023-05-29 08:56:36,P015,CU0169,UPI,1,25470.61,5.0,25470.61,2.5
TXN103556,2023-05-30 08:50:24,P010,CU0203,Debit Card,2,16817.94,15.0,33635.88,3.5
TXN101068,2023-05-31 03:36:08,P010,CU0229,Credit Card,2,37977.99,3.0,75955.98,4.5
TXN102437,2023-05-31 05:18:43,P017,CU0266,Debit Card,5,22948.07,5.0,114740.35,2.5
TXN104177,2023-05-31 23:32:43,P009,CU0387,Credit Card,1,46437.06,3.0,46437.06,5.0
TXN101045,2023-06-01 09:35:11,P005,CU0474,UPI,3,46709.1,0.0,140127.3,2.0
TXN100009,2023-06-01 19:19:02,P011,CU0267,Debit Card,1,17720.16,10.0,17720.16,2.5
TXN104167,2023-06-02 00:03:48,P013,CU0413,Cash,1,33471.28,0.0,33471.28,5.0
TXN101173,2023-06-02 02:14:15,P008,CU0470,Credit Card,1,23568.85,0.0,23568.85,3.5
TXN103062,2023-06-02 06:47:32,P009,CU0260,UPI,1,32392.89,5.0,32392.89,5.0
TXN101166,2023-06-02 18:31:41,P013,CU0325,Credit Card,2,19328.14,15.0,38656.28,4.0
TXN101895,2023-06-03 02:01:15,P015,CU0341,Debit Card,1,16891.37,0.0,16891.37,3.5
TXN101856,2023-06-03 03:13:30,P011,CU0283,Cash,1,31517.36,8.0,31517.36,3.5
TXN101111,2023-06-03 07:27:50,P017,CU0295,Credit Card,2,11290.55,0.0,22581.1,4.0
TXN101354,2023-06-05 07:57:18,P011,CU0120,UPI,2,23576.08,5.0,47152.16,4.0
TXN102205,2023-06-05 16:19:03,P008,CU0150,Credit Card,1,58314.28,8.0,58314.28,4.5
TXN101680,2023-06-05 16:28:50,P014,CU0240,Credit Card,2,12262.8,3.0,24525.6,3.0
TXN104316,2023-06-05 19:09:16,P011,CU0354,UPI,2,28099.21,10.0,56198.42,4.0
TXN102020,2023-06-05 21:58:13,P001,CU0166,UPI,4,58918.13,5.0,235672.52,5.0
TXN101330,2023-06-05 22:36:12,P007,CU0203,Debit Card,2,37473.79,5.0,74947.58,3.0
TXN101759,2023-06-06 14:27:00,P009,CU0212,Debit Card,3,31163.6,10.0,93490.8,3.5
TXN103669,2023-06-06 18:08:54,P010,CU0329,Credit Card,5,18411.47,8.0,92057.35,4.5
TXN100204,2023-06-06 22:54:41,P016,CU0018,UPI,1,18232.41,0.0,18232.41,4.5
TXN102190,2023-06-06 23:53:11,P017,CU0160,Credit Card,2,24410.57,0.0,48821.14,3.0
TXN100103,2023-06-07 00:15:50,P016,CU0336,Debit Card,1,22904.44,0.0,22904.44,3.0
TXN100469,2023-06-07 01:56:04,P004,CU0412,Debit Card,5,37715.32,5.0,188576.6,4.0
TXN103160,2023-06-07 03:36:27,P011,CU0397,Credit Card,2,41720.31,0.0,83440.62,5.0
TXN100954,2023-06-07 05:28:42,P011,CU0256,Credit Card,2,25137.34,5.0,50274.68,2.5
TXN102638,2023-06-07 12:42:26,P008,CU0367,Credit Card,2,48194.71,0.0,96389.42,3.0
TXN101296,2023-06-07 18:18:28,P006,CU0070,Debit Card,1,42159.69,0.0,42159.69,4.0
TXN102449,2023-06-07 18:27:27,P015,CU0254,UPI,1,28228.47,0.0,28228.47,3.0
TXN100091,2023-06-07 23:37:35,P013,CU0153,UPI,1,19967.1,5.0,19967.1,3.0
TXN101820,2023-06-08 13:56:00,P001,CU0476,Debit Card,3,42372.73,3.0,127118.19,3.0
TXN101673,2023-06-08 18:02:36,P002,CU0415,Debit Card,1,74798.24,0.0,74798.24,3.0
TXN102314,2023-06-08 18:57:42,P005,CU0330,Debit Card,2,46949.34,0.0,93898.68,3.5
TXN103784,2023-06-08 20:26:06,P009,CU0126,UPI,3,49983.28,0.0,149949.84,3.0
TXN104240,2023-06-09 01:14:46,P002,CU0017,Credit Card,1,69109.81,0.0,69109.81,4.5
TXN102481,2023-06-09 09:52:33,P002,CU0005,UPI,1,42322.56,0.0,42322.56,5.0
TXN101808,2023-06-09 23:22:36,P011,CU0344,Credit Card,1,18814.57,10.0,18814.57,5.0
TXN100863,2023-06-10 00:46:57,P006,CU0279,Debit Card,1,59473.89,0.0,59473.89,5.0
TXN102890,2023-06-11 18:08:12,P005,CU0249,Debit Card,1,25279.04,3.0,25279.04,4.5
TXN104110,2023-06-11 18:43:10,P011,CU0035,Debit Card,1,41080.46,5.0,41080.46,3.5
TXN101359,2023-06-11 19:38:04,P001,CU0196,Debit Card,3,27965.52,10.0,83896.56,4.0
TXN102589,2023-06-11 23:47:41,P009,CU0280,UPI,2,46955.64,5.0,93911.28,2.5
TXN101105,2023-06-12 00:03:11,P017,CU0455,Credit Card,1,16822.73,0.0,16822.73,5.0
TXN102168,2023-06-12 07:02:46,P004,CU0266,Debit Card,4,67692.43,0.0,270769.72,3.5
TXN102157,2023-06-12 08:21:12,P002,CU0311,UPI,2,72619.15,0.0,145238.3,4.0
TXN101955,2023-06-13 07:27:51,P009,CU0225,UPI,1,30466.02,0.0,30466.02,3.0
TXN102394,2023-06-13 15:52:57,P013,CU0234,Cash,2,26301.38,3.0,52602.76,4.5
TXN102364,2023-06-13 22:01:00,P006,CU0310,Debit Card,1,50266.01,15.0,50266.01,3.0
TXN102707,2023-06-14 10:09:39,P015,CU0299,Debit Card,4,22605.6,5.0,90422.4,3.5
TXN100215,2023-06-14 10:15:24,P010,CU0033,UPI,1,26664.59,8.0,26664.59,4.0
TXN103180,2023-06-14 16:42:39,P011,CU0463,UPI,2,43329.5,0.0,86659.0,4.0
TXN103504,2023-06-14 21:43:47,P016,CU0292,UPI,2,26277.19,8.0,52554.38,4.5
TXN102520,2023-06-15 13:29:06,P017,CU0457,UPI,2,13868.81,0.0,27737.62,3.5
TXN102414,2023-06-15 17:01:07,P009,CU0283,Debit Card,1,45448.91,0.0,45448.91,4.0
TXN103918,2023-06-16 13:39:06,P016,CU0191,Credit Card,2,10036.99,0.0,20073.98,4.0
TXN104499,2023-06-16 14:26:32,P012,CU0067,Debit Card,2,14681.7,8.0,29363.4,3.5
TXN103423,2023-06-16 19:31:17,P005,CU0191,Debit Card,2,34674.62,5.0,69349.24,2.5
TXN101263,2023-06-16 20:59:11,P005,CU0452,Debit Card,1,37797.48,10.0,37797.48,5.0
TXN103308,2023-06-16 22:09:52,P005,CU0366,Debit Card,1,42414.2,8.0,42414.2,3.0
TXN101929,2023-06-17 10:23:00,P005,CU0327,Cash,2,40495.97,8.0,80991.94,4.5
TXN100944,2023-06-18 01:56:47,P012,CU0246,UPI,1,15419.35,15.0,15419.35,3.5
TXN100658,2023-06-18 12:20:49,P017,CU0289,Credit Card,3,28191.17,3.0,84573.51,4.0
TXN102920,2023-06-19 15:11:01,P005,CU0207,Credit Card,4,34934.35,3.0,139737.4,4.0
TXN101685,2023-06-19 19:32:57,P016,CU0336,Debit Card,2,14822.0,10.0,29644.0,3.0
TXN101507,2023-06-20 04:02:28,P012,CU0417,Credit Card,1,28359.74,8.0,28359.74,2.5
TXN101349,2023-06-20 04:51:39,P003,CU0038,UPI,2,66518.13,5.0,133036.26,4.5
TXN102335,2023-06-20 22:27:16,P005,CU0345,Credit Card,2,56975.25,0.0,113950.5,3.0
TXN104214,2023-06-20 22:43:04,P002,CU0078,UPI,1,56946.15,5.0,56946.15,4.5
TXN104496,2023-06-21 02:09:35,P010,CU0208,UPI,3,47070.36,5.0,141211.08,3.0
TXN100472,2023-06-21 02:54:13,P017,CU0277,Credit Card,5,20840.33,5.0,104201.65,4.5
TXN102152,2023-06-21 04:52:53,P004,CU0340,Cash,3,44324.84,8.0,132974.52,4.0
TXN102375,2023-06-21 11:57:15,P002,CU0129,UPI,1,57707.98,0.0,57707.98,3.5
TXN101758,2023-06-21 13:28:32,P009,CU0195,UPI,2,29989.54,8.0,59979.08,4.0
TXN104245,2023-06-21 19:32:23,P003,CU0475,Credit Card,1,29910.57,10.0,29910.57,5.0
TXN104310,2023-06-22 01:14:54,P004,CU0220,Cash,1,70459.18,0.0,70459.18,4.5
TXN100884,2023-06-22 08:53:48,P015,CU0036,UPI,2,14802.33,10.0,29604.66,3.5
TXN104035,2023-06-22 22:45:46,P016,CU0181,Credit Card,1,14472.81,10.0,14472.81,4.0
TXN102350,2023-06-23 06:12:41,P017,CU0236,UPI,2,21462.0,0.0,42924.0,4.0
TXN100080,2023-06-23 06:33:04,P011,CU0231,Credit Card,1,28354.93,0.0,28354.93,5.0
TXN100380,2023-06-23 06:49:49,P015,CU0023,UPI,2,25510.41,0.0,51020.82,3.5
TXN101387,2023-06-23 10:37:11,P014,CU0463,Debit Card,1,32086.96,8.0,32086.96,3.0
TXN102864,2023-06-23 21:43:25,P010,CU0008,Credit Card,1,30468.4,5.0,30468.4,4.0
TXN102648,2023-06-24 07:42:03,P013,CU0497,Cash,1,25760.92,0.0,25760.92,2.5
TXN100410,2023-06-24 09:42:32,P003,CU0386,UPI,1,65483.05,8.0,65483.05,3.0
TXN100428,2023-06-25 03:50:22,P002,CU0106,Debit Card,4,38369.84,8.0,153479.36,5.0
TXN104256,2023-06-25 12:07:37,P013,CU0135,Credit Card,1,29383.57,5.0,29383.57,3.5
TXN100435,2023-06-25 17:59:14,P012,CU0416,Cash,2,12418.51,0.0,24837.02,4.5
TXN101890,2023-06-25 23:22:41,P012,CU0388,Debit Card,1,31422.35,3.0,31422.35,4.0
TXN102248,2023-06-26 11:10:21,P017,CU0344,UPI,1,24777.65,0.0,24777.65,2.5
TXN101760,2023-06-26 14:10:41,P009,CU0333,Debit Card,2,24636.95,8.0,49273.9,4.0
TXN100308,2023-06-27 04:11:44,P009,CU0239,Debit Card,4,42527.82,10.0,170111.28,2.0
TXN104002,2023-06-27 16:48:45,P007,CU0364,UPI,3,21643.19,5.0,64929.57,3.0
TXN100972,2023-06-27 17:31:19,P014,CU0408,UPI,2,11761.0,8.0,23522.0,3.5
TXN102063,2023-06-28 00:16:14,P002,CU0020,UPI,2,54080.8,5.0,108161.6,3.0
TXN103223,2023-06-28 09:43:31,P004,CU0183,Cash,2,41968.74,5.0,83937.48,3.5
TXN100575,2023-06-28 13:00:41,P016,CU0424,UPI,3,27219.57,8.0,81658.71,4.0
TXN103405,2023-06-28 18:59:50,P001,CU0224,Debit Card,1,37660.39,0.0,37660.39,3.5
TXN103923,2023-06-29 02:07:26,P008,CU0013,Cash,2,53866.44,8.0,107732.88,3.0
TXN103995,2023-06-29 17:35:23,P001,CU0054,Credit Card,2,43089.8,5.0,86179.6,2.0
TXN101831,2023-06-29 18:13:15,P016,CU0414,Debit Card,5,25997.38,3.0,129986.9,3.0
TXN102354,2023-06-30 04:25:01,P009,CU0115,UPI,2,21517.01,5.0,43034.02,3.0
TXN100585,2023-06-30 16:53:08,P016,CU0089,Debit Card,1,19405.28,0.0,19405.28,5.0
TXN103458,2023-06-30 17:57:53,P005,CU0133,Debit Card,2,47185.15,5.0,94370.3,5.0
TXN103460,2023-07-01 03:10:16,P013,CU0465,UPI,5,28955.24,3.0,144776.2,4.0
TXN101124,2023-07-01 12:31:57,P016,CU0093,Debit Card,1,22402.62,0.0,22402.62,5.0
TXN101644,2023-07-01 20:08:51,P010,CU0466,Credit Card,3,34909.03,8.0,104727.09,4.5
TXN104080,2023-07-03 05:21:23,P009,CU0083,UPI,1,38258.45,5.0,38258.45,4.0
TXN101542,2023-07-03 18:31:34,P010,CU0194,Debit Card,4,21091.01,0.0,84364.04,4.5
TXN101419,2023-07-03 20:47:26,P009,CU0481,Debit Card,4,41987.73,3.0,167950.92,4.0
TXN100484,2023-07-03 23:59:08,P004,CU0295,UPI,1,36204.72,5.0,36204.72,3.5
TXN100998,2023-07-04 02:17:34,P009,CU0333,Debit Card,1,29429.81,3.0,29429.81,3.5
TXN104155,2023-07-04 03:01:59,P010,CU0342,Credit Card,1,46387.0,0.0,46387.0,3.5
TXN101364,2023-07-04 03:55:55,P004,CU0446,Cash,1,46710.57,3.0,46710.57,3.5
TXN102374,2023-07-04 07:00:33,P004,CU0386,UPI,1,38488.43,10.0,38488.43,4.5
TXN101363,2023-07-04 13:03:26,P009,CU0378,Cash,2,25708.56,0.0,51417.12,3.5
TXN102130,2023-07-04 18:32:13,P001,CU0230,Cash,2,64730.36,5.0,129460.72,5.0
TXN104331,2023-07-05 05:44:08,P011,CU0371,UPI,2,41643.99,3.0,83287.98,2.5
TXN103228,2023-07-06 04:43:17,P010,CU0033,UPI,2,38960.42,0.0,77920.84,3.5
TXN100897,2023-07-08 03:26:47,P014,CU0144,Credit Card,1,18446.23,8.0,18446.23,4.0
TXN101629,2023-07-08 07:18:38,P012,CU0103,Cash,1,29119.27,8.0,29119.27,3.0
TXN103333,2023-07-08 13:24:37,P006,CU0307,UPI,3,17224.47,8.0,51673.41,4.5
TXN104183,2023-07-09 01:33:55,P006,CU0049,Debit Card,1,22532.93,8.0,22532.93,5.0
TXN100125,2023-07-09 05:19:05,P016,CU0061,UPI,2,22579.01,3.0,45158.02,4.0
TXN103685,2023-07-09 13:02:43,P011,CU0419,Debit Card,2,27659.55,0.0,55319.1,4.0
TXN101980,2023-07-09 18:56:11,P004,CU0171,UPI,1,61020.5,8.0,61020.5,4.0
TXN102244,2023-07-10 04:07:14,P009,CU0065,Debit Card,1,33751.62,8.0,33751.62,2.5
TXN104473,2023-07-10 09:19:17,P002,CU0013,Cash,3,65241.52,0.0,195724.56,5.0
TXN102213,2023-07-10 22:24:02,P009,CU0112,Cash,4,26012.09,8.0,104048.36,2.5
TXN104388,2023-07-11 23:10:56,P003,CU0452,Debit Card,2,62555.43,8.0,125110.86,2.5
TXN103399,2023-07-11 23:50:23,P008,CU0250,UPI,1,36140.28,0.0,36140.28,4.0
TXN103236,2023-07-12 00:20:49,P002,CU0498,Cash,1,59822.46,5.0,59822.46,4.5
TXN100397,2023-07-12 08:16:34,P013,CU0056,Credit Card,1,25616.18,0.0,25616.18,5.0
TXN104070,2023-07-12 12:17:34,P012,CU0417,Credit Card,2,22452.6,0.0,44905.2,5.0
TXN102118,2023-07-12 17:02:37,P015,CU0455,Cash,1,16593.86,15.0,16593.86,3.5
TXN100010,2023-07-13 17:55:24,P013,CU0318,Cash,1,29298.98,10.0,29298.98,4.5
TXN103899,2023-07-14 18:59:23,P011,CU0174,Debit Card,2,28195.1,0.0,56390.2,4.0
TXN100687,2023-07-15 14:45:00,P009,CU0300,UPI,1,37349.4,3.0,37349.4,3.0
TXN100323,2023-07-15 15:29:58,P017,CU0496,Credit Card,2,12523.45,8.0,25046.9,4.0
TXN100602,2023-07-15 19:22:31,P008,CU0321,UPI,1,26764.76,3.0,26764.76,2.5
TXN101767,2023-07-16 06:12:15,P002,CU0157,UPI,2,43528.28,5.0,87056.56,2.5
TXN103831,2023-07-16 14:57:05,P013,CU0281,Credit Card,1,25877.54,0.0,25877.54,3.5
TXN102564,2023-07-16 15:24:22,P006,CU0286,Credit Card,2,49284.48,0.0,98568.96,4.0
TXN104174,2023-07-17 01:10:20,P011,CU0100,Debit Card,4,38770.36,3.0,155081.44,3.5
TXN100533,2023-07-17 05:39:05,P009,CU0364,UPI,3,48510.95,0.0,145532.85,2.5
TXN101471,2023-07-17 07:52:13,P006,CU0056,Debit Card,3,23949.7,0.0,71849.1,4.0
TXN104071,2023-07-17 08:21:19,P008,CU0178,Cash,3,31399.21,5.0,94197.63,2.5
TXN104182,2023-07-17 11:54:13,P013,CU0229,Credit Card,1,11639.07,8.0,11639.07,3.5
TXN103163,2023-07-17 12:27:24,P007,CU0181,Debit Card,1,27186.18,0.0,27186.18,4.0
TXN102183,2023-07-17 12:56:17,P017,CU0022,Credit Card,1,13113.03,0.0,13113.03,3.5
TXN101273,2023-07-17 15:35:52,P006,CU0277,Credit Card,1,56299.21,10.0,56299.21,4.0
TXN104364,2023-07-17 18:21:08,P003,CU0468,UPI,1,43967.6,10.0,43967.6,4.5
TXN102029,2023-07-18 03:44:22,P002,CU0198,Cash,4,56186.51,8.0,224746.04,3.5
TXN101769,2023-07-18 17:22:10,P002,CU0086,Credit Card,5,47786.03,0.0,238930.15,3.0
TXN100593,2023-07-19 00:19:25,P011,CU0122,UPI,2,41913.17,0.0,83826.34,3.5
TXN101479,2023-07-19 02:24:00,P013,CU0187,Debit Card,2,15278.87,3.0,30557.74,4.0
TXN102740,2023-07-19 15:24:08,P010,CU0382,Debit Card,2,41457.24,3.0,82914.48,4.0
TXN101789,2023-07-19 19:24:48,P010,CU0031,Debit Card,1,41014.66,10.0,41014.66,5.0
TXN103705,2023-07-19 20:39:52,P007,CU0174,UPI,2,61958.44,3.0,123916.88,4.5
TXN103543,2023-07-19 20:54:56,P011,CU0379,UPI,2,23643.85,5.0,47287.7,5.0
TXN102666,2023-07-20 17:51:09,P009,CU0287,Cash,3,20555.21,5.0,61665.63,4.0
TXN100766,2023-07-20 18:44:40,P001,CU0369,Debit Card,3,48559.79,15.0,145679.37,5.0
TXN103840,2023-07-21 14:57:24,P001,CU0033,UPI,4,46833.56,5.0,187334.24,4.5
TXN103710,2023-07-22 01:43:19,P006,CU0085,Credit Card,1,37106.22,3.0,37106.22,2.0
TXN101060,2023-07-22 02:05:48,P002,CU0009,UPI,3,54912.3,3.0,164736.9,2.5
TXN100071,2023-07-22 03:06:49,P009,CU0481,UPI,1,17829.65,8.0,17829.65,4.5
TXN101934,2023-07-22 06:57:21,P006,CU0024,Credit Card,1,58041.16,0.0,58041.16,3.0
TXN104066,2023-07-22 13:15:38,P004,CU0151,Credit Card,2,38399.48,10.0,76798.96,3.0
TXN100908,2023-07-22 15:16:59,P007,CU0301,Debit Card,2,39762.13,5.0,79524.26,4.0
TXN101304,2023-07-23 08:36:08,P007,CU0343,UPI,1,62342.2,0.0,62342.2,4.5
TXN100187,2023-07-23 14:06:58,P003,CU0406,Debit Card,2,32397.51,8.0,64795.02,2.5
TXN101676,2023-07-24 11:30:12,P004,CU0048,Credit Card,3,51467.92,5.0,154403.76,4.5
TXN101240,2023-07-24 13:59:53,P003,CU0186,Debit Card,1,74630.42,0.0,74630.42,4.0
TXN103607,2023-07-24 15:09:06,P006,CU0285,Debit Card,1,44523.12,0.0,44523.12,3.5
TXN103575,2023-07-24 19:59:07,P011,CU0281,Debit Card,2,19503.18,0.0,39006.36,3.5
TXN103585,2023-07-24 21:12:33,P001,CU0352,Cash,1,42906.66,0.0,42906.66,4.0
TXN104455,2023-07-25 17:22:21,P002,CU0126,Cash,1,70208.04,0.0,70208.04,3.0
TXN103331,2023-07-26 03:05:11,P008,CU0199,Credit Card,1,44586.71,0.0,44586.71,4.0
TXN100630,2023-07-27 02:25:35,P008,CU0273,Debit Card,4,57755.04,8.0,231020.16,3.5
TXN100476,2023-07-27 06:52:27,P010,CU0128,UPI,4,41577.24,15.0,166308.96,3.0
TXN103098,2023-07-27 13:48:38,P004,CU0331,UPI,1,58473.41,0.0,58473.41,3.0
TXN100449,2023-07-27 22:14:10,P014,CU0429,Debit Card,3,31237.09,0.0,93711.27,4.5
TXN100342,2023-07-28 20:40:36,P008,CU0127,Credit Card,3,51157.57,8.0,153472.71,3.5
TXN102132,2023-07-28 22:04:12,P009,CU0337,UPI,3,39874.47,3.0,119623.41,2.5
TXN104368,2023-07-29 00:49:47,P004,CU0302,Cash,1,42881.99,8.0,42881.99,3.5
TXN100640,2023-07-29 11:05:53,P015,CU0355,Credit Card,2,15651.77,5.0,31303.54,3.5
TXN104130,2023-07-29 22:24:49,P003,CU0498,Credit Card,1,45207.68,0.0,45207.68,4.0
TXN104379,2023-07-29 22:47:33,P017,CU0077,UPI,1,16088.66,3.0,16088.66,5.0
TXN103033,2023-07-30 22:13:35,P004,CU0326,Cash,3,30392.44,0.0,91177.32,4.5
TXN103139,2023-07-31 00:06:58,P008,CU0174,Cash,1,53047.5,15.0,53047.5,2.5
TXN102009,2023-07-31 08:49:34,P011,CU0341,Credit Card,2,32336.27,0.0,64672.54,2.0
TXN103539,2023-07-31 09:46:56,P010,CU0437,Debit Card,1,33247.73,3.0,33247.73,4.5
TXN102986,2023-07-31 19:40:02,P008,CU0394,UPI,1,38271.4,5.0,38271.4,3.5
TXN102914,2023-08-01 09:42:26,P006,CU0386,UPI,2,54475.8,0.0,108951.6,3.0
TXN101917,2023-08-01 12:18:46,P001,CU0328,Credit Card,1,72886.95,0.0,72886.95,4.0
TXN101467,2023-08-01 17:54:30,P016,CU0304,Credit Card,1,14165.43,5.0,14165.43,3.0
TXN100265,2023-08-02 19:35:12,P004,CU0444,UPI,2,37648.01,0.0,75296.02,5.0
TXN101289,2023-08-03 03:43:36,P012,CU0303,UPI,1,22845.35,5.0,22845.35,4.0
TXN103591,2023-08-03 05:28:22,P004,CU0197,UPI,1,46553.55,10.0,46553.55,4.5
TXN101317,2023-08-03 21:27:05,P015,CU0121,Debit Card,1,10277.94,5.0,10277.94,5.0
TXN102515,2023-08-04 08:00:58,P001,CU0084,Credit Card,1,31908.37,0.0,31908.37,4.0
TXN102888,2023-08-04 16:12:35,P013,CU0437,UPI,1,33867.42,3.0,33867.42,3.5
TXN104441,2023-08-04 17:36:30,P012,CU0366,Cash,3,31037.44,0.0,93112.32,3.0
TXN102977,2023-08-05 16:51:57,P008,CU0016,UPI,2,41792.33,10.0,83584.66,3.5
TXN100732,2023-08-05 20:04:03,P009,CU0156,Debit Card,2,38682.41,10.0,77364.82,4.0
TXN103260,2023-08-06 04:29:37,P008,CU0018,Debit Card,2,38827.66,5.0,77655.32,3.5
TXN104044,2023-08-06 12:56:03,P006,CU0428,UPI,2,39837.42,0.0,79674.84,3.5
TXN102151,2023-08-06 13:15:35,P015,CU0263,Debit Card,1,9916.12,10.0,9916.12,4.0
TXN102942,2023-08-06 16:33:25,P001,CU0429,Debit Card,1,62557.97,5.0,62557.97,3.5
TXN103573,2023-08-07 01:59:15,P001,CU0437,UPI,5,43883.15,0.0,219415.75,3.0
TXN102799,2023-08-07 20:36:50,P015,CU0088,UPI,4,23537.37,0.0,94149.48,2.5
TXN102392,2023-08-08 14:42:44,P015,CU0110,Debit Card,4,24750.96,0.0,99003.84,2.0
TXN100559,2023-08-08 16:00:01,P017,CU0354,Debit Card,1,15448.13,8.0,15448.13,5.0
TXN103344,2023-08-09 11:44:09,P003,CU0209,UPI,3,46634.99,5.0,139904.97,4.0
TXN100126,2023-08-09 13:45:54,P006,CU0027,Credit Card,1,21250.72,3.0,21250.72,2.5
TXN101170,2023-08-09 22:27:48,P009,CU0270,Credit Card,1,40678.19,10.0,40678.19,4.5
TXN100901,2023-08-10 00:37:34,P008,CU0328,UPI,1,56566.44,10.0,56566.44,3.0
TXN103579,2023-08-10 05:50:12,P017,CU0040,UPI,2,14281.92,0.0,28563.84,4.0
TXN103916,2023-08-10 10:32:09,P014,CU0387,Credit Card,1,15521.48,0.0,15521.48,3.5
TXN100394,2023-08-10 12:40:45,P006,CU0336,Cash,3,28503.17,0.0,85509.51,2.5
TXN100709,2023-08-10 12:46:34,P007,CU0131,UPI,3,26549.21,8.0,79647.63,4.5
TXN100035,2023-08-10 20:41:38,P008,CU0337,Credit Card,3,39556.62,8.0,118669.86,4.0
TXN102729,2023-08-10 21:25:19,P011,CU0034,Credit Card,3,24966.41,0.0,74899.23,4.5
TXN102327,2023-08-11 05:51:38,P011,CU0462,Credit Card,1,21808.19,10.0,21808.19,5.0
TXN104082,2023-08-11 08:16:22,P012,CU0437,Credit Card,2,27927.76,5.0,55855.52,3.5
TXN101555,2023-08-11 15:10:44,P005,CU0374,Debit Card,1,58197.61,10.0,58197.61,3.0
TXN103596,2023-08-12 00:07:05,P013,CU0066,Debit Card,1,27001.28,3.0,27001.28,5.0
TXN103422,2023-08-12 00:10:23,P016,CU0388,Credit Card,1,20177.0,0.0,20177.0,3.0
TXN100664,2023-08-12 02:24:49,P003,CU0181,Credit Card,1,31399.62,5.0,31399.62,4.0
TXN102343,2023-08-12 04:47:13,P016,CU0175,UPI,1,15991.08,10.0,15991.08,3.5
TXN101838,2023-08-12 09:31:48,P005,CU0029,Credit Card,1,23320.8,0.0,23320.8,5.0
TXN104337,2023-08-12 13:43:08,P006,CU0462,Debit Card,4,22724.01,0.0,90896.04,3.0
TXN101535,2023-08-13 01:29:50,P004,CU0098,UPI,2,70613.87,0.0,141227.74,4.5
TXN102550,2023-08-13 04:33:23,P015,CU0034,UPI,2,18463.19,0.0,36926.38,4.5
TXN104144,2023-08-15 00:15:04,P013,CU0199,UPI,3,14098.97,0.0,42296.91,3.5
TXN103812,2023-08-15 07:54:40,P006,CU0379,Debit Card,4,20585.93,8.0,82343.72,3.5
TXN103741,2023-08-15 09:17:40,P016,CU0445,UPI,2,21082.54,5.0,42165.08,3.0
TXN103828,2023-08-15 21:29:22,P009,CU0248,Cash,1,43587.3,0.0,43587.3,3.0
TXN100293,2023-08-16 01:06:15,P012,CU0032,Cash,2,28095.06,5.0,56190.12,3.5
TXN100669,2023-08-16 11:40:17,P017,CU0302,UPI,2,27617.87,3.0,55235.74,4.5
TXN103876,2023-08-16 23:03:18,P015,CU0137,Debit Card,2,20553.18,10.0,41106.36,4.0
TXN101648,2023-08-17 05:04:38,P001,CU0244,Cash,2,60600.2,8.0,121200.4,3.5
TXN100434,2023-08-17 10:05:41,P002,CU0112,Cash,3,33318.8,3.0,99956.4,4.0
TXN102616,2023-08-17 14:21:22,P013,CU0132,UPI,2,20287.26,5.0,40574.52,2.5
TXN100245,2023-08-17 16:35:20,P005,CU0054,Debit Card,4,49267.41,3.0,197069.64,2.5
TXN101486,2023-08-17 19:09:36,P002,CU0143,UPI,2,50842.56,5.0,101685.12,5.0
TXN102325,2023-08-18 05:55:46,P016,CU0497,Cash,1,13575.66,0.0,13575.66,5.0
TXN100568,2023-08-18 07:12:26,P013,CU0128,UPI,5,26242.34,5.0,131211.7,3.0
TXN103147,2023-08-18 14:24:07,P005,CU0339,Debit Card,1,59370.9,5.0,59370.9,3.5
TXN102661,2023-08-18 15:59:20,P004,CU0033,UPI,1,51470.4,3.0,51470.4,4.0
TXN100055,2023-08-18 22:25:30,P003,CU0386,Credit Card,2,70891.78,0.0,141783.56,3.5
TXN102362,2023-08-19 09:41:30,P013,CU0191,Credit Card,3,16524.14,8.0,49572.42,3.5
TXN103717,2023-08-20 01:12:00,P013,CU0303,Credit Card,4,27466.91,0.0,109867.64,2.5
TXN100587,2023-08-20 17:03:56,P010,CU0207,UPI,2,40527.81,5.0,81055.62,5.0
TXN100680,2023-08-20 22:17:44,P016,CU0463,Debit Card,3,10377.92,3.0,31133.76,4.0
TXN100213,2023-08-21 08:02:08,P003,CU0390,Cash,1,30506.31,8.0,30506.31,3.5
TXN100612,2023-08-21 10:14:44,P011,CU0261,Cash,1,22378.65,3.0,22378.65,4.5
TXN101215,2023-08-21 14:35:43,P003,CU0420,UPI,2,54435.53,3.0,108871.06,3.0
TXN102381,2023-08-22 02:55:54,P016,CU0253,Debit Card,2,12013.78,0.0,24027.56,5.0
TXN104408,2023-08-22 15:55:26,P007,CU0251,Cash,1,24473.28,3.0,24473.28,3.0
TXN100691,2023-08-23 04:58:59,P003,CU0139,Credit Card,1,38799.55,10.0,38799.55,4.0
TXN101497,2023-08-23 07:52:03,P011,CU0196,Cash,1,40622.6,0.0,40622.6,4.0
TXN102120,2023-08-23 16:46:27,P011,CU0449,UPI,1,30802.26,0.0,30802.26,4.5
TXN102884,2023-08-23 18:09:37,P009,CU0153,UPI,2,34181.86,5.0,68363.72,3.5
TXN100065,2023-08-23 19:31:43,P017,CU0196,Credit Card,2,29290.1,0.0,58580.2,3.0
TXN100859,2023-08-23 23:10:31,P006,CU0347,Cash,1,53418.32,10.0,53418.32,3.0
TXN101342,2023-08-24 01:53:45,P011,CU0352,Debit Card,2,23027.59,0.0,46055.18,3.5
TXN102128,2023-08-24 20:24:25,P009,CU0277,Debit Card,1,42027.07,8.0,42027.07,3.0
TXN101423,2023-08-25 05:53:40,P001,CU0487,Credit Card,1,40892.93,10.0,40892.93,4.5
TXN100448,2023-08-26 07:28:05,P008,CU0399,Credit Card,3,31096.48,0.0,93289.44,4.0
TXN101950,2023-08-26 11:42:14,P013,CU0194,Cash,2,30097.83,8.0,60195.66,4.0
TXN100945,2023-08-26 23:56:56,P009,CU0263,UPI,1,32783.5,5.0,32783.5,3.5
TXN103813,2023-08-27 17:47:41,P014,CU0245,Debit Card,1,29864.56,0.0,29864.56,2.5
TXN103085,2023-08-27 21:03:29,P007,CU0183,UPI,1,49828.53,8.0,49828.53,3.5
TXN103654,2023-08-29 00:01:30,P010,CU0480,Credit Card,1,22702.13,10.0,22702.13,3.0
TXN100353,2023-08-29 04:30:45,P017,CU0133,UPI,1,18567.41,0.0,18567.41,3.0
TXN101978,2023-08-30 00:09:08,P006,CU0059,Cash,2,41563.69,10.0,83127.38,4.0
TXN102839,2023-08-30 05:00:02,P008,CU0374,Credit Card,2,36367.21,3.0,72734.42,4.0
TXN102594,2023-08-30 07:12:39,P009,CU0293,Cash,1,23130.39,5.0,23130.39,3.0
TXN101091,2023-08-30 23:03:47,P010,CU0105,Debit Card,2,41080.57,3.0,82161.14,2.5
TXN101196,2023-08-31 20:50:52,P003,CU0175,Cash,2,30448.03,0.0,60896.06,5.0
TXN104476,2023-09-01 12:45:52,P002,CU0169,UPI,2,63361.71,0.0,126723.42,4.5
TXN103949,2023-09-01 16:03:14,P013,CU0183,Debit Card,2,14802.77,8.0,29605.54,4.5
TXN101710,2023-09-01 17:15:38,P017,CU0321,UPI,1,29597.08,0.0,29597.08,4.5
TXN100681,2023-09-02 00:03:07,P010,CU0439,UPI,1,20313.29,10.0,20313.29,4.0
TXN102705,2023-09-02 00:57:35,P012,CU0068,Debit Card,3,19923.69,0.0,59771.07,2.5
TXN104151,2023-09-02 03:48:00,P006,CU0278,Debit Card,2,40851.18,0.0,81702.36,2.5
TXN101174,2023-09-02 11:34:58,P004,CU0106,Cash,3,48312.26,8.0,144936.78,3.5
TXN104332,2023-09-02 15:57:15,P006,CU0134,Debit Card,1,47743.56,10.0,47743.56,4.5
TXN102016,2023-09-02 17:31:51,P008,CU0123,UPI,2,33489.39,5.0,66978.78,4.0
TXN103367,2023-09-02 17:57:52,P017,CU0492,Cash,2,15164.71,5.0,30329.42,4.0
TXN104483,2023-09-03 06:12:57,P008,CU0192,Credit Card,2,62508.05,0.0,125016.1,3.0
TXN100756,2023-09-03 06:41:15,P012,CU0020,Debit Card,1,20151.61,3.0,20151.61,4.0
TXN102904,2023-09-03 13:31:13,P006,CU0239,UPI,3,44759.04,8.0,134277.12,3.5
TXN104033,2023-09-04 00:57:04,P009,CU0443,Debit Card,1,43099.95,5.0,43099.95,3.0
TXN104006,2023-09-04 10:40:28,P006,CU0109,Credit Card,3,40726.42,5.0,122179.26,3.5
TXN101446,2023-09-04 11:13:47,P002,CU0054,UPI,1,69818.43,0.0,69818.43,2.5
TXN102739,2023-09-04 13:22:25,P009,CU0325,Credit Card,3,31493.98,8.0,94481.94,3.0
TXN104086,2023-09-04 23:51:25,P004,CU0246,Cash,1,59121.19,0.0,59121.19,5.0
TXN102680,2023-09-05 03:20:15,P011,CU0010,Credit Card,1,45529.19,5.0,45529.19,4.5
TXN100442,2023-09-05 03:58:03,P016,CU0284,UPI,4,18039.77,8.0,72159.08,4.5
TXN103836,2023-09-05 12:01:16,P010,CU0320,UPI,2,45929.24,5.0,91858.48,3.5
TXN100286,2023-09-05 13:00:59,P005,CU0305,Cash,2,62171.62,0.0,124343.24,3.5
TXN101907,2023-09-05 16:30:43,P009,CU0488,UPI,2,28790.47,3.0,57580.94,3.5
TXN102525,2023-09-06 08:47:09,P012,CU0135,Debit Card,1,31359.46,3.0,31359.46,4.0
TXN101334,2023-09-06 22:28:18,P014,CU0276,Credit Card,1,14600.36,0.0,14600.36,2.5
TXN100788,2023-09-07 05:36:22,P012,CU0455,Cash,2,25687.87,5.0,51375.74,3.5
TXN103684,2023-09-07 06:07:50,P010,CU0292,Debit Card,1,44433.29,8.0,44433.29,4.0
TXN102600,2023-09-07 14:57:03,P002,CU0081,Credit Card,2,52409.0,5.0,104818.0,2.5
TXN104008,2023-09-07 17:48:55,P003,CU0466,UPI,1,45864.21,0.0,45864.21,2.5
TXN103756,2023-09-07 18:13:34,P008,CU0074,UPI,1,51257.15,0.0,51257.15,2.5
TXN104457,2023-09-07 20:31:04,P016,CU0304,Cash,3,14244.17,15.0,42732.51,4.0
TXN101061,2023-09-08 02:27:49,P008,CU0296,Credit Card,2,63176.73,0.0,126353.46,2.5
TXN101315,2023-09-08 21:41:28,P016,CU0108,Debit Card,1,15816.47,5.0,15816.47,4.0
TXN101772,2023-09-09 03:15:00,P006,CU0067,UPI,1,57406.95,3.0,57406.95,3.5
TXN102695,2023-09-09 13:23:47,P006,CU0296,Debit Card,2,52571.58,8.0,105143.16,3.5
TXN103415,2023-09-09 20:10:09,P007,CU0209,Debit Card,4,56963.9,0.0,227855.6,3.0
TXN104108,2023-09-11 08:47:11,P002,CU0325,Debit Card,2,62434.73,8.0,124869.46,3.5
TXN101860,2023-09-11 12:37:46,P015,CU0088,UPI,1,17035.03,10.0,17035.03,3.0
TXN100254,2023-09-11 18:49:25,P011,CU0269,Cash,1,40527.91,0.0,40527.91,3.0
TXN103744,2023-09-11 21:17:04,P006,CU0050,UPI,1,43015.23,0.0,43015.23,3.0
TXN102956,2023-09-12 04:36:39,P005,CU0361,Debit Card,2,56250.87,5.0,112501.74,2.5
TXN101217,2023-09-12 05:59:15,P016,CU0301,Debit Card,1,20336.03,0.0,20336.03,3.0
TXN104106,2023-09-12 06:55:29,P011,CU0015,UPI,1,44448.34,3.0,44448.34,4.5
TXN102192,2023-09-12 11:24:07,P014,CU0492,UPI,2,32710.19,0.0,65420.38,5.0
TXN103877,2023-09-12 14:29:51,P005,CU0259,Credit Card,1,54766.4,0.0,54766.4,4.0
TXN102217,2023-09-13 04:53:31,P007,CU0131,Debit Card,1,18637.79,0.0,18637.79,2.5
TXN101288,2023-09-13 06:29:52,P010,CU0378,Cash,3,42554.56,0.0,127663.68,2.5
TXN102724,2023-09-13 07:40:57,P010,CU0484,UPI,1,33275.26,5.0,33275.26,2.5
TXN100124,2023-09-13 14:56:09,P014,CU0063,UPI,1,17381.92,8.0,17381.92,3.0
TXN103312,2023-09-14 18:07:01,P002,CU0373,Debit Card,2,46276.86,5.0,92553.72,2.5
TXN100799,2023-09-14 21:50:43,P005,CU0153,Credit Card,1,44888.42,8.0,44888.42,3.0
TXN100078,2023-09-15 02:02:01,P016,CU0101,Cash,3,27198.12,3.0,81594.36,2.5
TXN102745,2023-09-15 11:56:21,P012,CU0009,Credit Card,2,22693.14,0.0,45386.28,3.5
TXN101842,2023-09-15 15:32:52,P013,CU0008,Debit Card,2,27699.36,5.0,55398.72,4.5
TXN101588,2023-09-16 05:53:02,P011,CU0227,UPI,3,19347.04,0.0,58041.12,4.5
TXN101600,2023-09-16 15:28:53,P003,CU0497,UPI,1,47556.69,3.0,47556.69,4.0
TXN101628,2023-09-16 22:58:29,P004,CU0494,Credit Card,2,36279.48,3.0,72558.96,5.0
TXN101735,2023-09-16 23:27:58,P005,CU0379,Cash,2,35443.89,0.0,70887.78,4.0
TXN101651,2023-09-17 03:37:47,P013,CU0108,Debit Card,1,19741.98,5.0,19741.98,4.0
TXN102313,2023-09-17 04:24:33,P017,CU0094,Debit Card,4,11327.38,3.0,45309.52,4.0
TXN101919,2023-09-17 06:14:40,P011,CU0276,UPI,1,34224.47,0.0,34224.47,3.5
TXN103758,2023-09-17 15:33:00,P013,CU0065,Credit Card,3,18866.91,0.0,56600.73,4.5
TXN103275,2023-09-18 00:45:50,P015,CU0313,Credit Card,1,24591.09,5.0,24591.09,4.5
TXN102685,2023-09-18 01:02:40,P010,CU0074,Cash,3,36678.47,0.0,110035.41,3.5
TXN103065,2023-09-18 07:02:49,P007,CU0200,UPI,1,56172.31,0.0,56172.31,2.0
TXN100882,2023-09-19 13:50:07,P009,CU0365,Credit Card,1,47409.14,0.0,47409.14,4.0
TXN103229,2023-09-19 14:04:05,P013,CU0217,Credit Card,1,31372.63,3.0,31372.63,2.5
TXN102658,2023-09-19 16:01:27,P009,CU0363,Cash,2,32871.74,15.0,65743.48,5.0
TXN101227,2023-09-20 06:36:54,P017,CU0364,Debit Card,1,22225.21,10.0,22225.21,3.0
TXN103290,2023-09-20 11:41:21,P005,CU0494,UPI,4,52077.74,0.0,208310.96,4.0
TXN101211,2023-09-21 05:06:46,P008,CU0014,Cash,2,33417.48,8.0,66834.96,4.5
TXN100409,2023-09-21 07:09:42,P014,CU0214,Debit Card,1,27568.6,8.0,27568.6,5.0
TXN103419,2023-09-21 08:00:13,P008,CU0373,Credit Card,3,24662.67,10.0,73988.01,3.0
TXN102544,2023-09-21 08:00:57,P010,CU0279,Debit Card,2,34080.52,0.0,68161.04,2.5
TXN100363,2023-09-21 21:33:13,P016,CU0335,Cash,2,25143.86,10.0,50287.72,3.0
TXN102005,2023-09-22 08:18:30,P013,CU0081,UPI,1,34514.46,0.0,34514.46,4.0
TXN102532,2023-09-22 13:41:31,P007,CU0055,UPI,5,54816.38,10.0,274081.9,3.0
TXN100775,2023-09-22 18:11:27,P003,CU0110,UPI,1,29779.86,3.0,29779.86,5.0
TXN101326,2023-09-22 19:39:32,P016,CU0154,UPI,2,10762.78,5.0,21525.56,3.0
TXN103527,2023-09-22 22:32:14,P017,CU0426,UPI,1,14143.58,10.0,14143.58,4.0
TXN104479,2023-09-23 08:47:48,P001,CU0330,UPI,2,67075.64,0.0,134151.28,4.0
TXN101261,2023-09-23 10:18:18,P006,CU0325,Cash,1,31214.29,8.0,31214.29,4.0
TXN103425,2023-09-23 15:25:22,P010,CU0068,Debit Card,2,39865.1,3.0,79730.2,3.0
TXN100895,2023-09-24 09:46:12,P011,CU0207,Credit Card,3,33039.55,10.0,99118.65,4.5
TXN100970,2023-09-24 11:27:44,P002,CU0378,UPI,2,67299.56,0.0,134599.12,4.5
TXN100540,2023-09-24 17:25:49,P010,CU0221,Credit Card,1,20655.72,0.0,20655.72,3.0
TXN103007,2023-09-24 19:29:34,P008,CU0015,UPI,2,35654.75,8.0,71309.5,5.0
TXN101751,2023-09-24 22:34:08,P012,CU0289,Credit Card,1,13715.28,3.0,13715.28,3.0
TXN102790,2023-09-25 00:17:41,P015,CU0262,Credit Card,2,26373.54,5.0,52747.08,3.5
TXN104093,2023-09-25 01:40:47,P007,CU0338,Credit Card,2,29791.73,8.0,59583.46,4.0
TXN101281,2023-09-25 11:32:35,P011,CU0142,UPI,5,24397.83,5.0,121989.15,4.0
TXN102289,2023-09-25 23:23:24,P010,CU0161,Credit Card,4,29733.09,5.0,118932.36,2.5
TXN103034,2023-09-26 05:09:28,P010,CU0046,Credit Card,3,45812.17,0.0,137436.51,5.0
TXN103649,2023-09-26 07:57:13,P014,CU0235,UPI,1,27070.75,8.0,27070.75,3.5
TXN101671,2023-09-26 11:50:28,P004,CU0343,Cash,4,35707.69,8.0,142830.76,2.5
TXN100784,2023-09-27 00:01:39,P003,CU0212,Credit Card,2,61965.28,0.0,123930.56,4.0
TXN103479,2023-09-27 04:12:24,P005,CU0481,Cash,2,28066.5,0.0,56133.0,5.0
TXN102167,2023-09-27 06:25:43,P016,CU0001,Credit Card,2,23506.91,8.0,47013.82,5.0
TXN103439,2023-09-28 05:58:23,P010,CU0082,UPI,2,48128.57,0.0,96257.14,4.0
TXN102023,2023-09-29 19:16:09,P001,CU0265,Credit Card,1,46666.62,0.0,46666.62,5.0
TXN102539,2023-09-29 20:53:58,P006,CU0040,UPI,1,63931.7,0.0,63931.7,5.0
TXN102215,2023-09-30 01:26:43,P011,CU0373,Cash,1,35266.65,10.0,35266.65,5.0
TXN102663,2023-09-30 05:52:46,P003,CU0278,Debit Card,2,49134.89,5.0,98269.78,3.0
TXN100851,2023-09-30 14:28:29,P004,CU0097,Credit Card,1,39848.52,3.0,39848.52,5.0
TXN102304,2023-09-30 17:21:19,P009,CU0433,UPI,3,25216.86,5.0,75650.58,3.5
TXN100462,2023-10-02 16:12:04,P009,CU0427,Debit Card,2,44976.92,0.0,89953.84,3.5
TXN100158,2023-10-02 16:22:37,P005,CU0409,Credit Card,1,19058.93,0.0,19058.93,4.0
TXN104287,2023-10-02 21:52:41,P003,CU0051,UPI,1,48326.22,8.0,48326.22,4.0
TXN101438,2023-10-03 01:24:43,P007,CU0396,UPI,2,54595.16,0.0,109190.32,5.0
TXN100105,2023-10-03 02:23:11,P011,CU0150,Credit Card,1,20668.11,3.0,20668.11,4.5
TXN104242,2023-10-03 06:22:50,P012,CU0371,Cash,1,18091.34,0.0,18091.34,4.0
TXN101402,2023-10-03 13:52:43,P012,CU0076,Debit Card,3,13314.95,3.0,39944.85,5.0
TXN102427,2023-10-04 05:23:12,P006,CU0358,Cash,1,50884.04,0.0,50884.04,4.5
TXN100650,2023-10-05 02:45:48,P005,CU0305,UPI,2,22862.97,0.0,45725.94,4.0
TXN101573,2023-10-05 06:27:28,P004,CU0201,Credit Card,3,63944.34,5.0,191833.02,4.5
TXN103394,2023-10-05 15:02:16,P011,CU0141,UPI,2,44332.69,0.0,88665.38,2.0
TXN102404,2023-10-05 17:22:18,P004,CU0249,UPI,1,41862.77,5.0,41862.77,3.5
TXN100113,2023-10-05 19:41:51,P011,CU0150,Debit Card,3,27814.21,0.0,83442.63,4.5
TXN100605,2023-10-05 20:07:09,P002,CU0178,Credit Card,1,63656.85,10.0,63656.85,4.0
TXN102153,2023-10-06 06:41:04,P017,CU0012,UPI,2,23045.74,10.0,46091.48,4.0
TXN102798,2023-10-06 09:13:21,P001,CU0436,Cash,2,30979.72,5.0,61959.44,2.5
TXN100776,2023-10-07 01:58:48,P006,CU0134,Debit Card,1,36843.83,8.0,36843.83,2.5
TXN100164,2023-10-07 10:17:44,P015,CU0286,UPI,2,19325.83,0.0,38651.66,3.0
TXN101009,2023-10-07 17:04:58,P015,CU0388,UPI,1,21443.17,3.0,21443.17,2.5
TXN103152,2023-10-08 08:41:22,P014,CU0176,Debit Card,2,25789.58,0.0,51579.16,2.0
TXN100872,2023-10-08 22:25:22,P014,CU0070,Debit Card,1,20337.72,0.0,20337.72,5.0
TXN103136,2023-10-08 23:39:07,P015,CU0358,UPI,1,25105.95,0.0,25105.95,4.5
TXN103952,2023-10-09 00:16:54,P007,CU0361,UPI,1,36098.68,5.0,36098.68,4.5
TXN103627,2023-10-09 03:29:47,P001,CU0286,Credit Card,1,44624.48,0.0,44624.48,4.0
TXN100590,2023-10-09 12:06:21,P003,CU0079,Debit Card,2,65234.23,0.0,130468.46,5.0
TXN101558,2023-10-09 13:46:44,P009,CU0396,Cash,2,17221.25,8.0,34442.5,4.0
TXN101752,2023-10-09 14:32:57,P016,CU0111,UPI,3,15748.37,0.0,47245.11,3.5
TXN103349,2023-10-09 15:13:49,P016,CU0452,Debit Card,3,20931.2,3.0,62793.6,4.0
TXN100297,2023-10-09 16:19:43,P014,CU0159,UPI,2,15336.8,0.0,30673.6,3.5
TXN100262,2023-10-09 21:36:48,P011,CU0286,Credit Card,4,39851.99,3.0,159407.96,3.5
TXN101874,2023-10-10 04:20:23,P009,CU0200,Debit Card,2,23502.06,0.0,47004.12,3.0
TXN100057,2023-10-10 06:25:08,P001,CU0192,UPI,1,52911.59,0.0,52911.59,2.5
TXN101930,2023-10-10 09:11:33,P012,CU0289,Debit Card,2,24123.94,5.0,48247.88,3.5
TXN100037,2023-10-10 10:12:55,P008,CU0182,Debit Card,1,43806.13,3.0,43806.13,2.0
TXN100933,2023-10-10 12:56:24,P008,CU0256,Cash,3,28484.78,8.0,85454.34,2.5
TXN102772,2023-10-10 23:51:04,P002,CU0354,Debit Card,1,67410.84,0.0,67410.84,4.0
TXN103453,2023-10-11 17:44:33,P011,CU0499,Credit Card,4,44470.14,8.0,177880.56,4.0
TXN101390,2023-10-11 21:29:56,P016,CU0075,Credit Card,5,24193.31,5.0,120966.55,4.5
TXN103486,2023-10-12 14:59:31,P006,CU0382,UPI,2,29362.85,15.0,58725.7,4.0
TXN102237,2023-10-12 17:10:08,P010,CU0090,UPI,1,17395.87,5.0,17395.87,5.0
TXN103067,2023-10-13 09:19:56,P005,CU0444,Debit Card,3,36170.42,8.0,108511.26,3.0
TXN104146,2023-10-13 11:46:08,P004,CU0132,UPI,2,34976.15,15.0,69952.3,2.0
TXN101561,2023-10-13 14:25:28,P002,CU0237,Cash,1,46940.02,0.0,46940.02,4.5
TXN103588,2023-10-13 21:32:46,P009,CU0110,UPI,3,34003.07,3.0,102009.21,4.0
TXN101495,2023-10-14 04:09:20,P004,CU0037,Credit Card,2,46716.58,5.0,93433.16,3.0
TXN101482,2023-10-14 10:11:03,P002,CU0017,Cash,2,45354.0,5.0,90708.0,3.5
TXN101041,2023-10-14 21:58:00,P008,CU0098,Credit Card,1,51874.75,0.0,51874.75,5.0
TXN103188,2023-10-15 03:05:33,P009,CU0042,Credit Card,2,18621.09,8.0,37242.18,5.0
TXN101392,2023-10-15 06:26:51,P012,CU0363,Debit Card,1,12416.01,8.0,12416.01,3.5
TXN102694,2023-10-15 09:19:44,P017,CU0112,Credit Card,1,12945.69,5.0,12945.69,2.0
TXN101164,2023-10-15 12:29:05,P004,CU0156,Debit Card,1,36376.38,5.0,36376.38,3.0
TXN100673,2023-10-15 13:50:51,P007,CU0131,Cash,1,23889.36,10.0,23889.36,2.0
TXN102430,2023-10-15 14:17:26,P016,CU0348,Credit Card,2,23493.43,10.0,46986.86,4.5
TXN100146,2023-10-15 14:49:36,P006,CU0108,Credit Card,3,25897.32,5.0,77691.96,4.0
TXN101813,2023-10-16 21:18:00,P010,CU0095,UPI,2,47470.28,3.0,94940.56,4.0
TXN101869,2023-10-16 21:28:03,P015,CU0382,Credit Card,1,17579.89,5.0,17579.89,5.0
TXN101781,2023-10-17 03:51:19,P009,CU0335,UPI,1,18337.8,0.0,18337.8,5.0
TXN103093,2023-10-17 04:43:07,P011,CU0133,UPI,3,43769.47,10.0,131308.41,3.5
TXN103273,2023-10-17 06:52:31,P016,CU0248,Debit Card,1,26257.81,5.0,26257.81,5.0
TXN100203,2023-10-17 08:37:44,P004,CU0493,Credit Card,1,55576.0,5.0,55576.0,3.0
TXN100939,2023-10-17 18:07:26,P005,CU0022,Cash,1,37008.88,5.0,37008.88,4.5
TXN104340,2023-10-18 06:20:51,P005,CU0274,Cash,1,33035.3,0.0,33035.3,3.5
TXN104051,2023-10-18 07:22:23,P004,CU0287,Cash,2,61953.16,0.0,123906.32,4.5
TXN100354,2023-10-18 07:50:17,P002,CU0281,Cash,1,65008.62,10.0,65008.62,2.5
TXN103464,2023-10-18 11:44:46,P010,CU0400,Debit Card,2,46191.17,0.0,92382.34,5.0
TXN101532,2023-10-18 13:31:03,P008,CU0305,Debit Card,1,41303.52,8.0,41303.52,3.5
TXN104064,2023-10-18 22:35:47,P007,CU0249,Debit Card,2,24972.48,3.0,49944.96,2.5
TXN101742,2023-10-19 01:25:01,P003,CU0208,UPI,1,49403.98,10.0,49403.98,4.5
TXN103954,2023-10-20 06:09:35,P001,CU0445,Debit Card,4,62366.53,0.0,249466.12,4.5
TXN100144,2023-10-20 22:46:43,P014,CU0304,Cash,2,21404.18,0.0,42808.36,3.0
TXN104291,2023-10-21 01:56:34,P004,CU0249,Credit Card,3,56242.48,5.0,168727.44,4.0
TXN102854,2023-10-21 21:07:13,P017,CU0362,Debit Card,1,21624.53,3.0,21624.53,3.5
TXN104299,2023-10-22 01:23:52,P017,CU0229,Cash,5,22859.71,5.0,114298.55,5.0
TXN101876,2023-10-22 04:06:23,P011,CU0205,UPI,4,36533.07,15.0,146132.28,4.5
TXN101298,2023-10-22 06:00:32,P004,CU0448,Debit Card,2,54749.87,8.0,109499.74,3.0
TXN100909,2023-10-22 10:14:24,P003,CU0419,Cash,4,40716.64,5.0,162866.56,3.5
TXN100508,2023-10-22 15:07:06,P010,CU0462,Debit Card,1,15420.95,15.0,15420.95,3.0
TXN101823,2023-10-22 16:03:23,P013,CU0251,Credit Card,2,26207.91,5.0,52415.82,3.5
TXN103830,2023-10-23 01:19:18,P012,CU0390,Debit Card,1,30836.63,8.0,30836.63,4.5
TXN102664,2023-10-23 13:48:37,P007,CU0275,Credit Card,3,19564.11,5.0,58692.33,4.0
TXN103284,2023-10-23 18:00:26,P004,CU0352,Credit Card,1,72138.64,0.0,72138.64,2.5
TXN102127,2023-10-23 21:20:48,P005,CU0124,Cash,3,31640.89,0.0,94922.67,3.5
TXN104102,2023-10-23 23:04:19,P014,CU0121,Cash,2,26058.25,0.0,52116.5,2.5
TXN101117,2023-10-24 16:27:01,P001,CU0355,Cash,1,55377.41,5.0,55377.41,3.0
TXN103606,2023-10-25 03:36:31,P017,CU0422,Debit Card,2,13913.05,3.0,27826.1,2.5
TXN100929,2023-10-25 21:10:05,P009,CU0081,Debit Card,1,34520.0,5.0,34520.0,5.0
TXN100576,2023-10-26 16:49:10,P006,CU0341,Debit Card,3,29539.09,5.0,88617.27,5.0
TXN102138,2023-10-27 01:43:07,P003,CU0099,UPI,1,48558.05,8.0,48558.05,3.5
TXN103465,2023-10-27 05:07:17,P002,CU0299,Credit Card,1,28751.8,10.0,28751.8,3.5
TXN101427,2023-10-27 07:29:24,P012,CU0304,Debit Card,3,31548.61,8.0,94645.83,4.0
TXN102598,2023-10-27 15:45:14,P014,CU0150,Cash,1,25734.93,10.0,25734.93,5.0
TXN100599,2023-10-27 22:41:30,P002,CU0136,UPI,2,68908.5,3.0,137817.0,4.5
TXN101066,2023-10-28 11:39:21,P012,CU0401,UPI,1,13350.18,0.0,13350.18,3.5
TXN100379,2023-10-28 22:23:54,P015,CU0185,Credit Card,1,17521.13,5.0,17521.13,4.0
TXN103274,2023-10-28 23:17:51,P014,CU0406,Cash,1,13796.95,15.0,13796.95,4.0
TXN103609,2023-10-29 02:21:55,P012,CU0007,Credit Card,1,19624.46,8.0,19624.46,3.5
TXN102193,2023-10-29 16:51:55,P004,CU0331,UPI,3,64988.65,0.0,194965.95,2.5
TXN101886,2023-10-29 20:58:52,P010,CU0234,UPI,3,37046.31,8.0,111138.93,2.0
TXN101422,2023-10-29 23:30:17,P009,CU0068,UPI,5,29859.49,8.0,149297.45,4.0
TXN103641,2023-10-30 00:05:32,P013,CU0371,UPI,3,11485.73,5.0,34457.19,4.5
TXN101502,2023-10-30 06:27:21,P005,CU0065,Cash,3,23270.92,3.0,69812.76,5.0
TXN102452,2023-10-30 09:52:34,P017,CU0438,Cash,2,24975.54,0.0,49951.08,3.5
TXN100947,2023-10-30 18:41:19,P014,CU0008,Credit Card,1,28889.95,8.0,28889.95,3.0
TXN100228,2023-10-31 18:47:27,P010,CU0139,Cash,1,34006.64,0.0,34006.64,5.0
TXN100311,2023-11-01 11:19:41,P011,CU0381,Debit Card,2,33463.1,0.0,66926.2,3.0
TXN102842,2023-11-01 11:56:54,P012,CU0334,Cash,2,12871.93,0.0,25743.86,5.0
TXN102667,2023-11-01 14:24:16,P012,CU0285,UPI,2,16989.94,0.0,33979.88,3.0
TXN103021,2023-11-01 18:58:12,P015,CU0225,UPI,2,23397.32,0.0,46794.64,4.5
TXN104109,2023-11-01 23:03:17,P007,CU0074,Credit Card,3,42938.19,0.0,128814.57,4.0
TXN104255,2023-11-02 13:30:32,P008,CU0181,UPI,2,22104.25,0.0,44208.5,2.5
TXN101965,2023-11-02 17:13:47,P004,CU0414,Credit Card,1,59506.79,3.0,59506.79,4.0
TXN101219,2023-11-02 18:49:56,P009,CU0302,Credit Card,1,37397.33,5.0,37397.33,4.0
TXN100453,2023-11-02 20:24:11,P012,CU0059,Credit Card,1,29575.71,8.0,29575.71,2.5
TXN100978,2023-11-03 00:56:15,P001,CU0239,Debit Card,1,38550.06,3.0,38550.06,3.5
TXN103772,2023-11-03 08:33:50,P013,CU0435,UPI,3,20730.54,8.0,62191.62,3.0
TXN100165,2023-11-03 10:55:11,P015,CU0081,Credit Card,2,27489.77,8.0,54979.54,2.5
TXN103356,2023-11-03 17:48:28,P012,CU0289,Credit Card,4,24656.1,10.0,98624.4,3.5
TXN102321,2023-11-04 03:19:36,P015,CU0137,Cash,2,15890.55,5.0,31781.1,4.0
TXN101944,2023-11-04 09:28:23,P015,CU0405,UPI,2,25375.38,3.0,50750.76,5.0
TXN100167,2023-11-04 17:22:18,P001,CU0396,Credit Card,2,54685.58,5.0,109371.16,4.5
TXN104147,2023-11-04 21:07:40,P011,CU0360,Cash,1,21554.74,0.0,21554.74,4.0
TXN104113,2023-11-04 21:17:40,P012,CU0182,Credit Card,1,21478.26,0.0,21478.26,3.5
TXN100503,2023-11-05 09:46:16,P010,CU0134,Credit Card,1,19490.8,0.0,19490.8,5.0
TXN102469,2023-11-05 17:35:51,P008,CU0382,Cash,1,18934.32,0.0,18934.32,4.0
TXN102175,2023-11-05 18:46:37,P010,CU0219,UPI,1,44154.88,0.0,44154.88,3.5
TXN101276,2023-11-05 20:55:48,P014,CU0219,UPI,1,19131.06,0.0,19131.06,4.5
TXN102528,2023-11-06 02:45:40,P005,CU0420,UPI,2,26547.35,5.0,53094.7,3.5
TXN101129,2023-11-06 23:55:51,P010,CU0470,Credit Card,3,42263.61,3.0,126790.83,3.5
TXN103583,2023-11-07 06:08:34,P009,CU0434,Cash,2,32301.66,15.0,64603.32,2.5
TXN100305,2023-11-07 07:27:23,P013,CU0265,UPI,1,31187.41,0.0,31187.41,3.5
TXN100966,2023-11-07 09:03:48,P008,CU0200,Cash,3,20015.49,3.0,60046.47,3.0
TXN103976,2023-11-08 11:32:33,P014,CU0067,Cash,2,13059.17,5.0,26118.34,5.0
TXN102230,2023-11-08 19:11:15,P011,CU0478,UPI,4,36942.13,15.0,147768.52,3.5
TXN100592,2023-11-08 23:14:26,P009,CU0029,UPI,3,37084.15,3.0,111252.45,2.5
TXN100659,2023-11-09 02:00:51,P014,CU0093,Credit Card,2,16559.1,15.0,33118.2,4.5
TXN103631,2023-11-09 03:38:35,P008,CU0471,Credit Card,1,54685.84,8.0,54685.84,4.5
TXN103694,2023-11-09 04:20:07,P002,CU0153,UPI,1,62838.69,15.0,62838.69,2.5
TXN103499,2023-11-09 04:48:28,P014,CU0415,UPI,5,32988.64,3.0,164943.2,5.0
TXN100248,2023-11-10 04:15:13,P015,CU0494,Debit Card,1,11708.38,0.0,11708.38,3.0
TXN101152,2023-11-10 11:46:19,P016,CU0377,Cash,1,28181.47,0.0,28181.47,3.5
TXN104308,2023-11-10 12:54:57,P009,CU0011,UPI,2,36497.4,10.0,72994.8,5.0
TXN102266,2023-11-10 23:13:21,P016,CU0463,Credit Card,2,21942.08,3.0,43884.16,4.5
TXN102483,2023-11-11 00:03:31,P003,CU0331,UPI,2,58645.75,3.0,117291.5,3.5
TXN102072,2023-11-11 00:45:27,P004,CU0407,Credit Card,2,50767.12,0.0,101534.24,4.5
TXN101626,2023-11-11 23:22:12,P017,CU0085,Debit Card,5,27021.51,3.0,135107.55,2.0
TXN102551,2023-11-12 07:55:41,P008,CU0090,UPI,2,54513.11,3.0,109026.22,3.0
TXN104078,2023-11-12 15:50:46,P014,CU0106,Debit Card,1,16791.05,0.0,16791.05,3.0
TXN104354,2023-11-12 17:19:45,P013,CU0125,Credit Card,1,29526.65,0.0,29526.65,4.5
TXN103294,2023-11-12 21:02:34,P010,CU0136,Cash,2,20424.42,5.0,40848.84,4.5
TXN101179,2023-11-13 04:20:45,P005,CU0052,Cash,1,58571.41,5.0,58571.41,3.0
TXN103019,2023-11-13 08:33:57,P009,CU0017,Debit Card,5,46841.91,0.0,234209.55,4.0
TXN101567,2023-11-13 22:31:14,P012,CU0253,UPI,1,32034.11,0.0,32034.11,4.5
TXN102785,2023-11-14 00:22:11,P012,CU0376,Debit Card,2,27574.77,15.0,55149.54,3.5
TXN102345,2023-11-14 02:52:44,P003,CU0493,UPI,4,59399.47,15.0,237597.88,3.5
TXN101040,2023-11-14 12:23:00,P014,CU0328,Debit Card,1,14480.99,0.0,14480.99,4.5
TXN102954,2023-11-14 16:08:12,P002,CU0096,Debit Card,1,36524.3,3.0,36524.3,5.0
TXN100943,2023-11-14 20:15:47,P012,CU0076,UPI,1,21094.66,8.0,21094.66,3.5
TXN100346,2023-11-15 03:06:52,P001,CU0305,Cash,1,69336.82,3.0,69336.82,3.5
TXN100657,2023-11-15 09:46:38,P004,CU0403,UPI,2,36780.25,8.0,73560.5,1.5
TXN103932,2023-11-16 13:58:43,P014,CU0498,UPI,1,17308.48,10.0,17308.48,3.0
TXN104053,2023-11-16 21:30:09,P010,CU0255,Debit Card,2,43863.9,10.0,87727.8,4.5
TXN104203,2023-11-17 02:51:18,P015,CU0098,Credit Card,3,20645.28,0.0,61935.84,4.5
TXN102466,2023-11-17 07:40:18,P008,CU0373,Debit Card,2,29573.73,8.0,59147.46,3.5
TXN102822,2023-11-17 12:29:25,P007,CU0134,Debit Card,5,36506.51,10.0,182532.55,5.0
TXN103614,2023-11-17 16:27:30,P014,CU0282,Credit Card,1,32290.21,5.0,32290.21,2.5
TXN101953,2023-11-17 23:28:16,P013,CU0397,UPI,4,25145.86,5.0,100583.44,3.5
TXN102504,2023-11-18 06:54:40,P002,CU0402,Credit Card,4,59601.61,8.0,238406.44,4.0
TXN101780,2023-11-18 07:25:44,P011,CU0041,UPI,4,34921.65,15.0,139686.6,4.5
TXN102014,2023-11-18 09:14:30,P004,CU0301,Debit Card,2,46999.17,0.0,93998.34,3.5
TXN104439,2023-11-18 12:59:37,P010,CU0004,UPI,2,46915.89,0.0,93831.78,2.5
TXN101816,2023-11-19 01:34:43,P002,CU0433,Credit Card,1,39722.76,5.0,39722.76,3.0
TXN104430,2023-11-19 02:03:01,P013,CU0326,Cash,3,31136.18,0.0,93408.54,4.5
TXN100501,2023-11-19 06:19:22,P001,CU0429,Debit Card,4,64276.06,8.0,257104.24,2.0
TXN103826,2023-11-19 23:08:17,P013,CU0306,Credit Card,3,28525.8,0.0,85577.4,4.0
TXN101977,2023-11-20 05:51:21,P004,CU0400,Credit Card,1,70897.62,0.0,70897.62,4.0
TXN100045,2023-11-20 14:10:49,P008,CU0232,Credit Card,2,34179.38,5.0,68358.76,4.0
TXN103340,2023-11-20 17:46:43,P003,CU0140,Credit Card,5,49130.88,10.0,245654.4,3.5
TXN100676,2023-11-20 21:53:13,P003,CU0169,UPI,3,40492.56,0.0,121477.68,3.5
TXN102793,2023-11-21 09:14:58,P001,CU0120,Credit Card,1,56276.95,5.0,56276.95,2.5
TXN101634,2023-11-21 14:33:53,P004,CU0047,Debit Card,1,30302.5,0.0,30302.5,3.5
TXN100441,2023-11-22 05:55:47,P007,CU0099,Cash,5,26332.55,8.0,131662.75,4.0
TXN102280,2023-11-22 11:33:42,P013,CU0066,UPI,1,27672.55,5.0,27672.55,2.0
TXN104376,2023-11-23 00:04:15,P005,CU0249,Credit Card,2,19766.44,3.0,39532.88,4.5
TXN103552,2023-11-23 11:19:56,P015,CU0336,Cash,3,20073.84,15.0,60221.52,3.5
TXN100376,2023-11-23 15:54:08,P009,CU0332,UPI,1,41671.13,3.0,41671.13,2.5
TXN102124,2023-11-23 23:52:19,P001,CU0478,Credit Card,1,44949.04,0.0,44949.04,3.5
TXN100798,2023-11-24 00:22:27,P006,CU0431,Credit Card,1,58731.26,5.0,58731.26,4.5
TXN102788,2023-11-24 05:00:07,P003,CU0100,Credit Card,1,59225.81,8.0,59225.81,3.5
TXN101552,2023-11-24 07:53:59,P011,CU0424,UPI,1,47674.1,0.0,47674.1,4.5
TXN103027,2023-11-24 09:10:20,P003,CU0150,Credit Card,2,54757.59,3.0,109515.18,3.5
TXN104128,2023-11-24 13:24:44,P006,CU0411,Credit Card,1,19267.77,0.0,19267.77,5.0
TXN100951,2023-11-24 14:11:15,P017,CU0450,Cash,1,20691.63,0.0,20691.63,3.5
TXN102700,2023-11-24 20:44:05,P013,CU0137,Credit Card,1,24260.1,5.0,24260.1,5.0
TXN102207,2023-11-24 21:13:51,P002,CU0494,UPI,3,36834.09,8.0,110502.27,4.5
TXN102179,2023-11-24 23:04:59,P014,CU0319,Cash,2,31272.87,0.0,62545.74,4.0
TXN100066,2023-11-25 03:29:47,P015,CU0348,Cash,4,11721.55,0.0,46886.2,3.5
TXN101801,2023-11-25 06:12:14,P011,CU0252,UPI,2,32218.94,10.0,64437.88,2.5
TXN104001,2023-11-25 07:02:43,P010,CU0346,Debit Card,5,20055.45,3.0,100277.25,4.0
TXN101908,2023-11-25 07:49:01,P002,CU0252,Credit Card,3,57338.63,5.0,172015.89,5.0
TXN102365,2023-11-25 11:18:00,P009,CU0389,Credit Card,2,45942.43,3.0,91884.86,4.0
TXN100539,2023-11-25 14:44:00,P010,CU0346,Debit Card,3,35677.97,0.0,107033.91,3.0
TXN100521,2023-11-25 16:00:21,P005,CU0176,UPI,3,24876.82,15.0,74630.46,4.5
TXN101339,2023-11-25 21:02:09,P009,CU0197,Cash,1,18979.62,10.0,18979.62,3.0
TXN101249,2023-11-26 20:14:16,P009,CU0473,Credit Card,1,16942.96,8.0,16942.96,4.0
TXN104227,2023-11-26 22:57:52,P004,CU0118,Credit Card,2,70963.19,0.0,141926.38,4.0
TXN100565,2023-11-26 23:00:13,P013,CU0253,Credit Card,1,19087.7,5.0,19087.7,4.0
TXN102135,2023-11-27 22:26:43,P003,CU0228,UPI,3,73851.33,0.0,221553.99,4.0
TXN103564,2023-11-28 20:11:40,P002,CU0224,UPI,2,59335.16,5.0,118670.32,3.0
TXN103907,2023-11-29 06:58:43,P004,CU0334,Debit Card,1,49256.35,0.0,49256.35,3.0
TXN102923,2023-11-29 08:18:44,P008,CU0188,Cash,1,47100.78,5.0,47100.78,2.5
TXN102836,2023-11-29 12:46:05,P005,CU0099,UPI,3,40635.87,5.0,121907.61,3.0
TXN102048,2023-11-29 15:23:41,P012,CU0181,Credit Card,2,18980.42,0.0,37960.84,4.0
TXN103778,2023-11-29 15:54:38,P004,CU0489,Credit Card,1,29334.06,5.0,29334.06,3.5
TXN101754,2023-11-30 22:26:30,P008,CU0097,Debit Card,2,62152.43,0.0,124304.86,4.0
TXN104017,2023-11-30 23:47:35,P011,CU0362,UPI,2,45874.08,8.0,91748.16,2.5
TXN103092,2023-12-01 18:01:11,P013,CU0237,UPI,2,25192.43,0.0,50384.86,3.5
TXN100494,2023-12-01 22:55:39,P006,CU0430,Credit Card,4,37440.95,5.0,149763.8,4.5
TXN100352,2023-12-02 20:05:13,P014,CU0135,Cash,3,16945.9,0.0,50837.7,2.0
TXN102975,2023-12-02 22:34:32,P013,CU0489,Debit Card,2,25017.4,0.0,50034.8,4.0
TXN103629,2023-12-03 14:24:24,P002,CU0086,Cash,2,49307.21,8.0,98614.42,3.0
TXN101546,2023-12-03 21:52:50,P013,CU0359,Debit Card,2,17540.17,10.0,35080.34,5.0
TXN103925,2023-12-03 22:56:59,P003,CU0137,Debit Card,3,57790.78,5.0,173372.34,4.0
TXN101701,2023-12-04 04:46:53,P013,CU0452,Debit Card,1,22795.35,5.0,22795.35,2.0
TXN100107,2023-12-04 18:04:04,P016,CU0111,Debit Card,3,10346.96,0.0,31040.88,4.0
TXN102673,2023-12-05 09:08:20,P005,CU0325,UPI,1,21045.88,5.0,21045.88,1.0
TXN103890,2023-12-05 20:13:11,P002,CU0199,Cash,1,43098.11,5.0,43098.11,2.0
TXN104342,2023-12-05 20:23:43,P007,CU0114,Credit Card,1,45799.06,3.0,45799.06,3.5
TXN100855,2023-12-06 06:08:45,P007,CU0221,Cash,2,21635.17,0.0,43270.34,4.0
TXN103632,2023-12-07 15:16:13,P004,CU0211,UPI,2,62037.86,3.0,124075.72,4.0
TXN103383,2023-12-07 20:44:43,P010,CU0147,UPI,1,36565.76,0.0,36565.76,3.0
TXN103241,2023-12-07 23:19:13,P007,CU0305,Cash,1,63064.39,0.0,63064.39,3.0
TXN101880,2023-12-08 01:48:35,P001,CU0359,UPI,1,51532.66,0.0,51532.66,3.5
TXN104327,2023-12-08 13:13:16,P003,CU0418,Credit Card,4,32586.84,5.0,130347.36,3.5
TXN103428,2023-12-09 03:28:29,P014,CU0057,UPI,5,29292.28,3.0,146461.4,4.0
TXN104037,2023-12-09 06:04:09,P014,CU0153,UPI,1,13750.75,0.0,13750.75,4.5
TXN103096,2023-12-09 15:59:24,P012,CU0226,UPI,2,28585.0,8.0,57170.0,3.0
TXN103209,2023-12-09 21:04:58,P005,CU0366,Debit Card,1,26317.93,10.0,26317.93,4.5
TXN100850,2023-12-10 09:05:44,P016,CU0040,UPI,2,12915.26,0.0,25830.52,4.5
TXN102900,2023-12-10 19:04:16,P008,CU0116,Cash,3,22262.69,0.0,66788.07,3.5
TXN100773,2023-12-10 20:15:15,P012,CU0150,Credit Card,2,13202.08,0.0,26404.16,4.5
TXN103767,2023-12-11 06:16:36,P006,CU0464,UPI,1,51834.84,0.0,51834.84,4.0
TXN100617,2023-12-11 15:41:11,P003,CU0473,UPI,3,74273.05,0.0,222819.15,3.0
TXN103192,2023-12-11 16:58:57,P003,CU0410,Credit Card,3,54992.87,3.0,164978.61,3.5
TXN103476,2023-12-12 12:14:16,P009,CU0056,Debit Card,2,19812.71,8.0,39625.42,2.5
TXN100025,2023-12-12 12:54:19,P015,CU0030,UPI,1,18560.23,5.0,18560.23,3.0
TXN102722,2023-12-12 14:38:30,P010,CU0396,Credit Card,1,19752.3,15.0,19752.3,4.5
TXN100018,2023-12-12 19:56:55,P003,CU0016,Cash,3,40332.25,5.0,120996.75,5.0
TXN104088,2023-12-12 23:43:25,P003,CU0014,UPI,1,40016.87,3.0,40016.87,3.0
TXN102073,2023-12-14 02:55:54,P016,CU0056,Credit Card,2,15214.29,15.0,30428.58,4.5
TXN100953,2023-12-14 11:49:02,P010,CU0420,UPI,4,26237.07,5.0,104948.28,4.0
TXN101658,2023-12-15 02:45:27,P005,CU0386,UPI,3,44338.07,5.0,133014.21,3.0
TXN102585,2023-12-15 09:36:31,P008,CU0166,UPI,2,29872.91,5.0,59745.82,3.0
TXN102312,2023-12-15 10:17:20,P007,CU0076,Cash,2,56591.2,10.0,113182.4,3.0
TXN102611,2023-12-16 03:11:38,P006,CU0275,Credit Card,2,29036.23,8.0,58072.46,3.5
TXN101093,2023-12-16 15:58:35,P016,CU0358,UPI,1,19677.15,5.0,19677.15,4.0
TXN100949,2023-12-16 19:13:52,P014,CU0390,UPI,1,14969.48,0.0,14969.48,5.0
TXN102976,2023-12-17 04:37:03,P015,CU0036,UPI,1,27859.28,0.0,27859.28,4.0
TXN101252,2023-12-17 04:56:47,P016,CU0207,UPI,1,22876.15,5.0,22876.15,4.0
TXN104104,2023-12-17 12:48:00,P001,CU0083,UPI,1,33890.63,8.0,33890.63,4.0
TXN102968,2023-12-17 19:01:25,P016,CU0250,Cash,1,22351.71,10.0,22351.71,3.0
TXN102805,2023-12-17 23:25:53,P014,CU0392,Debit Card,1,11766.01,3.0,11766.01,3.5
TXN104338,2023-12-19 15:32:14,P015,CU0404,Debit Card,1,19043.42,8.0,19043.42,4.5
TXN102284,2023-12-20 01:27:51,P017,CU0110,Credit Card,2,21137.3,0.0,42274.6,4.0
TXN100140,2023-12-20 06:30:43,P006,CU0057,Credit Card,2,52466.32,10.0,104932.64,4.0
TXN102509,2023-12-20 13:09:12,P004,CU0069,Debit Card,2,69895.74,5.0,139791.48,3.0
TXN101207,2023-12-21 01:56:21,P002,CU0363,UPI,2,65015.11,8.0,130030.22,4.5
TXN104231,2023-12-21 05:19:15,P001,CU0219,Credit Card,3,46694.54,5.0,140083.62,4.0
TXN102057,2023-12-23 10:46:43,P014,CU0375,Debit Card,3,13279.86,8.0,39839.58,4.0
TXN101053,2023-12-23 11:52:59,P014,CU0194,Debit Card,1,17599.23,0.0,17599.23,2.5
TXN102133,2023-12-23 15:42:11,P007,CU0450,Debit Card,3,40610.1,0.0,121830.3,5.0
TXN101004,2023-12-23 18:46:13,P006,CU0476,Cash,2,43227.54,5.0,86455.08,5.0
TXN100043,2023-12-23 18:58:51,P004,CU0176,Debit Card,2,56661.77,8.0,113323.54,3.5
TXN100819,2023-12-23 22:41:30,P011,CU0182,Debit Card,2,25533.99,5.0,51067.98,3.5
TXN100413,2023-12-24 02:18:11,P001,CU0091,UPI,1,69794.62,5.0,69794.62,3.0
TXN100651,2023-12-25 12:47:12,P001,CU0104,UPI,1,55141.85,8.0,55141.85,3.0
TXN100948,2023-12-25 13:47:25,P017,CU0124,Debit Card,1,17777.28,0.0,17777.28,4.0
TXN102148,2023-12-25 22:49:27,P010,CU0221,Credit Card,2,26735.52,0.0,53471.04,2.0
TXN101428,2023-12-26 08:49:17,P008,CU0117,Credit Card,1,61266.62,3.0,61266.62,3.5
TXN103880,2023-12-26 13:43:01,P006,CU0089,Debit Card,1,29024.59,8.0,29024.59,2.5
TXN100870,2023-12-26 16:58:17,P004,CU0026,Debit Card,2,31095.55,0.0,62191.1,4.0
TXN102958,2023-12-27 17:41:11,P005,CU0147,Credit Card,1,29043.15,0.0,29043.15,4.0
TXN101456,2023-12-28 00:43:10,P014,CU0011,Credit Card,3,25427.17,0.0,76281.51,4.0
TXN104352,2023-12-29 01:54:49,P003,CU0082,Debit Card,2,60157.11,3.0,120314.22,3.5
TXN100273,2023-12-29 13:03:37,P009,CU0249,Debit Card,4,29674.02,8.0,118696.08,3.5
TXN103693,2023-12-29 21:09:55,P016,CU0200,Debit Card,2,25112.71,0.0,50225.42,3.5
TXN101543,2023-12-31 04:02:27,P008,CU0079,UPI,1,51310.97,8.0,51310.97,5.0
TXN103330,2023-12-31 05:59:58,P008,CU0107,Cash,2,16365.6,10.0,32731.2,3.5
TXN103799,2023-12-31 07:58:12,P007,CU0334,Debit Card,2,44578.46,0.0,89156.92,4.0
TXN104225,2023-12-31 08:30:44,P008,CU0317,Credit Card,1,57037.81,5.0,57037.81,4.5
TXN100013,2023-12-31 08:48:57,P003,CU0483,UPI,2,32430.22,0.0,64860.44,4.0
TXN103406,2023-12-31 11:35:16,P017,CU0154,Credit Card,5,15798.67,8.0,78993.35,4.0
TXN100392,2023-12-31 18:40:01,P015,CU0155,Credit Card,1,11094.63,3.0,11094.63,5.0
TXN103635,2023-12-31 23:06:42,P017,CU0169,Cash,1,14449.25,3.0,14449.25,4.0
TXN101855,2024-01-01 04:27:23,P002,CU0117,Debit Card,1,40707.55,8.0,40707.55,3.0
TXN102726,2024-01-01 05:06:51,P012,CU0201,UPI,2,33835.54,0.0,67671.08,3.0
TXN100360,2024-01-01 08:41:10,P001,CU0192,Credit Card,1,35845.28,5.0,35845.28,2.5
TXN102806,2024-01-02 07:54:40,P010,CU0349,UPI,2,36460.25,0.0,72920.5,4.0
TXN100563,2024-01-02 22:54:31,P004,CU0148,Cash,1,36857.11,5.0,36857.11,3.0
TXN100200,2024-01-03 01:25:39,P010,CU0018,Credit Card,1,35054.6,8.0,35054.6,5.0
TXN104344,2024-01-03 03:19:38,P015,CU0252,Credit Card,2,18655.87,0.0,37311.74,3.0
TXN100692,2024-01-03 08:58:07,P003,CU0060,Cash,1,51470.26,3.0,51470.26,2.0
TXN100206,2024-01-04 12:56:14,P013,CU0209,UPI,2,18647.9,5.0,37295.8,2.0
TXN103947,2024-01-04 14:49:57,P009,CU0042,UPI,1,42459.41,0.0,42459.41,4.0
TXN102659,2024-01-05 08:45:48,P004,CU0476,Credit Card,3,47185.34,8.0,141556.02,3.0
TXN100282,2024-01-05 12:03:52,P010,CU0362,Credit Card,2,35057.02,8.0,70114.04,4.5
TXN104422,2024-01-06 12:37:31,P015,CU0251,UPI,2,24228.58,0.0,48457.16,4.5
TXN101083,2024-01-07 01:29:53,P003,CU0206,Debit Card,5,60910.42,3.0,304552.1,3.0
TXN101320,2024-01-07 13:46:39,P017,CU0341,UPI,1,23520.71,8.0,23520.71,4.0
TXN104032,2024-01-07 16:18:33,P017,CU0413,Credit Card,1,15212.9,0.0,15212.9,4.5
TXN103059,2024-01-07 23:33:10,P014,CU0040,UPI,3,32728.08,5.0,98184.24,5.0
TXN100470,2024-01-08 06:31:21,P002,CU0266,Credit Card,4,35751.99,10.0,143007.96,2.5
TXN103374,2024-01-08 15:19:55,P017,CU0389,Credit Card,4,29066.03,0.0,116264.12,4.0
TXN104397,2024-01-09 06:26:30,P010,CU0077,UPI,1,34366.49,5.0,34366.49,4.5
TXN101511,2024-01-09 19:56:39,P016,CU0101,Credit Card,1,18588.89,8.0,18588.89,3.5
TXN102640,2024-01-09 23:25:23,P002,CU0029,UPI,1,50443.38,15.0,50443.38,4.0
TXN100062,2024-01-10 02:52:56,P015,CU0383,Debit Card,5,16503.83,0.0,82519.15,4.0
TXN103449,2024-01-10 03:39:31,P003,CU0025,UPI,2,54930.63,8.0,109861.26,3.5
TXN104410,2024-01-10 05:34:47,P015,CU0161,UPI,1,20940.84,10.0,20940.84,2.0
TXN101212,2024-01-10 09:13:21,P011,CU0381,Debit Card,2,44514.38,0.0,89028.76,4.0
TXN104407,2024-01-10 16:03:08,P010,CU0140,Debit Card,2,29929.91,10.0,59859.82,5.0
TXN102407,2024-01-10 19:22:43,P002,CU0172,Debit Card,2,55232.73,10.0,110465.46,4.5
TXN101322,2024-01-11 01:56:12,P007,CU0285,UPI,2,46548.78,5.0,93097.56,3.5
TXN102915,2024-01-11 02:42:29,P007,CU0326,UPI,1,28789.3,3.0,28789.3,4.0
TXN101847,2024-01-11 06:40:48,P006,CU0484,Credit Card,1,28036.18,5.0,28036.18,4.0
TXN103436,2024-01-11 07:23:35,P003,CU0008,Cash,1,69271.26,5.0,69271.26,2.0
TXN102974,2024-01-11 09:55:04,P014,CU0453,UPI,2,18293.27,10.0,36586.54,3.5
TXN100920,2024-01-11 19:29:34,P007,CU0354,UPI,1,24312.86,8.0,24312.86,4.0
TXN103303,2024-01-12 01:07:35,P007,CU0176,Cash,2,49598.56,0.0,99197.12,3.5
TXN104269,2024-01-12 06:59:27,P005,CU0323,Cash,1,64649.07,0.0,64649.07,3.0
TXN101368,2024-01-12 09:44:09,P001,CU0268,UPI,4,31230.43,0.0,124921.72,3.5
TXN104375,2024-01-12 11:17:09,P002,CU0432,Cash,4,37016.98,15.0,148067.92,2.5
TXN102274,2024-01-13 02:55:20,P005,CU0373,UPI,1,45305.27,10.0,45305.27,3.5
TXN103827,2024-01-14 04:24:37,P004,CU0481,UPI,3,31475.25,10.0,94425.75,3.0
TXN103996,2024-01-14 14:16:52,P008,CU0384,UPI,1,53192.02,0.0,53192.02,3.0
TXN101815,2024-01-14 14:53:45,P005,CU0357,UPI,5,55677.96,3.0,278389.8,3.0
TXN101160,2024-01-14 17:09:54,P002,CU0302,Debit Card,1,67242.97,0.0,67242.97,3.0
TXN100616,2024-01-15 15:19:00,P002,CU0147,Credit Card,5,40278.87,5.0,201394.35,4.0
TXN101703,2024-01-16 01:27:55,P012,CU0442,UPI,1,26803.03,10.0,26803.03,5.0
TXN102161,2024-01-16 03:58:10,P002,CU0293,Debit Card,2,58497.29,5.0,116994.58,5.0
TXN103283,2024-01-16 18:00:06,P009,CU0472,Credit Card,1,22587.73,3.0,22587.73,2.0
TXN102295,2024-01-17 08:25:57,P015,CU0124,Credit Card,1,17296.86,0.0,17296.86,4.5
TXN101914,2024-01-17 13:13:37,P009,CU0150,Debit Card,1,18107.9,10.0,18107.9,4.5
TXN104265,2024-01-17 19:05:07,P008,CU0116,Debit Card,1,24905.52,5.0,24905.52,3.5
TXN104007,2024-01-18 13:26:55,P016,CU0104,UPI,1,23070.42,5.0,23070.42,4.5
TXN102223,2024-01-19 01:45:14,P016,CU0365,UPI,2,29461.21,0.0,58922.42,5.0
TXN100963,2024-01-19 10:10:18,P017,CU0449,UPI,2,24636.63,0.0,49273.26,3.0
TXN100986,2024-01-19 15:34:31,P015,CU0167,Credit Card,2,21876.98,3.0,43753.96,4.0
TXN100702,2024-01-20 03:49:44,P016,CU0342,Debit Card,1,17642.69,0.0,17642.69,2.5
TXN101269,2024-01-20 14:27:57,P006,CU0130,UPI,1,47270.14,0.0,47270.14,3.0
TXN103660,2024-01-20 19:16:28,P008,CU0024,Cash,1,58687.65,3.0,58687.65,3.0
TXN102819,2024-01-20 21:17:49,P006,CU0118,Cash,1,44071.31,3.0,44071.31,3.0
TXN103279,2024-01-21 00:12:05,P016,CU0073,Cash,2,12475.36,0.0,24950.72,5.0
TXN104098,2024-01-21 04:32:45,P002,CU0257,Cash,2,59393.96,3.0,118787.92,4.0
TXN102495,2024-01-21 05:19:43,P010,CU0429,UPI,1,25801.81,0.0,25801.81,4.0
TXN101901,2024-01-21 20:17:54,P007,CU0471,UPI,1,38563.22,8.0,38563.22,4.5
TXN101142,2024-01-22 04:13:08,P009,CU0100,Credit Card,1,27830.43,10.0,27830.43,3.5
TXN101418,2024-01-22 09:00:42,P006,CU0145,UPI,1,34318.89,5.0,34318.89,2.5
TXN100792,2024-01-23 15:18:15,P008,CU0233,Debit Card,1,26285.62,3.0,26285.62,4.0
TXN101230,2024-01-23 23:13:31,P016,CU0370,Cash,3,21107.57,10.0,63322.71,3.0
TXN103431,2024-01-24 05:11:07,P003,CU0372,UPI,1,66146.41,0.0,66146.41,1.5
TXN102196,2024-01-24 05:38:02,P007,CU0330,Cash,1,57046.46,8.0,57046.46,4.0
TXN104414,2024-01-24 05:39:16,P010,CU0294,Credit Card,3,32338.41,3.0,97015.23,4.0
TXN104057,2024-01-24 08:23:02,P010,CU0408,Credit Card,1,31556.08,0.0,31556.08,3.0
TXN103069,2024-01-24 12:36:56,P016,CU0232,Credit Card,3,26930.23,3.0,80790.69,3.0
TXN101935,2024-01-25 04:09:51,P014,CU0252,UPI,4,19522.03,0.0,78088.12,3.5
TXN103695,2024-01-25 09:41:42,P006,CU0417,Credit Card,1,15973.0,15.0,15973.0,5.0
TXN101184,2024-01-25 19:00:28,P013,CU0053,Debit Card,1,16253.57,0.0,16253.57,5.0
TXN102254,2024-01-25 22:18:11,P003,CU0311,Debit Card,2,30110.77,0.0,60221.54,3.0
TXN102265,2024-01-26 07:29:05,P013,CU0003,UPI,3,29856.33,5.0,89568.99,4.5
TXN101445,2024-01-26 07:48:48,P013,CU0164,UPI,2,13419.46,10.0,26838.92,3.0
TXN100377,2024-01-26 11:39:02,P014,CU0188,UPI,2,16067.77,10.0,32135.54,4.0
TXN102547,2024-01-26 18:08:08,P009,CU0377,UPI,2,18698.85,0.0,37397.7,2.0
TXN100119,2024-01-26 22:11:15,P002,CU0447,Debit Card,1,62208.72,0.0,62208.72,2.0
TXN103497,2024-01-26 22:25:42,P004,CU0313,UPI,1,37034.87,0.0,37034.87,4.5
TXN102278,2024-01-27 01:28:07,P010,CU0091,Credit Card,2,30799.32,5.0,61598.64,4.0
TXN101719,2024-01-27 02:11:43,P007,CU0081,Debit Card,3,27700.13,5.0,83100.39,4.0
TXN102938,2024-01-28 06:49:58,P010,CU0385,Credit Card,1,34304.05,5.0,34304.05,5.0
TXN103332,2024-01-28 09:27:40,P014,CU0469,Cash,3,16465.59,5.0,49396.77,4.0
TXN100712,2024-01-28 10:29:31,P001,CU0158,Debit Card,1,33911.43,8.0,33911.43,4.0
TXN102945,2024-01-28 12:11:13,P006,CU0414,Credit Card,1,37607.72,8.0,37607.72,3.0
TXN101609,2024-01-29 00:52:59,P001,CU0377,Credit Card,4,51900.25,0.0,207601.0,4.0
TXN104190,2024-01-29 01:29:29,P017,CU0105,Debit Card,1,29780.94,0.0,29780.94,4.0
TXN102524,2024-01-29 03:53:56,P014,CU0407,Credit Card,1,30370.19,10.0,30370.19,3.0
TXN103683,2024-01-29 06:57:02,P007,CU0003,UPI,3,29637.16,5.0,88911.48,4.0
TXN100903,2024-01-29 07:20:07,P001,CU0307,UPI,2,67916.38,3.0,135832.76,3.5
TXN100276,2024-01-29 20:30:35,P016,CU0277,Debit Card,2,19596.4,5.0,39192.8,4.0
TXN101666,2024-01-30 09:54:56,P003,CU0352,Cash,3,56384.36,3.0,169153.08,3.0
TXN100762,2024-01-30 19:45:47,P011,CU0228,Debit Card,2,30039.54,8.0,60079.08,3.5
TXN103559,2024-01-30 23:48:06,P011,CU0463,UPI,1,46894.58,0.0,46894.58,3.5
TXN103467,2024-01-31 10:06:50,P004,CU0455,Debit Card,1,36202.88,5.0,36202.88,4.0
TXN103554,2024-01-31 13:47:48,P001,CU0090,Credit Card,4,69006.21,0.0,276024.84,3.5
TXN100703,2024-01-31 16:59:47,P015,CU0420,Cash,3,26570.85,0.0,79712.55,4.5
TXN102780,2024-01-31 22:47:52,P003,CU0147,UPI,3,55978.51,0.0,167935.53,4.0
TXN101499,2024-01-31 23:15:50,P008,CU0027,UPI,3,32447.8,0.0,97343.4,2.5
TXN102592,2024-02-01 09:06:49,P004,CU0238,Debit Card,1,33251.28,8.0,33251.28,3.5
TXN102348,2024-02-01 14:51:52,P006,CU0185,Debit Card,1,17356.39,5.0,17356.39,4.0
TXN101181,2024-02-02 03:45:42,P010,CU0170,Credit Card,4,23870.91,0.0,95483.64,2.5
TXN103818,2024-02-02 04:23:49,P009,CU0448,Credit Card,1,40555.9,5.0,40555.9,3.5
TXN103335,2024-02-02 07:25:37,P016,CU0063,Debit Card,2,13393.37,5.0,26786.74,4.0
TXN101989,2024-02-03 08:55:27,P009,CU0303,UPI,4,18022.09,0.0,72088.36,5.0
TXN104074,2024-02-03 09:19:43,P008,CU0148,UPI,1,21483.31,0.0,21483.31,3.5
TXN101587,2024-02-03 11:31:19,P008,CU0005,Cash,1,41084.05,3.0,41084.05,3.5
TXN104175,2024-02-03 23:46:57,P006,CU0265,UPI,2,50086.99,0.0,100173.98,3.5
TXN103770,2024-02-04 02:46:16,P002,CU0375,Cash,1,60376.78,0.0,60376.78,3.0
TXN102186,2024-02-04 04:53:44,P006,CU0179,Cash,2,50050.71,5.0,100101.42,3.0
TXN103805,2024-02-04 10:49:25,P014,CU0263,UPI,1,12503.12,0.0,12503.12,3.5
TXN102444,2024-02-04 11:35:17,P011,CU0420,Debit Card,2,40520.9,0.0,81041.8,3.5
TXN101653,2024-02-04 14:06:08,P016,CU0350,Credit Card,1,12612.7,8.0,12612.7,2.0
TXN100275,2024-02-04 16:35:27,P005,CU0475,Cash,1,49223.26,0.0,49223.26,4.0
TXN102922,2024-02-04 19:20:23,P007,CU0490,Cash,2,22936.52,0.0,45873.04,4.0
TXN102238,2024-02-05 08:12:12,P001,CU0436,Credit Card,3,29292.92,10.0,87878.76,5.0
TXN102052,2024-02-05 15:45:28,P003,CU0019,UPI,3,46417.84,3.0,139253.52,5.0
TXN103011,2024-02-05 21:28:17,P005,CU0353,UPI,3,54951.35,0.0,164854.05,4.0
TXN103763,2024-02-06 01:13:18,P003,CU0210,Credit Card,4,43058.6,0.0,172234.4,5.0
TXN104438,2024-02-06 01:31:56,P015,CU0044,Credit Card,3,15891.3,0.0,47673.9,2.5
TXN103455,2024-02-06 11:34:04,P012,CU0388,UPI,1,18961.62,5.0,18961.62,4.5
TXN101509,2024-02-06 15:30:38,P005,CU0344,Debit Card,3,30035.26,15.0,90105.78,5.0
TXN103108,2024-02-06 23:11:07,P012,CU0138,Credit Card,1,16757.3,0.0,16757.3,2.5
TXN102181,2024-02-07 03:58:06,P004,CU0263,Debit Card,2,39914.04,10.0,79828.08,3.5
TXN101575,2024-02-07 06:57:12,P015,CU0458,Debit Card,2,27326.13,8.0,54652.26,4.0
TXN101251,2024-02-07 16:48:15,P006,CU0179,UPI,1,27254.77,8.0,27254.77,4.0
TXN103670,2024-02-08 11:33:41,P007,CU0082,Debit Card,2,45372.37,5.0,90744.74,2.5
TXN101889,2024-02-08 13:00:23,P001,CU0432,Credit Card,1,70166.37,0.0,70166.37,3.5
TXN103481,2024-02-08 20:18:47,P001,CU0148,Credit Card,2,35668.22,0.0,71336.44,5.0
TXN101661,2024-02-08 22:01:33,P015,CU0096,UPI,3,17698.95,3.0,53096.85,4.5
TXN103844,2024-02-08 22:17:37,P001,CU0171,Debit Card,2,40551.9,8.0,81103.8,3.5
TXN101957,2024-02-09 10:19:25,P002,CU0141,Cash,2,33357.26,10.0,66714.52,4.0
TXN101996,2024-02-09 14:55:58,P002,CU0025,UPI,4,39931.53,3.0,159726.12,3.0
TXN103724,2024-02-10 05:25:37,P011,CU0014,Credit Card,3,28317.51,0.0,84952.53,4.0
TXN100422,2024-02-10 07:59:55,P007,CU0186,Debit Card,2,29082.43,0.0,58164.86,3.0
TXN101739,2024-02-10 08:17:11,P009,CU0059,Credit Card,1,36031.82,3.0,36031.82,2.0
TXN100049,2024-02-10 09:43:28,P013,CU0095,Credit Card,2,15224.33,0.0,30448.66,5.0
TXN101827,2024-02-10 18:22:53,P016,CU0148,Debit Card,1,10180.66,0.0,10180.66,5.0
TXN101018,2024-02-10 19:33:55,P001,CU0075,UPI,1,70101.23,0.0,70101.23,4.0
TXN104423,2024-02-12 19:46:06,P003,CU0203,Cash,4,35704.87,0.0,142819.48,5.0
TXN102883,2024-02-12 21:35:57,P005,CU0059,Debit Card,4,48895.29,3.0,195581.16,4.5
TXN102259,2024-02-13 00:41:54,P013,CU0433,Cash,1,24758.34,5.0,24758.34,3.5
TXN101226,2024-02-13 10:45:01,P011,CU0083,UPI,5,23749.76,0.0,118748.8,4.0
TXN103401,2024-02-13 12:44:13,P010,CU0082,Credit Card,1,37985.29,5.0,37985.29,2.0
TXN100900,2024-02-13 22:52:06,P006,CU0485,Credit Card,2,50541.11,8.0,101082.22,3.5
TXN101411,2024-02-14 03:37:08,P007,CU0186,UPI,5,27750.55,10.0,138752.75,4.5
TXN103915,2024-02-14 06:55:33,P005,CU0090,Credit Card,4,28194.19,0.0,112776.76,5.0
TXN103002,2024-02-14 12:52:38,P006,CU0072,Credit Card,4,41193.54,0.0,164774.16,4.0
TXN102482,2024-02-14 13:57:37,P010,CU0364,Debit Card,3,33006.41,3.0,99019.23,3.0
TXN102290,2024-02-14 19:18:38,P005,CU0485,UPI,2,42437.84,8.0,84875.68,3.5
TXN100134,2024-02-14 23:15:02,P001,CU0331,Debit Card,5,51614.02,0.0,258070.1,5.0
TXN102516,2024-02-15 06:50:01,P003,CU0080,Credit Card,1,32979.23,3.0,32979.23,4.0
TXN102769,2024-02-15 07:27:34,P014,CU0250,Debit Card,1,28296.01,0.0,28296.01,4.0
TXN102062,2024-02-15 15:59:08,P014,CU0213,Debit Card,2,22049.58,0.0,44099.16,3.0
TXN103900,2024-02-15 21:33:45,P015,CU0102,Debit Card,1,26808.69,0.0,26808.69,5.0
TXN100969,2024-02-15 21:56:56,P012,CU0385,Debit Card,1,21085.31,0.0,21085.31,5.0
TXN101490,2024-02-15 23:08:19,P005,CU0180,Debit Card,2,52162.04,8.0,104324.08,4.5
TXN103041,2024-02-16 17:27:44,P006,CU0152,Debit Card,2,42042.48,0.0,84084.96,3.5
TXN102526,2024-02-16 17:40:06,P009,CU0077,Debit Card,1,23724.98,5.0,23724.98,3.5
TXN101313,2024-02-16 18:26:03,P003,CU0436,Credit Card,2,43341.82,0.0,86683.64,4.0
TXN103005,2024-02-16 18:50:25,P008,CU0245,Debit Card,2,57792.85,8.0,115585.7,4.0
TXN101519,2024-02-16 22:14:50,P017,CU0284,Credit Card,3,22705.33,15.0,68115.99,4.5
TXN103051,2024-02-17 02:09:00,P002,CU0263,Cash,1,55393.46,0.0,55393.46,3.5
TXN101902,2024-02-17 13:56:26,P013,CU0297,Credit Card,1,12844.14,3.0,12844.14,4.0
TXN101523,2024-02-17 18:13:56,P017,CU0042,UPI,4,11415.97,5.0,45663.88,4.5
TXN101716,2024-02-18 16:36:58,P012,CU0208,Cash,1,26105.61,0.0,26105.61,3.0
TXN103269,2024-02-18 16:52:34,P014,CU0013,UPI,1,29269.87,0.0,29269.87,4.5
TXN103901,2024-02-18 21:58:25,P013,CU0472,UPI,1,31113.62,8.0,31113.62,5.0
TXN101064,2024-02-20 00:23:23,P012,CU0072,Credit Card,1,26972.2,10.0,26972.2,5.0
TXN104232,2024-02-20 03:49:44,P008,CU0071,Cash,1,64244.32,0.0,64244.32,3.5
TXN104142,2024-02-20 06:43:58,P007,CU0012,Credit Card,3,49211.58,5.0,147634.74,3.5
TXN101355,2024-02-20 17:19:10,P014,CU0286,Credit Card,2,13944.48,0.0,27888.96,4.5
TXN100802,2024-02-20 18:44:51,P005,CU0352,UPI,3,47880.91,0.0,143642.73,5.0
TXN102373,2024-02-21 07:15:22,P007,CU0391,Debit Card,2,36470.4,5.0,72940.8,4.0
TXN100991,2024-02-21 21:51:53,P001,CU0170,Credit Card,1,38566.02,0.0,38566.02,2.0
TXN103677,2024-02-22 01:28:24,P001,CU0290,Credit Card,2,56673.02,10.0,113346.04,2.0
TXN102092,2024-02-22 14:44:14,P006,CU0431,Cash,1,19458.91,0.0,19458.91,2.5
TXN101785,2024-02-22 17:41:39,P009,CU0224,Debit Card,3,24789.43,3.0,74368.29,3.0
TXN100235,2024-02-22 18:42:41,P017,CU0343,Credit Card,5,14472.0,3.0,72360.0,2.0
TXN103217,2024-02-22 23:06:59,P001,CU0406,Credit Card,1,49918.89,5.0,49918.89,4.5
TXN100385,2024-02-23 02:12:56,P008,CU0205,Debit Card,4,43248.51,5.0,172994.04,4.5
TXN102336,2024-02-23 02:55:38,P001,CU0147,Cash,1,41757.64,8.0,41757.64,3.5
TXN101764,2024-02-23 04:49:57,P002,CU0134,Credit Card,1,55011.04,8.0,55011.04,3.5
TXN103300,2024-02-23 09:58:58,P016,CU0063,Credit Card,2,26193.71,0.0,52387.42,3.5
TXN100682,2024-02-23 13:06:22,P003,CU0201,Debit Card,2,35369.49,0.0,70738.98,4.0
TXN100338,2024-02-23 13:48:49,P009,CU0319,Debit Card,1,29757.0,8.0,29757.0,5.0
TXN103738,2024-02-23 19:44:46,P006,CU0020,Credit Card,3,41862.76,5.0,125588.28,3.0
TXN101506,2024-02-24 00:17:05,P016,CU0304,Cash,1,14200.28,8.0,14200.28,4.0
TXN104138,2024-02-24 07:39:47,P007,CU0006,Debit Card,3,42575.21,3.0,127725.63,3.5
TXN104115,2024-02-24 13:49:50,P004,CU0320,Credit Card,4,71111.87,5.0,284447.48,2.0
TXN100888,2024-02-24 22:25:34,P005,CU0254,Debit Card,2,51263.77,0.0,102527.54,3.5
TXN100315,2024-02-25 00:46:43,P015,CU0389,Debit Card,1,20042.99,3.0,20042.99,4.0
TXN103587,2024-02-25 02:01:34,P001,CU0042,Cash,1,65892.06,0.0,65892.06,4.0
TXN102838,2024-02-25 08:16:31,P014,CU0451,Cash,2,12420.9,8.0,24841.8,3.5
TXN102716,2024-02-25 10:39:25,P010,CU0483,Debit Card,5,19089.34,0.0,95446.7,4.5
TXN103707,2024-02-25 20:07:01,P009,CU0364,Credit Card,2,18036.5,0.0,36073.0,4.0
TXN103390,2024-02-26 01:48:11,P008,CU0110,Cash,3,58134.36,0.0,174403.08,3.0
TXN100120,2024-02-26 01:48:25,P013,CU0442,Credit Card,2,15753.05,5.0,31506.1,3.0
TXN104358,2024-02-26 05:42:41,P011,CU0059,Credit Card,1,23184.78,5.0,23184.78,3.5
TXN102363,2024-02-26 15:20:08,P013,CU0305,Credit Card,1,27468.61,8.0,27468.61,4.0
TXN100830,2024-02-27 04:13:48,P017,CU0392,Debit Card,1,10439.93,5.0,10439.93,4.0
TXN101983,2024-02-27 21:37:56,P005,CU0466,Debit Card,1,32157.76,10.0,32157.76,2.5
TXN103574,2024-02-28 03:58:42,P004,CU0035,Debit Card,1,74599.21,0.0,74599.21,3.0
TXN103073,2024-02-28 08:53:26,P002,CU0451,UPI,1,55241.38,5.0,55241.38,3.0
TXN102759,2024-02-28 11:14:23,P007,CU0246,Debit Card,2,43156.26,0.0,86312.52,4.0
TXN101405,2024-02-28 12:21:40,P016,CU0130,UPI,2,21027.78,5.0,42055.56,1.5
TXN101001,2024-02-28 16:56:20,P001,CU0280,Cash,2,51721.09,0.0,103442.18,2.5
TXN101037,2024-02-29 01:22:58,P013,CU0166,UPI,3,31285.74,10.0,93857.22,4.5
TXN100815,2024-02-29 05:49:11,P011,CU0415,Credit Card,1,41454.51,8.0,41454.51,3.0
TXN102316,2024-02-29 05:57:03,P006,CU0019,Credit Card,2,47195.61,0.0,94391.22,3.5
TXN100458,2024-02-29 14:49:56,P007,CU0183,Credit Card,4,55981.15,0.0,223924.6,5.0
TXN101030,2024-02-29 17:12:12,P003,CU0294,UPI,1,31826.44,10.0,31826.44,4.5
TXN100436,2024-02-29 20:11:16,P008,CU0377,UPI,3,43593.01,0.0,130779.03,3.5
TXN104453,2024-03-01 09:50:52,P006,CU0121,Debit Card,4,49067.0,5.0,196268.0,3.5
TXN101707,2024-03-01 16:42:13,P004,CU0100,Credit Card,1,37153.61,0.0,37153.61,5.0
TXN103548,2024-03-02 02:43:45,P010,CU0353,Credit Card,1,40361.27,0.0,40361.27,3.5
TXN101233,2024-03-02 13:12:00,P008,CU0292,Debit Card,5,27717.33,0.0,138586.65,3.5
TXN101440,2024-03-02 18:29:13,P002,CU0475,Debit Card,1,45527.94,5.0,45527.94,4.0
TXN100535,2024-03-02 19:05:27,P015,CU0189,Credit Card,1,20840.95,0.0,20840.95,3.0
TXN104250,2024-03-02 21:01:22,P003,CU0075,Debit Card,1,45643.34,10.0,45643.34,2.5
TXN102980,2024-03-03 05:50:31,P015,CU0080,Cash,5,27723.08,3.0,138615.4,3.0
TXN100161,2024-03-05 11:10:28,P017,CU0130,UPI,2,24385.15,0.0,48770.3,4.0
TXN100357,2024-03-05 12:44:27,P008,CU0456,UPI,3,64727.86,0.0,194183.58,3.5
TXN104330,2024-03-06 10:03:56,P002,CU0429,Cash,1,61136.87,15.0,61136.87,3.0
TXN101843,2024-03-07 13:58:44,P002,CU0422,Debit Card,1,33582.6,5.0,33582.6,5.0
TXN102851,2024-03-07 17:02:40,P001,CU0235,Debit Card,1,41155.26,3.0,41155.26,4.0
TXN101465,2024-03-07 18:57:12,P004,CU0462,Debit Card,2,63189.68,0.0,126379.36,3.5
TXN104274,2024-03-08 00:30:22,P011,CU0336,UPI,2,20940.54,8.0,41881.08,3.0
TXN103503,2024-03-08 06:34:02,P011,CU0172,Cash,1,39127.66,10.0,39127.66,4.5
TXN102039,2024-03-08 09:30:10,P005,CU0053,UPI,2,55213.07,3.0,110426.14,3.0
TXN100620,2024-03-08 14:48:31,P002,CU0396,Credit Card,2,64591.99,0.0,129183.98,4.0
TXN103563,2024-03-08 14:50:32,P012,CU0496,UPI,2,30883.2,0.0,61766.4,4.0
TXN100295,2024-03-09 04:08:39,P006,CU0193,Credit Card,1,19890.92,0.0,19890.92,4.0
TXN102428,2024-03-09 06:11:12,P001,CU0193,Cash,3,41630.21,8.0,124890.63,4.0
TXN101840,2024-03-09 20:34:14,P013,CU0116,Debit Card,1,27135.93,5.0,27135.93,2.0
TXN103713,2024-03-09 21:58:53,P016,CU0492,UPI,1,15237.75,5.0,15237.75,4.5
TXN104349,2024-03-10 11:17:27,P017,CU0202,UPI,3,19858.06,0.0,59574.18,2.5
TXN103589,2024-03-11 03:20:07,P014,CU0080,Credit Card,2,12065.09,0.0,24130.18,4.0
TXN103454,2024-03-11 07:30:08,P014,CU0008,Credit Card,1,27487.61,8.0,27487.61,4.5
TXN104284,2024-03-11 07:52:33,P009,CU0440,UPI,1,31177.66,5.0,31177.66,3.0
TXN102508,2024-03-11 14:53:17,P011,CU0164,UPI,1,43736.36,10.0,43736.36,3.0
TXN100362,2024-03-12 00:39:59,P009,CU0330,UPI,3,47182.1,5.0,141546.3,3.5
TXN102197,2024-03-12 23:01:15,P013,CU0214,UPI,1,25757.99,0.0,25757.99,4.5
TXN104215,2024-03-13 06:33:47,P001,CU0265,Cash,3,47201.19,5.0,141603.57,2.5
TXN102713,2024-03-13 16:33:15,P008,CU0442,Cash,4,20142.69,0.0,80570.76,4.0
TXN103009,2024-03-13 22:03:25,P002,CU0005,UPI,1,43704.94,0.0,43704.94,4.0
TXN104209,2024-03-13 23:45:39,P013,CU0092,Cash,1,20024.73,15.0,20024.73,4.5
TXN100647,2024-03-14 05:37:04,P017,CU0127,UPI,1,16688.47,10.0,16688.47,4.0
TXN102037,2024-03-15 01:19:59,P009,CU0276,UPI,1,27117.3,3.0,27117.3,3.0
TXN103234,2024-03-15 01:31:44,P007,CU0071,Cash,2,47256.23,5.0,94512.46,3.5
TXN104391,2024-03-15 15:23:25,P010,CU0192,UPI,3,47932.78,3.0,143798.34,5.0
TXN103505,2024-03-16 01:04:20,P003,CU0353,Debit Card,2,60962.45,0.0,121924.9,3.0
TXN102546,2024-03-16 04:46:40,P014,CU0247,Cash,1,13299.9,5.0,13299.9,2.5
TXN103203,2024-03-16 06:00:24,P013,CU0261,UPI,2,23259.12,15.0,46518.24,5.0
TXN101689,2024-03-17 06:20:15,P014,CU0416,Credit Card,1,26439.99,5.0,26439.99,3.0
TXN102337,2024-03-18 02:21:33,P008,CU0299,Debit Card,2,35046.46,8.0,70092.92,3.5
TXN102501,2024-03-18 02:57:58,P011,CU0362,Cash,1,45179.99,3.0,45179.99,3.0
TXN100941,2024-03-18 05:37:17,P017,CU0319,Debit Card,2,25782.9,3.0,51565.8,3.5
TXN101496,2024-03-18 14:58:19,P005,CU0250,Credit Card,3,21354.7,5.0,64064.1,4.0
TXN102102,2024-03-19 06:37:30,P014,CU0179,UPI,2,31849.37,0.0,63698.74,1.5
TXN101242,2024-03-19 10:17:33,P007,CU0473,Credit Card,1,29468.72,8.0,29468.72,3.5
TXN100092,2024-03-19 12:18:25,P009,CU0236,Credit Card,2,32163.83,5.0,64327.66,2.5
TXN102844,2024-03-20 16:48:55,P003,CU0138,Credit Card,3,39431.64,0.0,118294.92,3.5
TXN100382,2024-03-20 18:44:30,P002,CU0042,Debit Card,2,55409.44,0.0,110818.88,3.0
TXN101617,2024-03-20 19:33:01,P008,CU0186,UPI,2,48720.9,5.0,97441.8,4.5
TXN104488,2024-03-20 20:56:13,P005,CU0373,Cash,1,36472.15,8.0,36472.15,4.5
TXN102591,2024-03-20 23:49:38,P014,CU0297,UPI,2,31402.9,5.0,62805.8,3.0
TXN101299,2024-03-21 05:20:09,P005,CU0047,Credit Card,3,60006.93,0.0,180020.79,5.0
TXN102187,2024-03-21 17:32:58,P002,CU0229,Credit Card,1,57467.31,15.0,57467.31,2.5
TXN104224,2024-03-21 17:34:37,P011,CU0440,UPI,1,49500.94,0.0,49500.94,2.0
TXN100006,2024-03-22 18:32:15,P005,CU0184,Debit Card,2,51198.69,5.0,102397.38,3.5
TXN103646,2024-03-22 20:01:21,P002,CU0166,Credit Card,1,54341.58,5.0,54341.58,4.0
TXN100707,2024-03-23 15:57:15,P008,CU0242,Debit Card,2,27535.66,8.0,55071.32,3.0
TXN101141,2024-03-24 15:27:24,P014,CU0213,Credit Card,3,29253.48,0.0,87760.44,4.0
TXN102513,2024-03-24 18:27:05,P011,CU0135,Credit Card,2,37441.71,0.0,74883.42,4.5
TXN103576,2024-03-24 18:31:34,P002,CU0481,Debit Card,1,56193.47,0.0,56193.47,3.5
TXN104477,2024-03-24 21:04:09,P001,CU0312,Credit Card,3,45018.91,3.0,135056.73,3.5
TXN102825,2024-03-25 09:21:55,P005,CU0311,Debit Card,1,21940.48,3.0,21940.48,3.5
TXN103441,2024-03-25 09:29:14,P014,CU0489,Credit Card,1,17213.86,5.0,17213.86,2.0
TXN101683,2024-03-25 13:27:41,P005,CU0284,UPI,1,23329.09,10.0,23329.09,3.0
TXN103105,2024-03-25 21:06:24,P002,CU0460,Debit Card,4,40708.72,0.0,162834.88,4.5
TXN100996,2024-03-26 00:45:57,P013,CU0100,Credit Card,1,30374.0,3.0,30374.0,3.5
TXN104259,2024-03-26 04:19:08,P006,CU0331,Credit Card,4,59745.27,0.0,238981.08,2.5
TXN100608,2024-03-26 18:58:35,P012,CU0054,Debit Card,2,27726.84,0.0,55453.68,4.0
TXN103972,2024-03-26 21:47:37,P008,CU0488,UPI,3,41914.34,3.0,125743.02,3.5
TXN104271,2024-03-27 00:58:56,P017,CU0013,Credit Card,4,22464.49,3.0,89857.96,3.0
TXN103675,2024-03-27 02:12:40,P006,CU0275,UPI,3,17789.63,5.0,53368.89,4.0
TXN103829,2024-03-27 03:44:38,P004,CU0431,Debit Card,1,45187.75,0.0,45187.75,3.0
TXN100899,2024-03-27 05:35:51,P012,CU0453,Credit Card,3,28675.03,0.0,86025.09,4.5
TXN100671,2024-03-27 11:49:18,P011,CU0169,Debit Card,1,37422.93,0.0,37422.93,4.0
TXN101625,2024-03-27 19:47:46,P001,CU0016,Debit Card,1,42454.25,3.0,42454.25,4.5
TXN102317,2024-03-27 19:51:04,P003,CU0282,Cash,3,53844.49,0.0,161533.47,3.0
TXN101146,2024-03-28 01:27:56,P012,CU0186,Credit Card,1,22553.7,5.0,22553.7,3.0
TXN101264,2024-03-28 04:06:08,P006,CU0009,UPI,1,43927.97,8.0,43927.97,5.0
TXN101468,2024-03-30 08:01:36,P016,CU0458,Cash,3,23017.11,0.0,69051.33,3.5
TXN104437,2024-03-30 19:47:45,P011,CU0424,Debit Card,1,28617.77,5.0,28617.77,3.0
TXN102916,2024-03-31 09:50:50,P003,CU0284,Credit Card,1,66797.02,0.0,66797.02,3.0
TXN101488,2024-03-31 15:46:20,P008,CU0014,Credit Card,1,25502.29,5.0,25502.29,4.5
TXN100182,2024-04-01 00:22:47,P007,CU0312,Credit Card,1,44945.09,5.0,44945.09,3.5
TXN100606,2024-04-01 11:45:33,P010,CU0349,Credit Card,1,27200.37,3.0,27200.37,3.0
TXN100625,2024-04-01 17:07:04,P001,CU0351,UPI,2,38085.27,10.0,76170.54,4.5
TXN104312,2024-04-01 17:38:03,P005,CU0039,Debit Card,2,20773.57,5.0,41547.14,4.0
TXN100240,2024-04-01 18:34:35,P010,CU0275,Debit Card,3,34418.85,0.0,103256.55,4.0
TXN103896,2024-04-01 21:00:21,P015,CU0128,Credit Card,1,10493.97,5.0,10493.97,4.0
TXN103238,2024-04-01 21:39:14,P017,CU0409,Debit Card,1,20311.03,8.0,20311.03,2.5
TXN101584,2024-04-03 04:18:41,P008,CU0055,Debit Card,1,36981.18,8.0,36981.18,4.0
TXN100724,2024-04-03 17:50:05,P011,CU0350,Credit Card,1,42201.18,8.0,42201.18,3.5
TXN101865,2024-04-03 18:11:13,P011,CU0442,Credit Card,2,42250.94,5.0,84501.88,3.5
TXN100475,2024-04-03 19:04:21,P015,CU0221,Debit Card,2,21371.98,0.0,42743.96,3.5
TXN100405,2024-04-03 22:06:03,P003,CU0277,Debit Card,4,33412.03,15.0,133648.12,3.5
TXN103137,2024-04-04 02:56:31,P015,CU0338,UPI,2,16420.83,10.0,32841.66,3.0
TXN100708,2024-04-04 03:10:09,P016,CU0021,Debit Card,3,21402.56,8.0,64207.68,3.0
TXN100059,2024-04-04 05:01:16,P017,CU0087,UPI,1,24005.58,3.0,24005.58,2.5
TXN104295,2024-04-05 00:21:01,P015,CU0251,Debit Card,1,29237.27,0.0,29237.27,3.5
TXN101722,2024-04-05 11:34:50,P013,CU0351,UPI,1,26781.19,15.0,26781.19,2.5
TXN103336,2024-04-05 13:30:22,P009,CU0454,UPI,2,42109.51,10.0,84219.02,5.0
TXN101100,2024-04-05 16:38:59,P004,CU0451,Cash,1,43669.72,10.0,43669.72,2.5
TXN103243,2024-04-06 01:20:26,P007,CU0481,Cash,2,60098.79,5.0,120197.58,2.5
TXN103434,2024-04-06 04:43:27,P017,CU0483,Debit Card,1,16488.51,3.0,16488.51,5.0
TXN102691,2024-04-06 10:48:20,P002,CU0299,Credit Card,3,39184.69,0.0,117554.07,3.5
TXN103929,2024-04-06 17:27:23,P017,CU0488,Debit Card,3,19341.21,3.0,58023.63,3.5
TXN102083,2024-04-06 18:47:37,P014,CU0004,Cash,1,19656.52,0.0,19656.52,3.0
TXN101795,2024-04-06 19:45:13,P006,CU0379,Debit Card,1,33497.43,8.0,33497.43,3.5
TXN104328,2024-04-06 22:18:10,P007,CU0265,UPI,1,27143.36,10.0,27143.36,3.0
TXN101805,2024-04-07 04:37:36,P013,CU0295,Debit Card,1,17180.57,10.0,17180.57,3.5
TXN102358,2024-04-07 05:54:47,P004,CU0335,Debit Card,2,37153.91,0.0,74307.82,3.0
TXN103249,2024-04-07 14:25:30,P001,CU0430,UPI,2,33960.68,8.0,67921.36,3.5
TXN101267,2024-04-07 20:05:16,P004,CU0413,UPI,2,63221.18,3.0,126442.36,2.5
TXN101088,2024-04-07 23:47:56,P014,CU0212,Debit Card,2,19069.35,5.0,38138.7,3.0
TXN101926,2024-04-08 08:39:50,P010,CU0178,Cash,2,39356.22,3.0,78712.44,5.0
TXN101649,2024-04-09 05:32:18,P011,CU0434,UPI,1,26505.37,0.0,26505.37,4.0
TXN101590,2024-04-09 07:54:52,P002,CU0397,UPI,1,58916.78,0.0,58916.78,5.0
TXN102245,2024-04-09 09:38:09,P011,CU0099,Cash,1,28023.25,10.0,28023.25,4.0
TXN102332,2024-04-09 16:22:55,P012,CU0212,UPI,1,13472.31,0.0,13472.31,3.5
TXN102807,2024-04-09 20:24:15,P016,CU0173,UPI,2,8612.35,15.0,17224.7,5.0
TXN101987,2024-04-10 01:57:10,P011,CU0444,Credit Card,1,25087.67,0.0,25087.67,3.0
TXN100056,2024-04-10 09:27:16,P014,CU0358,Credit Card,1,19891.61,5.0,19891.61,4.0
TXN102395,2024-04-10 14:09:53,P010,CU0180,UPI,4,21120.56,5.0,84482.24,4.5
TXN100393,2024-04-10 15:55:20,P014,CU0159,Credit Card,3,20653.12,0.0,61959.36,3.0
TXN102216,2024-04-10 19:19:13,P005,CU0327,Debit Card,1,44659.95,15.0,44659.95,2.5
TXN104494,2024-04-11 04:47:10,P011,CU0492,UPI,4,41077.89,0.0,164311.56,4.0
TXN103287,2024-04-11 15:00:13,P015,CU0338,UPI,2,18105.19,0.0,36210.38,3.0
TXN103324,2024-04-11 16:09:41,P003,CU0005,Debit Card,5,42391.95,0.0,211959.75,3.5
TXN103894,2024-04-11 20:00:56,P006,CU0340,UPI,1,26429.15,0.0,26429.15,5.0
TXN100141,2024-04-11 20:27:48,P015,CU0326,Cash,2,12644.16,3.0,25288.32,2.0
TXN100544,2024-04-12 03:51:32,P005,CU0395,UPI,1,52066.29,10.0,52066.29,3.5
TXN103285,2024-04-12 04:08:55,P005,CU0114,UPI,4,24051.94,5.0,96207.76,4.0
TXN103959,2024-04-12 07:27:32,P008,CU0360,UPI,2,43350.12,3.0,86700.24,3.0
TXN100243,2024-04-13 08:23:18,P004,CU0371,Cash,2,50843.21,8.0,101686.42,3.5
TXN100973,2024-04-13 10:16:55,P010,CU0473,Cash,2,19213.88,5.0,38427.76,4.5
TXN102921,2024-04-13 17:31:02,P009,CU0122,UPI,4,24862.44,3.0,99449.76,2.5
TXN102988,2024-04-14 15:58:40,P014,CU0021,UPI,1,31292.21,5.0,31292.21,4.5
TXN102937,2024-04-15 10:24:30,P016,CU0457,UPI,1,14229.93,0.0,14229.93,4.0
TXN103746,2024-04-15 11:52:23,P010,CU0072,UPI,1,33419.98,3.0,33419.98,4.5
TXN103970,2024-04-16 02:33:02,P007,CU0488,UPI,1,45840.76,10.0,45840.76,4.5
TXN101362,2024-04-16 22:05:28,P003,CU0481,Cash,4,44699.31,5.0,178797.24,3.5
TXN101221,2024-04-17 00:25:30,P016,CU0148,Credit Card,1,14282.94,0.0,14282.94,3.0
TXN102027,2024-04-17 00:34:59,P011,CU0481,UPI,1,42101.84,0.0,42101.84,3.5
TXN102436,2024-04-19 01:42:36,P013,CU0046,UPI,1,19931.79,3.0,19931.79,3.5
TXN100291,2024-04-19 17:22:39,P013,CU0127,Cash,2,26467.74,0.0,52935.48,4.0
TXN103220,2024-04-19 21:41:27,P015,CU0341,Credit Card,1,21718.79,8.0,21718.79,3.5
TXN100783,2024-04-20 01:46:00,P014,CU0456,Debit Card,1,18147.58,8.0,18147.58,4.5
TXN103409,2024-04-20 06:48:59,P003,CU0015,Credit Card,1,60416.55,3.0,60416.55,4.0
TXN103981,2024-04-20 10:40:35,P016,CU0199,Cash,1,11348.23,3.0,11348.23,4.5
TXN101564,2024-04-20 10:45:23,P006,CU0219,Cash,1,36707.38,3.0,36707.38,2.5
TXN102966,2024-04-20 14:12:10,P012,CU0472,Cash,2,28856.09,5.0,57712.18,4.5
TXN104189,2024-04-21 00:56:21,P002,CU0247,UPI,1,32434.51,0.0,32434.51,4.0
TXN103619,2024-04-21 07:21:48,P006,CU0322,Credit Card,1,37122.29,0.0,37122.29,2.5
TXN100835,2024-04-21 12:55:36,P017,CU0026,Credit Card,2,14189.75,10.0,28379.5,2.5
TXN102555,2024-04-21 13:04:25,P001,CU0400,Credit Card,1,67778.69,0.0,67778.69,4.5
TXN103517,2024-04-21 19:25:09,P012,CU0196,Debit Card,2,26339.59,10.0,52679.18,4.0
TXN104101,2024-04-22 16:13:40,P013,CU0460,UPI,4,20419.01,0.0,81676.04,5.0
TXN103189,2024-04-23 04:19:41,P003,CU0112,Credit Card,4,44755.5,0.0,179022.0,3.5
TXN102828,2024-04-23 08:32:30,P014,CU0392,Cash,2,21762.47,0.0,43524.94,4.0
TXN101873,2024-04-23 16:53:29,P017,CU0211,Debit Card,2,14292.47,8.0,28584.94,4.5
TXN102491,2024-04-23 20:09:57,P009,CU0201,UPI,3,39564.43,15.0,118693.29,4.5
TXN100946,2024-04-23 21:34:31,P003,CU0358,UPI,2,41808.55,0.0,83617.1,4.0
TXN100406,2024-04-24 01:08:26,P004,CU0463,Credit Card,1,57427.76,3.0,57427.76,4.5
TXN103855,2024-04-24 01:48:01,P008,CU0221,UPI,5,22226.44,0.0,111132.2,3.5
TXN100253,2024-04-24 11:14:14,P002,CU0474,Debit Card,2,70708.96,0.0,141417.92,4.0
TXN101199,2024-04-24 13:40:47,P017,CU0466,Credit Card,5,9003.56,10.0,45017.8,4.0
TXN100675,2024-04-26 00:45:26,P006,CU0360,UPI,2,48815.2,0.0,97630.4,3.5
TXN102831,2024-04-26 08:35:32,P014,CU0132,Cash,1,17349.65,0.0,17349.65,4.5
TXN103156,2024-04-26 18:27:05,P014,CU0375,Cash,1,25143.06,5.0,25143.06,5.0
TXN101921,2024-04-27 08:48:29,P005,CU0460,UPI,1,61565.54,5.0,61565.54,3.5
TXN102853,2024-04-28 00:10:22,P002,CU0375,Cash,1,55806.04,3.0,55806.04,3.5
TXN101863,2024-04-28 08:02:17,P013,CU0013,UPI,1,14428.28,3.0,14428.28,4.5
TXN104260,2024-04-28 09:23:40,P003,CU0491,Credit Card,1,69504.13,5.0,69504.13,3.0
TXN101058,2024-04-28 17:24:53,P008,CU0433,UPI,1,32311.89,0.0,32311.89,3.0
TXN101708,2024-04-28 20:42:07,P007,CU0262,Debit Card,1,26091.11,5.0,26091.11,4.5
TXN101635,2024-04-28 21:39:54,P012,CU0436,UPI,5,17454.29,3.0,87271.45,4.5
TXN104229,2024-04-28 22:47:35,P015,CU0026,Credit Card,1,26255.79,3.0,26255.79,4.0
TXN100844,2024-04-29 01:03:08,P017,CU0428,UPI,2,18546.03,0.0,37092.06,4.5
TXN103647,2024-04-29 06:05:19,P013,CU0340,UPI,4,13510.82,15.0,54043.28,4.0
TXN100473,2024-04-29 18:18:19,P011,CU0370,Cash,1,40047.35,0.0,40047.35,4.5
TXN103638,2024-04-30 11:26:57,P012,CU0064,Debit Card,1,12823.9,0.0,12823.9,4.5
TXN104356,2024-05-01 17:09:07,P002,CU0231,UPI,1,50805.39,5.0,50805.39,5.0
TXN101783,2024-05-01 17:26:20,P001,CU0218,Cash,1,58560.93,5.0,58560.93,5.0
TXN100082,2024-05-01 17:59:03,P007,CU0326,Credit Card,5,56667.05,5.0,283335.25,3.0
TXN102953,2024-05-02 05:19:31,P012,CU0016,UPI,4,20485.12,0.0,81940.48,2.0
TXN104233,2024-05-02 10:33:59,P001,CU0006,Cash,2,31617.83,8.0,63235.66,4.0
TXN103796,2024-05-02 15:36:20,P016,CU0006,UPI,5,10097.67,0.0,50488.35,3.0
TXN103985,2024-05-03 06:28:44,P014,CU0443,UPI,1,23290.23,8.0,23290.23,2.0
TXN102224,2024-05-03 12:45:10,P011,CU0352,UPI,2,18459.49,0.0,36918.98,4.5
TXN103351,2024-05-03 18:52:54,P012,CU0499,Debit Card,3,27475.69,5.0,82427.07,3.0
TXN100193,2024-05-03 19:48:36,P007,CU0150,UPI,1,24109.78,3.0,24109.78,3.0
TXN103080,2024-05-03 21:14:21,P010,CU0454,Cash,1,26986.0,5.0,26986.0,5.0
TXN103723,2024-05-03 22:30:34,P003,CU0224,Cash,3,40511.59,0.0,121534.77,3.5
TXN101447,2024-05-04 00:48:05,P011,CU0461,Debit Card,3,18987.13,5.0,56961.39,4.0
TXN102943,2024-05-04 11:53:29,P010,CU0196,Cash,2,32127.35,0.0,64254.7,2.5
TXN101995,2024-05-04 20:51:46,P014,CU0458,Debit Card,2,20660.79,8.0,41321.58,4.0
TXN102078,2024-05-05 12:38:25,P013,CU0073,Credit Card,1,22322.27,5.0,22322.27,4.5
TXN104365,2024-05-05 19:05:02,P017,CU0479,UPI,1,18411.06,8.0,18411.06,3.0
TXN103966,2024-05-06 05:22:22,P007,CU0061,UPI,4,18846.89,8.0,75387.56,4.0
TXN101021,2024-05-06 15:22:47,P012,CU0483,Cash,1,12399.95,15.0,12399.95,2.5
TXN100832,2024-05-07 06:06:20,P008,CU0360,UPI,1,29820.18,3.0,29820.18,4.0
TXN101028,2024-05-07 06:37:12,P008,CU0112,Cash,2,16830.68,8.0,33661.36,4.0
TXN100318,2024-05-07 07:51:23,P003,CU0219,Credit Card,1,46764.8,8.0,46764.8,3.5
TXN104333,2024-05-07 08:11:35,P001,CU0483,UPI,2,41271.62,8.0,82543.24,4.0
TXN104222,2024-05-07 14:21:20,P007,CU0119,UPI,2,34536.59,10.0,69073.18,4.5
TXN103398,2024-05-07 16:43:32,P008,CU0370,UPI,1,26991.09,15.0,26991.09,4.0
TXN100556,2024-05-08 04:40:04,P009,CU0332,Credit Card,1,35519.17,5.0,35519.17,3.0
TXN101191,2024-05-08 11:15:14,P008,CU0430,Cash,2,34658.99,0.0,69317.98,2.0
TXN103292,2024-05-09 04:34:29,P004,CU0232,Debit Card,3,66991.18,5.0,200973.54,4.0
TXN101632,2024-05-10 09:05:00,P002,CU0180,Credit Card,5,60634.36,5.0,303171.8,4.5
TXN103549,2024-05-10 12:16:31,P012,CU0301,Debit Card,2,20689.47,0.0,41378.94,3.5
TXN102861,2024-05-10 14:05:53,P007,CU0306,Debit Card,1,23883.06,5.0,23883.06,2.5
TXN100609,2024-05-10 15:03:44,P003,CU0112,UPI,2,38795.53,0.0,77591.06,2.5
TXN102013,2024-05-10 21:43:09,P007,CU0285,UPI,3,36414.74,3.0,109244.22,3.0
TXN100455,2024-05-12 01:35:26,P002,CU0133,Debit Card,2,40864.72,15.0,81729.44,4.0
TXN100156,2024-05-12 19:37:47,P011,CU0358,Credit Card,2,18563.11,15.0,37126.22,3.5
TXN100994,2024-05-12 20:08:12,P014,CU0248,Debit Card,4,32405.51,0.0,129622.04,2.0
TXN102008,2024-05-13 01:44:07,P012,CU0201,UPI,2,32568.25,0.0,65136.5,3.5
TXN102829,2024-05-13 06:07:49,P002,CU0216,Debit Card,2,53768.98,3.0,107537.96,2.5
TXN103868,2024-05-13 19:39:11,P005,CU0468,UPI,2,28913.5,0.0,57827.0,4.0
TXN103578,2024-05-14 12:41:54,P015,CU0092,Cash,2,10954.0,5.0,21908.0,4.0
TXN100952,2024-05-14 13:28:19,P008,CU0408,UPI,1,61065.51,0.0,61065.51,3.5
TXN103211,2024-05-14 17:46:39,P002,CU0365,Credit Card,1,60382.29,0.0,60382.29,3.5
TXN103926,2024-05-15 07:42:28,P004,CU0094,Credit Card,2,47124.64,0.0,94249.28,3.5
TXN104116,2024-05-15 11:49:51,P008,CU0086,Credit Card,3,61689.6,0.0,185068.8,4.5
TXN101591,2024-05-15 12:27:32,P002,CU0208,Credit Card,1,33838.36,5.0,33838.36,3.0
TXN101619,2024-05-15 13:59:05,P011,CU0486,Cash,1,35681.63,0.0,35681.63,3.5
TXN101044,2024-05-16 02:05:05,P017,CU0139,Cash,1,22484.06,0.0,22484.06,3.5
TXN102811,2024-05-16 11:40:46,P010,CU0120,UPI,2,18387.5,0.0,36775.0,4.5
TXN101776,2024-05-16 13:39:13,P017,CU0283,Debit Card,1,13219.15,0.0,13219.15,4.0
TXN103247,2024-05-16 18:12:02,P006,CU0175,Cash,3,23647.63,0.0,70942.89,3.5
TXN103866,2024-05-17 11:31:45,P002,CU0324,Credit Card,5,47778.41,0.0,238892.05,4.0
TXN101063,2024-05-17 12:09:24,P004,CU0183,Credit Card,1,29199.94,3.0,29199.94,4.0
TXN102654,2024-05-17 15:13:33,P017,CU0262,Debit Card,2,28376.14,5.0,56752.28,3.5
TXN101466,2024-05-18 02:42:57,P003,CU0153,UPI,1,36625.0,0.0,36625.0,3.5
TXN100767,2024-05-18 09:13:02,P015,CU0355,UPI,2,12061.99,5.0,24123.98,2.5
TXN101988,2024-05-18 13:08:28,P012,CU0449,Cash,1,27828.76,3.0,27828.76,2.0
TXN104406,2024-05-18 16:13:30,P005,CU0003,UPI,1,49574.19,8.0,49574.19,3.0
TXN101163,2024-05-18 23:22:28,P009,CU0308,Debit Card,1,38130.2,0.0,38130.2,4.0
TXN103456,2024-05-19 12:54:28,P004,CU0394,Cash,1,42406.08,8.0,42406.08,3.5
TXN103888,2024-05-20 03:32:22,P002,CU0244,Credit Card,2,45615.79,0.0,91231.58,4.0
TXN101085,2024-05-20 03:33:24,P001,CU0421,Cash,1,35888.01,0.0,35888.01,4.0
TXN103487,2024-05-20 12:38:02,P016,CU0127,Debit Card,1,27927.34,0.0,27927.34,4.0
TXN102857,2024-05-20 12:57:42,P005,CU0190,UPI,2,34266.27,15.0,68532.54,2.0
TXN103584,2024-05-21 11:59:43,P016,CU0402,UPI,5,12017.15,0.0,60085.75,5.0
TXN102489,2024-05-21 16:41:14,P008,CU0284,Cash,2,51135.85,0.0,102271.7,4.5
TXN101899,2024-05-21 18:52:11,P017,CU0397,Debit Card,1,23798.41,0.0,23798.41,4.0
TXN100152,2024-05-22 07:18:09,P004,CU0269,UPI,1,59907.6,3.0,59907.6,4.0
TXN101508,2024-05-22 12:39:12,P003,CU0035,UPI,3,45185.22,3.0,135555.66,3.5
TXN103364,2024-05-22 15:57:11,P014,CU0307,Credit Card,3,30585.5,0.0,91756.5,5.0
TXN102579,2024-05-22 16:47:32,P003,CU0410,UPI,1,44548.03,0.0,44548.03,4.0
TXN101393,2024-05-22 20:25:12,P012,CU0313,Credit Card,4,33046.81,0.0,132187.24,4.0
TXN104083,2024-05-22 21:57:48,P012,CU0477,Credit Card,1,22371.09,8.0,22371.09,5.0
TXN101867,2024-05-23 11:13:06,P016,CU0323,Cash,1,25945.73,8.0,25945.73,3.0
TXN101412,2024-05-23 14:55:20,P008,CU0359,Debit Card,1,29046.29,0.0,29046.29,3.0
TXN100086,2024-05-23 15:29:44,P013,CU0127,UPI,3,11627.2,15.0,34881.6,4.0
TXN101131,2024-05-23 22:36:18,P011,CU0079,UPI,4,34465.65,0.0,137862.6,3.0
TXN103698,2024-05-24 07:06:23,P011,CU0368,Debit Card,1,47131.61,0.0,47131.61,3.0
TXN103106,2024-05-24 07:48:31,P014,CU0258,UPI,1,21546.03,5.0,21546.03,3.5
TXN103618,2024-05-24 08:18:22,P002,CU0462,Cash,3,67981.85,3.0,203945.55,3.5
TXN102342,2024-05-24 19:45:48,P016,CU0019,Cash,1,16837.67,0.0,16837.67,3.5
TXN103376,2024-05-24 22:55:33,P010,CU0193,Debit Card,1,29306.2,0.0,29306.2,3.0
TXN102538,2024-05-24 22:58:04,P002,CU0312,Debit Card,2,55781.9,15.0,111563.8,3.5
TXN100169,2024-05-25 08:19:47,P010,CU0278,Cash,4,41352.0,8.0,165408.0,3.0
TXN102060,2024-05-25 17:26:11,P002,CU0300,UPI,1,57528.35,10.0,57528.35,3.5
TXN102275,2024-05-25 21:16:29,P001,CU0197,Debit Card,1,34809.51,8.0,34809.51,3.5
TXN103090,2024-05-26 00:37:36,P012,CU0003,Debit Card,1,16048.38,5.0,16048.38,4.0
TXN102903,2024-05-26 08:47:00,P003,CU0251,Credit Card,3,58956.24,0.0,176868.72,3.5
TXN100177,2024-05-26 18:56:07,P017,CU0309,UPI,1,16204.4,8.0,16204.4,4.0
TXN103083,2024-05-27 21:49:30,P009,CU0070,Debit Card,2,42292.0,5.0,84584.0,3.5
TXN104320,2024-05-27 22:32:59,P008,CU0319,Cash,2,26061.49,5.0,52122.98,4.0
TXN101043,2024-05-28 13:57:43,P014,CU0132,UPI,1,29910.09,0.0,29910.09,4.5
TXN103927,2024-05-28 17:08:49,P003,CU0079,UPI,1,37488.26,0.0,37488.26,3.5
TXN101224,2024-05-29 02:18:52,P002,CU0454,Credit Card,1,58666.36,0.0,58666.36,4.0
TXN102746,2024-05-29 23:43:46,P012,CU0020,Debit Card,2,34018.66,0.0,68037.32,3.0
TXN102523,2024-05-30 06:35:41,P012,CU0051,Credit Card,2,25645.28,3.0,51290.56,2.5
TXN102993,2024-05-31 22:18:43,P010,CU0419,UPI,2,45999.4,0.0,91998.8,3.0
TXN104197,2024-06-01 16:52:55,P012,CU0364,Credit Card,2,18830.44,0.0,37660.88,3.5
TXN101692,2024-06-02 00:00:26,P002,CU0153,Credit Card,1,35479.13,8.0,35479.13,4.0
TXN104398,2024-06-02 04:43:49,P016,CU0158,Credit Card,2,27087.26,3.0,54174.52,4.5
TXN100864,2024-06-02 08:04:30,P017,CU0392,Credit Card,4,14080.61,8.0,56322.44,4.0
TXN101757,2024-06-02 11:06:18,P016,CU0205,UPI,2,17854.39,3.0,35708.78,3.5
TXN102981,2024-06-02 11:49:37,P016,CU0442,Cash,3,20556.22,10.0,61668.66,4.5
TXN102566,2024-06-02 16:05:21,P014,CU0067,Debit Card,3,18191.51,0.0,54574.53,4.0
TXN101274,2024-06-04 00:38:53,P006,CU0042,UPI,2,42900.38,0.0,85800.76,3.5
TXN101282,2024-06-04 16:55:18,P008,CU0150,Cash,2,63735.79,0.0,127471.58,3.5
TXN103391,2024-06-05 03:46:02,P011,CU0074,UPI,2,30382.24,15.0,60764.48,5.0
TXN102263,2024-06-05 05:22:31,P014,CU0259,UPI,2,26275.55,0.0,52551.1,3.5
TXN104482,2024-06-05 05:44:51,P006,CU0230,Debit Card,1,63600.49,0.0,63600.49,4.0
TXN103452,2024-06-05 10:14:58,P003,CU0453,Cash,2,37472.52,5.0,74945.04,4.0
TXN103031,2024-06-05 17:59:54,P016,CU0423,Credit Card,2,13862.89,3.0,27725.78,4.0
TXN104180,2024-06-05 21:30:55,P012,CU0377,Cash,2,22785.39,0.0,45570.78,4.5
TXN103726,2024-06-05 23:06:09,P009,CU0283,Debit Card,1,45244.11,5.0,45244.11,3.5
TXN104119,2024-06-06 10:28:17,P010,CU0338,Debit Card,2,44589.89,8.0,89179.78,4.5
TXN103958,2024-06-06 15:20:38,P004,CU0494,Debit Card,3,63882.7,0.0,191648.1,5.0
TXN101094,2024-06-07 13:20:59,P003,CU0117,Credit Card,1,32601.72,0.0,32601.72,3.5
TXN100319,2024-06-08 03:01:31,P008,CU0276,UPI,5,36352.96,3.0,181764.8,2.5
TXN102701,2024-06-08 06:34:19,P009,CU0196,Debit Card,2,18536.41,0.0,37072.82,3.5
TXN100016,2024-06-09 01:09:41,P004,CU0375,Cash,2,56315.95,0.0,112631.9,4.0
TXN103146,2024-06-09 07:22:56,P006,CU0065,Credit Card,1,32639.94,0.0,32639.94,3.0
TXN103514,2024-06-09 07:53:33,P012,CU0102,Debit Card,1,21359.18,15.0,21359.18,3.5
TXN103998,2024-06-09 09:17:05,P017,CU0208,Debit Card,5,19732.95,15.0,98664.75,4.0
TXN103600,2024-06-09 18:41:35,P004,CU0147,Debit Card,1,57703.62,5.0,57703.62,3.0
TXN100717,2024-06-10 12:19:18,P002,CU0421,Debit Card,1,39263.14,3.0,39263.14,4.0
TXN100727,2024-06-10 13:47:17,P016,CU0250,Cash,3,22291.05,3.0,66873.15,3.0
TXN103542,2024-06-10 22:37:24,P003,CU0363,Debit Card,1,62810.07,5.0,62810.07,3.5
TXN104168,2024-06-11 05:22:49,P016,CU0495,Cash,2,25838.71,0.0,51677.42,3.0
TXN101206,2024-06-11 09:16:21,P011,CU0019,UPI,3,35166.84,0.0,105500.52,4.0
TXN102267,2024-06-11 14:11:16,P004,CU0319,Cash,3,46092.32,15.0,138276.96,4.0
TXN101922,2024-06-12 01:11:37,P006,CU0238,Debit Card,2,47886.04,3.0,95772.08,5.0
TXN102773,2024-06-12 02:47:13,P005,CU0024,Credit Card,1,22032.37,0.0,22032.37,3.5
TXN100255,2024-06-12 10:57:27,P007,CU0451,Credit Card,2,15468.3,15.0,30936.6,3.5
TXN101431,2024-06-12 18:02:54,P015,CU0032,Cash,5,22428.31,5.0,112141.55,3.0
TXN103057,2024-06-13 13:24:38,P010,CU0012,Credit Card,1,19476.92,10.0,19476.92,3.0
TXN102652,2024-06-13 13:43:57,P009,CU0024,Credit Card,5,19588.83,5.0,97944.15,3.5
TXN103068,2024-06-13 14:33:59,P013,CU0158,Credit Card,5,11849.43,5.0,59247.15,4.0
TXN101086,2024-06-14 03:42:21,P001,CU0442,UPI,2,68809.6,0.0,137619.2,3.5
TXN102569,2024-06-14 05:54:59,P006,CU0364,Cash,4,30525.33,8.0,122101.32,3.5
TXN104235,2024-06-15 01:43:08,P008,CU0036,Debit Card,1,41252.5,0.0,41252.5,3.5
TXN103863,2024-06-15 11:59:56,P010,CU0104,Credit Card,3,20033.61,5.0,60100.83,3.5
TXN102866,2024-06-16 07:30:36,P005,CU0266,Cash,3,43491.5,0.0,130474.5,4.0
TXN101812,2024-06-16 12:09:45,P013,CU0149,UPI,1,21484.25,10.0,21484.25,5.0
TXN100694,2024-06-16 15:11:20,P001,CU0460,Cash,2,61127.32,0.0,122254.64,3.5
TXN103823,2024-06-16 18:08:47,P006,CU0179,Credit Card,3,45524.38,3.0,136573.14,3.0
TXN101810,2024-06-17 02:29:36,P009,CU0489,Credit Card,2,38158.57,5.0,76317.14,4.0
TXN103666,2024-06-17 19:48:49,P011,CU0012,Cash,2,25016.13,3.0,50032.26,4.5
TXN100924,2024-06-18 00:43:44,P012,CU0141,Credit Card,2,26597.7,0.0,53195.4,5.0
TXN100271,2024-06-18 08:33:43,P014,CU0002,Debit Card,1,15176.18,0.0,15176.18,5.0
TXN102677,2024-06-19 23:48:25,P017,CU0088,Credit Card,1,22729.24,0.0,22729.24,3.0
TXN102709,2024-06-20 14:14:33,P014,CU0274,Credit Card,1,25838.05,0.0,25838.05,5.0
TXN103862,2024-06-21 00:46:37,P014,CU0358,Debit Card,1,26221.62,3.0,26221.62,2.5
TXN104371,2024-06-21 09:27:33,P006,CU0003,Debit Card,1,48534.76,0.0,48534.76,3.5
TXN102099,2024-06-21 16:28:46,P008,CU0331,Debit Card,1,27890.59,5.0,27890.59,1.5
TXN101974,2024-06-21 18:21:16,P004,CU0385,Debit Card,4,41749.38,0.0,166997.52,3.5
TXN101098,2024-06-21 23:38:32,P007,CU0247,Credit Card,2,18077.96,8.0,36155.92,4.5
TXN100111,2024-06-22 00:14:45,P013,CU0460,Credit Card,2,15051.51,5.0,30103.02,4.5
TXN100440,2024-06-22 07:18:30,P006,CU0213,Debit Card,1,38299.13,0.0,38299.13,3.5
TXN100689,2024-06-22 07:27:05,P016,CU0054,Credit Card,2,20858.3,3.0,41716.6,4.0
TXN101491,2024-06-22 11:04:28,P002,CU0084,Credit Card,1,45657.21,5.0,45657.21,3.0
TXN102046,2024-06-22 12:45:03,P011,CU0246,Credit Card,1,29224.34,8.0,29224.34,2.5
TXN102071,2024-06-22 17:28:48,P013,CU0116,Debit Card,2,24286.36,3.0,48572.72,4.0
TXN101109,2024-06-22 22:17:59,P007,CU0468,Cash,2,20778.6,8.0,41557.2,2.5
TXN103928,2024-06-23 20:15:08,P003,CU0192,Cash,1,49814.87,15.0,49814.87,3.5
TXN102176,2024-06-24 03:37:44,P013,CU0297,UPI,3,20342.48,10.0,61027.44,3.0
TXN102285,2024-06-24 06:59:39,P012,CU0029,UPI,1,14303.07,0.0,14303.07,3.0
TXN103663,2024-06-24 11:53:33,P004,CU0024,Debit Card,3,65968.87,0.0,197906.61,4.0
TXN102410,2024-06-24 20:24:28,P017,CU0070,Debit Card,5,11284.83,5.0,56424.15,2.5
TXN103472,2024-06-25 02:21:49,P005,CU0172,Debit Card,1,40519.05,5.0,40519.05,2.5
TXN103013,2024-06-25 02:38:23,P008,CU0060,UPI,1,51001.41,15.0,51001.41,3.5
TXN100040,2024-06-25 07:32:18,P002,CU0443,Debit Card,1,64374.86,10.0,64374.86,4.0
TXN103288,2024-06-25 19:07:14,P005,CU0273,Debit Card,1,49417.91,5.0,49417.91,5.0
TXN102645,2024-06-26 22:30:53,P016,CU0321,Cash,3,22721.37,15.0,68164.11,4.0
TXN102605,2024-06-27 02:06:09,P008,CU0064,Debit Card,2,42978.06,0.0,85956.12,3.0
TXN103219,2024-06-27 06:14:08,P001,CU0191,Cash,3,56152.49,5.0,168457.47,4.0
TXN103421,2024-06-28 05:09:57,P013,CU0473,Credit Card,2,11725.13,5.0,23450.26,4.0
TXN104433,2024-06-28 10:21:04,P012,CU0133,Cash,2,24058.29,15.0,48116.58,3.0
TXN100861,2024-06-28 15:14:39,P014,CU0149,UPI,1,15689.91,0.0,15689.91,4.0
TXN101662,2024-06-28 19:22:52,P005,CU0045,Cash,1,54756.92,0.0,54756.92,3.5
TXN101144,2024-06-28 22:05:07,P006,CU0487,UPI,2,58239.77,8.0,116479.54,4.0
TXN101875,2024-06-28 23:48:57,P006,CU0400,Debit Card,1,30764.26,0.0,30764.26,4.0
TXN103426,2024-06-29 14:17:13,P010,CU0216,Debit Card,2,17237.61,10.0,34475.22,5.0
TXN102368,2024-06-29 17:26:08,P007,CU0225,Cash,1,48029.82,0.0,48029.82,4.0
TXN101705,2024-06-30 18:14:44,P011,CU0404,Debit Card,4,32868.35,0.0,131473.4,3.0
TXN101881,2024-07-01 05:37:38,P011,CU0383,UPI,2,29267.4,0.0,58534.8,3.5
TXN103114,2024-07-02 03:23:01,P015,CU0102,UPI,3,11308.26,0.0,33924.78,3.5
TXN103094,2024-07-03 03:55:40,P017,CU0045,Cash,1,21811.87,10.0,21811.87,3.0
TXN101784,2024-07-03 09:06:20,P017,CU0183,Cash,1,21219.22,0.0,21219.22,4.0
TXN102814,2024-07-03 10:11:52,P017,CU0040,Debit Card,2,23158.38,8.0,46316.76,5.0
TXN100369,2024-07-05 10:41:16,P017,CU0012,UPI,2,13131.93,5.0,26263.86,3.5
TXN100444,2024-07-05 21:11:48,P016,CU0129,UPI,4,23340.25,0.0,93361.0,4.5
TXN101897,2024-07-06 09:16:23,P013,CU0056,Cash,1,24112.86,3.0,24112.86,3.0
TXN103022,2024-07-06 11:39:00,P012,CU0425,Credit Card,3,30756.61,0.0,92269.83,2.5
TXN104043,2024-07-06 12:14:39,P017,CU0314,Debit Card,2,19278.11,15.0,38556.22,3.0
TXN101844,2024-07-06 17:54:21,P007,CU0264,Debit Card,2,49483.32,8.0,98966.64,3.5
TXN102264,2024-07-06 20:32:34,P006,CU0190,Credit Card,1,55405.87,3.0,55405.87,4.5
TXN103127,2024-07-07 00:53:43,P015,CU0394,Cash,3,18416.03,0.0,55248.09,2.0
TXN101470,2024-07-07 07:47:07,P007,CU0004,Credit Card,1,19807.4,3.0,19807.4,3.0
TXN102505,2024-07-07 17:49:49,P013,CU0395,UPI,2,13544.13,0.0,27088.26,4.5
TXN100557,2024-07-07 17:58:07,P014,CU0101,Debit Card,1,16994.15,5.0,16994.15,5.0
TXN100761,2024-07-08 02:38:45,P002,CU0137,UPI,2,62375.01,0.0,124750.02,2.5
TXN104161,2024-07-08 04:10:50,P009,CU0357,UPI,1,22508.53,0.0,22508.53,5.0
TXN102682,2024-07-08 06:17:03,P017,CU0198,Debit Card,3,16985.75,5.0,50957.25,3.5
TXN103429,2024-07-08 09:49:59,P015,CU0004,UPI,2,23268.19,0.0,46536.38,4.0
TXN101725,2024-07-08 11:11:38,P002,CU0243,Cash,1,54159.07,10.0,54159.07,4.5
TXN100564,2024-07-10 05:34:20,P004,CU0209,UPI,1,46482.23,5.0,46482.23,3.0
TXN104149,2024-07-10 15:59:54,P014,CU0027,Credit Card,1,14685.93,0.0,14685.93,4.0
TXN101834,2024-07-10 21:58:05,P003,CU0464,Credit Card,1,59691.59,10.0,59691.59,4.5
TXN103973,2024-07-10 23:35:19,P010,CU0322,Credit Card,2,34244.55,10.0,68489.1,3.0
TXN100836,2024-07-12 01:13:45,P006,CU0409,Debit Card,2,39477.31,5.0,78954.62,3.5
TXN100021,2024-07-12 11:37:57,P010,CU0302,Credit Card,1,17747.94,5.0,17747.94,3.0
TXN102670,2024-07-12 14:00:54,P017,CU0174,UPI,1,19745.18,5.0,19745.18,3.5
TXN103375,2024-07-12 14:07:08,P003,CU0305,Cash,2,30059.26,5.0,60118.52,3.0
TXN103224,2024-07-12 14:41:35,P002,CU0369,Cash,2,44099.52,0.0,88199.04,2.5
TXN100968,2024-07-14 01:53:14,P014,CU0302,UPI,5,13021.86,3.0,65109.3,3.5
TXN100621,2024-07-14 03:13:55,P017,CU0067,UPI,5,19512.28,10.0,97561.4,3.0
TXN102834,2024-07-14 03:46:34,P017,CU0472,UPI,3,21204.85,3.0,63614.55,5.0
TXN104169,2024-07-14 06:00:32,P006,CU0405,Debit Card,1,20991.42,3.0,20991.42,3.0
TXN102519,2024-07-14 16:25:50,P003,CU0097,UPI,1,41385.94,5.0,41385.94,3.0
TXN100139,2024-07-15 00:14:17,P012,CU0489,UPI,1,24087.86,10.0,24087.86,3.5
TXN104121,2024-07-15 02:43:17,P006,CU0338,Credit Card,2,24154.08,10.0,48308.16,3.0
TXN103809,2024-07-15 08:24:51,P014,CU0355,Debit Card,1,26350.83,0.0,26350.83,3.5
TXN104049,2024-07-15 17:50:57,P014,CU0043,Debit Card,2,18919.31,15.0,37838.62,5.0
TXN104099,2024-07-15 21:57:37,P013,CU0074,Credit Card,4,22211.03,3.0,88844.12,4.0
TXN104345,2024-07-16 00:35:57,P009,CU0464,Credit Card,2,37733.89,15.0,75467.78,3.5
TXN101866,2024-07-16 14:20:40,P003,CU0224,Credit Card,1,34288.63,5.0,34288.63,5.0
TXN100786,2024-07-16 23:18:21,P012,CU0349,UPI,1,27507.22,8.0,27507.22,3.5
TXN102053,2024-07-16 23:19:11,P009,CU0411,Cash,3,18818.71,5.0,56456.13,3.5
TXN103506,2024-07-17 00:21:25,P001,CU0450,Credit Card,3,32126.11,8.0,96378.33,3.5
TXN102905,2024-07-17 08:09:43,P004,CU0165,UPI,1,31865.18,8.0,31865.18,2.5
TXN104456,2024-07-17 15:03:13,P002,CU0177,Debit Card,1,66365.64,5.0,66365.64,1.5
TXN102462,2024-07-17 16:35:57,P012,CU0011,Cash,2,29649.54,0.0,59299.08,4.0
TXN102443,2024-07-17 18:31:26,P013,CU0247,Cash,3,19745.74,0.0,59237.22,3.5
TXN103733,2024-07-17 23:27:08,P006,CU0352,Debit Card,2,52759.69,5.0,105519.38,4.0
TXN102593,2024-07-18 06:28:51,P001,CU0239,UPI,2,59450.88,0.0,118901.76,4.5
TXN103357,2024-07-18 07:45:44,P012,CU0387,Debit Card,1,18675.39,0.0,18675.39,2.5
TXN102270,2024-07-18 10:54:54,P005,CU0036,Cash,1,54716.06,8.0,54716.06,4.0
TXN102899,2024-07-18 21:21:14,P016,CU0079,Debit Card,4,18053.22,0.0,72212.88,3.0
TXN104267,2024-07-18 22:27:22,P009,CU0161,Cash,3,42694.17,5.0,128082.51,4.0
TXN104366,2024-07-19 02:33:27,P010,CU0453,Debit Card,1,30072.57,3.0,30072.57,4.5
TXN102932,2024-07-19 07:54:22,P007,CU0470,Credit Card,3,58588.0,3.0,175764.0,3.0
TXN100845,2024-07-19 14:00:13,P013,CU0407,Credit Card,1,30330.68,0.0,30330.68,5.0
TXN102704,2024-07-20 01:32:58,P017,CU0128,Credit Card,1,16666.25,0.0,16666.25,3.5
TXN101013,2024-07-20 18:55:12,P001,CU0273,Debit Card,1,36821.13,3.0,36821.13,4.0
TXN101946,2024-07-20 23:28:40,P012,CU0397,Cash,1,32109.32,5.0,32109.32,4.0
TXN103817,2024-07-21 06:07:01,P001,CU0351,UPI,1,53338.34,15.0,53338.34,2.0
TXN101159,2024-07-21 08:26:08,P017,CU0495,UPI,1,13410.11,5.0,13410.11,4.0
TXN103832,2024-07-21 22:31:55,P016,CU0403,UPI,1,10551.56,0.0,10551.56,3.0
TXN100325,2024-07-23 14:14:35,P006,CU0328,UPI,1,22779.73,8.0,22779.73,3.0
TXN101073,2024-07-23 21:19:45,P011,CU0215,UPI,2,44368.92,3.0,88737.84,3.5
TXN100306,2024-07-24 01:03:40,P017,CU0489,Debit Card,2,19644.31,15.0,39288.62,4.0
TXN104249,2024-07-24 03:46:42,P010,CU0393,Credit Card,5,38418.8,5.0,192094.0,3.0
TXN101250,2024-07-24 14:17:07,P015,CU0021,UPI,4,17225.77,5.0,68903.08,3.5
TXN103477,2024-07-24 18:00:50,P001,CU0394,Cash,1,43549.64,0.0,43549.64,4.0
TXN101458,2024-07-25 01:51:48,P001,CU0218,UPI,2,30837.01,5.0,61674.02,3.5
TXN100339,2024-07-25 06:42:16,P006,CU0256,Debit Card,1,62455.35,0.0,62455.35,4.0
TXN103143,2024-07-25 12:11:11,P011,CU0161,UPI,2,20336.06,5.0,40672.12,2.5
TXN101075,2024-07-25 21:45:58,P004,CU0247,Cash,1,61917.64,5.0,61917.64,3.5
TXN100003,2024-07-25 22:39:01,P009,CU0367,Credit Card,3,26169.87,0.0,78509.61,5.0
TXN102845,2024-07-26 02:51:50,P016,CU0004,Debit Card,1,18809.84,0.0,18809.84,2.5
TXN104204,2024-07-26 22:15:26,P003,CU0117,Cash,2,70623.97,3.0,141247.94,3.5
TXN102634,2024-07-27 08:53:15,P004,CU0275,UPI,3,63198.02,0.0,189594.06,4.0
TXN100837,2024-07-27 11:06:37,P010,CU0465,Credit Card,1,42405.73,15.0,42405.73,4.5
TXN101775,2024-07-27 11:06:45,P001,CU0292,Debit Card,2,64529.46,5.0,129058.92,4.5
TXN100614,2024-07-28 02:18:31,P010,CU0346,Debit Card,1,35827.04,0.0,35827.04,4.0
TXN104171,2024-07-28 12:31:42,P004,CU0428,UPI,1,28101.57,15.0,28101.57,4.5
TXN104318,2024-07-28 15:19:43,P007,CU0271,Debit Card,2,51334.05,8.0,102668.1,4.5
TXN100674,2024-07-29 10:28:26,P005,CU0128,Cash,2,20621.84,8.0,41243.68,5.0
TXN102847,2024-07-29 13:26:50,P016,CU0173,Cash,3,12753.25,0.0,38259.75,3.5
TXN102706,2024-07-29 19:09:08,P016,CU0367,Credit Card,1,18958.07,8.0,18958.07,4.5
TXN104293,2024-07-30 02:25:44,P006,CU0215,UPI,1,36872.33,3.0,36872.33,3.5
TXN102269,2024-07-30 16:34:51,P001,CU0054,Credit Card,1,59451.2,10.0,59451.2,3.5
TXN101403,2024-07-31 02:55:31,P013,CU0491,UPI,1,21382.13,8.0,21382.13,3.5
TXN103513,2024-07-31 07:39:49,P014,CU0270,Cash,1,18178.72,0.0,18178.72,4.5
TXN102470,2024-07-31 10:02:59,P007,CU0038,UPI,1,20957.95,15.0,20957.95,3.5
TXN101232,2024-07-31 10:09:31,P016,CU0113,Cash,4,23729.65,5.0,94918.6,4.0
TXN103737,2024-07-31 10:11:34,P001,CU0383,Cash,2,52228.65,0.0,104457.3,4.0
TXN104311,2024-07-31 11:00:22,P001,CU0410,Debit Card,1,73393.89,0.0,73393.89,3.5
TXN104370,2024-07-31 14:45:01,P010,CU0453,Cash,2,46520.95,0.0,93041.9,3.5
TXN102209,2024-08-01 03:01:15,P015,CU0332,UPI,1,19380.9,5.0,19380.9,3.5
TXN102357,2024-08-01 03:04:28,P010,CU0389,Credit Card,3,32549.76,0.0,97649.28,4.5
TXN102479,2024-08-01 05:31:59,P011,CU0320,Cash,2,35632.0,10.0,71264.0,4.5
TXN101549,2024-08-01 07:24:43,P014,CU0134,Cash,1,28605.66,5.0,28605.66,5.0
TXN101459,2024-08-01 08:55:03,P003,CU0328,Cash,4,49865.35,5.0,199461.4,4.0
TXN101218,2024-08-01 14:35:04,P011,CU0182,Debit Card,2,35743.89,0.0,71487.78,5.0
TXN100902,2024-08-01 22:44:14,P005,CU0348,Credit Card,1,24936.53,0.0,24936.53,4.0
TXN101959,2024-08-01 23:15:43,P010,CU0406,Credit Card,1,24568.93,0.0,24568.93,4.5
TXN100573,2024-08-02 00:34:57,P012,CU0347,UPI,2,21243.16,0.0,42486.32,5.0
TXN100780,2024-08-02 11:33:37,P005,CU0040,Credit Card,5,44093.46,3.0,220467.3,4.0
TXN100008,2024-08-03 07:46:12,P002,CU0492,Debit Card,1,69344.33,5.0,69344.33,5.0
TXN100803,2024-08-03 10:05:51,P006,CU0312,UPI,4,25883.39,8.0,103533.56,4.5
TXN100287,2024-08-03 14:05:02,P006,CU0353,UPI,1,32246.04,5.0,32246.04,3.5
TXN101006,2024-08-03 14:49:37,P002,CU0201,Debit Card,3,62171.98,3.0,186515.94,3.5
TXN101699,2024-08-03 21:03:12,P009,CU0026,UPI,1,26945.24,3.0,26945.24,5.0
TXN103414,2024-08-04 07:07:09,P011,CU0465,Credit Card,1,26980.59,15.0,26980.59,4.5
TXN103252,2024-08-04 07:23:35,P017,CU0348,UPI,1,12811.99,3.0,12811.99,3.0
TXN103967,2024-08-04 10:07:59,P010,CU0320,Cash,1,37712.35,0.0,37712.35,2.5
TXN103546,2024-08-04 18:52:00,P008,CU0052,UPI,1,48897.99,8.0,48897.99,5.0
TXN102633,2024-08-04 19:38:30,P010,CU0432,UPI,3,35554.13,8.0,106662.39,3.0
TXN101450,2024-08-04 21:53:16,P003,CU0207,Cash,1,46651.73,0.0,46651.73,1.5
TXN104223,2024-08-05 03:21:23,P017,CU0348,Cash,2,15913.45,15.0,31826.9,4.0
TXN103891,2024-08-05 08:22:45,P004,CU0142,Debit Card,2,54642.72,10.0,109285.44,3.0
TXN102370,2024-08-05 08:50:21,P003,CU0368,Credit Card,2,69501.03,3.0,139002.06,3.0
TXN101554,2024-08-05 12:28:06,P007,CU0428,Cash,1,40743.24,5.0,40743.24,3.0
TXN102242,2024-08-06 02:21:32,P006,CU0091,Cash,1,33455.39,0.0,33455.39,3.5
TXN103049,2024-08-06 04:07:49,P007,CU0362,Credit Card,1,49117.48,15.0,49117.48,4.5
TXN101140,2024-08-07 06:31:56,P003,CU0015,Cash,2,34434.24,10.0,68868.48,4.5
TXN101297,2024-08-07 08:50:15,P010,CU0414,Debit Card,3,39054.21,0.0,117162.63,5.0
TXN100962,2024-08-07 09:50:57,P016,CU0074,Credit Card,2,18788.06,5.0,37576.12,4.0
TXN101489,2024-08-07 15:34:35,P010,CU0472,UPI,1,42892.0,0.0,42892.0,4.0
TXN102019,2024-08-07 16:26:18,P015,CU0431,UPI,1,14547.66,3.0,14547.66,4.0
TXN102741,2024-08-08 02:51:07,P004,CU0275,Credit Card,3,54517.28,0.0,163551.84,4.0
TXN103682,2024-08-08 12:28:55,P017,CU0424,UPI,1,12138.72,3.0,12138.72,5.0
TXN104431,2024-08-08 13:20:14,P005,CU0244,Debit Card,4,57483.0,5.0,229932.0,4.5
TXN101778,2024-08-09 00:17:37,P012,CU0293,Credit Card,1,21197.89,0.0,21197.89,3.5
TXN103687,2024-08-09 04:17:17,P004,CU0101,UPI,2,70111.59,5.0,140223.18,3.5
TXN103644,2024-08-09 20:29:04,P007,CU0218,Debit Card,2,41544.75,0.0,83089.5,4.5
TXN103919,2024-08-10 17:00:46,P007,CU0487,Credit Card,2,52831.03,0.0,105662.06,4.5
TXN103988,2024-08-11 04:15:03,P001,CU0334,Cash,1,33475.24,15.0,33475.24,5.0
TXN100079,2024-08-11 07:07:10,P007,CU0135,Debit Card,3,56244.45,5.0,168733.35,4.0
TXN100381,2024-08-11 14:13:30,P009,CU0016,Debit Card,1,28336.24,0.0,28336.24,2.5
TXN100566,2024-08-11 14:41:02,P011,CU0459,UPI,1,47196.76,5.0,47196.76,5.0
TXN104023,2024-08-12 03:35:29,P008,CU0219,UPI,3,61501.79,5.0,184505.37,4.0
TXN104399,2024-08-12 16:12:44,P006,CU0111,Debit Card,2,27941.01,10.0,55882.02,3.5
TXN103701,2024-08-13 01:04:55,P016,CU0389,UPI,3,24429.84,8.0,73289.52,3.0
TXN101266,2024-08-13 09:51:54,P007,CU0095,UPI,1,36928.4,3.0,36928.4,3.0
TXN102424,2024-08-13 13:33:48,P012,CU0194,Cash,4,14498.85,0.0,57995.4,4.0
TXN101792,2024-08-13 20:29:47,P006,CU0334,Debit Card,5,29695.62,0.0,148478.1,3.5
TXN103603,2024-08-14 01:52:19,P001,CU0185,UPI,2,49084.44,0.0,98168.88,2.5
TXN100760,2024-08-15 06:40:22,P001,CU0064,Credit Card,1,49257.72,0.0,49257.72,3.5
TXN102191,2024-08-15 11:57:59,P003,CU0387,Credit Card,2,68151.57,3.0,136303.14,3.0
TXN102812,2024-08-15 13:27:08,P015,CU0456,Credit Card,1,11586.0,3.0,11586.0,4.0
TXN100530,2024-08-16 01:25:08,P005,CU0147,Credit Card,2,33862.13,5.0,67724.26,4.0
TXN100833,2024-08-16 01:44:34,P006,CU0443,Cash,3,23274.65,3.0,69823.95,3.0
TXN102775,2024-08-16 04:38:24,P007,CU0300,Credit Card,1,28187.16,5.0,28187.16,3.0
TXN101541,2024-08-16 10:39:13,P014,CU0244,Credit Card,1,18123.44,0.0,18123.44,4.0
TXN100818,2024-08-16 12:29:12,P011,CU0080,Credit Card,1,24152.52,0.0,24152.52,5.0
TXN103729,2024-08-16 18:40:07,P017,CU0382,Cash,3,19121.83,8.0,57365.49,3.5
TXN103157,2024-08-17 07:06:20,P016,CU0016,Credit Card,1,11906.53,8.0,11906.53,4.0
TXN100643,2024-08-17 13:55:50,P001,CU0290,Credit Card,4,68162.79,3.0,272651.16,4.0
TXN102708,2024-08-17 21:09:16,P004,CU0196,Credit Card,3,35024.89,8.0,105074.67,4.5
TXN101745,2024-08-18 04:33:12,P011,CU0103,Credit Card,2,30544.64,5.0,61089.28,3.0
TXN103651,2024-08-18 06:27:15,P013,CU0266,Credit Card,3,18749.17,3.0,56247.51,2.5
TXN102458,2024-08-18 11:02:35,P002,CU0476,UPI,1,59974.26,0.0,59974.26,3.5
TXN103968,2024-08-19 04:10:08,P011,CU0302,UPI,2,26698.0,3.0,53396.0,5.0
TXN100184,2024-08-20 01:59:47,P013,CU0462,Credit Card,4,11304.16,8.0,45216.64,4.5
TXN102499,2024-08-20 05:04:55,P010,CU0273,Debit Card,5,45318.8,5.0,226594.0,4.0
TXN100153,2024-08-20 21:37:30,P010,CU0452,Credit Card,3,21325.32,0.0,63975.96,4.0
TXN103291,2024-08-20 22:56:29,P012,CU0360,Debit Card,1,23773.96,0.0,23773.96,3.5
TXN101740,2024-08-21 04:56:08,P015,CU0167,Debit Card,1,20337.6,10.0,20337.6,4.0
TXN101005,2024-08-21 20:01:30,P011,CU0140,Credit Card,1,28453.8,10.0,28453.8,4.0
TXN101358,2024-08-22 06:27:16,P005,CU0141,Debit Card,3,25178.57,3.0,75535.71,2.5
TXN102588,2024-08-22 09:45:11,P007,CU0289,Cash,3,58473.93,5.0,175421.79,3.5
TXN101504,2024-08-22 21:42:36,P016,CU0403,Cash,4,12301.69,3.0,49206.76,3.5
TXN102571,2024-08-23 03:26:35,P005,CU0116,Cash,5,27347.98,5.0,136739.9,4.0
TXN103553,2024-08-23 22:32:09,P007,CU0429,Credit Card,1,41434.08,8.0,41434.08,4.0
TXN104133,2024-08-23 23:32:50,P008,CU0123,Debit Card,2,49854.58,3.0,99709.16,3.5
TXN103774,2024-08-24 13:55:35,P013,CU0169,Debit Card,1,13644.4,0.0,13644.4,5.0
TXN100143,2024-08-24 14:05:06,P003,CU0475,Cash,1,32547.85,0.0,32547.85,3.5
TXN104475,2024-08-24 20:41:14,P005,CU0091,UPI,2,40504.31,0.0,81008.62,3.5
TXN102445,2024-08-25 18:13:02,P008,CU0364,Debit Card,1,48696.42,3.0,48696.42,3.5
TXN101375,2024-08-25 18:36:02,P006,CU0207,Debit Card,4,48671.98,8.0,194687.92,2.5
TXN102971,2024-08-25 23:12:30,P011,CU0375,Cash,1,42676.13,5.0,42676.13,1.5
TXN104178,2024-08-26 16:11:18,P014,CU0500,Debit Card,2,32227.15,3.0,64454.3,4.5
TXN103075,2024-08-26 16:19:36,P011,CU0281,Credit Card,2,40898.84,0.0,81797.68,3.5
TXN103577,2024-08-27 08:48:49,P014,CU0203,Debit Card,1,20805.73,8.0,20805.73,4.0
TXN101019,2024-08-27 12:58:08,P012,CU0294,Cash,2,22192.98,0.0,44385.96,3.5
TXN101416,2024-08-27 13:50:25,P016,CU0422,Credit Card,2,14875.21,0.0,29750.42,4.0
TXN102987,2024-08-27 17:58:29,P012,CU0183,Debit Card,4,28984.39,8.0,115937.56,5.0
TXN101514,2024-08-28 23:55:02,P011,CU0302,UPI,4,27440.66,5.0,109762.64,3.0
TXN100279,2024-08-29 02:10:16,P008,CU0187,Credit Card,3,60800.6,3.0,182401.8,4.0
TXN100002,2024-08-29 05:04:36,P007,CU0285,Cash,1,24117.22,8.0,24117.22,3.5
TXN102026,2024-08-30 01:06:48,P010,CU0148,Debit Card,2,39326.37,5.0,78652.74,4.5
TXN102610,2024-09-01 21:05:08,P005,CU0101,Debit Card,2,30681.42,10.0,61362.84,2.5
TXN101398,2024-09-02 04:10:27,P014,CU0470,Cash,2,16666.11,3.0,33332.22,3.0
TXN101377,2024-09-02 05:33:03,P007,CU0312,UPI,2,55694.01,5.0,111388.02,2.0
TXN101394,2024-09-02 16:59:35,P007,CU0389,Credit Card,4,23270.5,5.0,93082.0,4.5
TXN102698,2024-09-02 20:23:51,P005,CU0088,UPI,2,63655.98,0.0,127311.96,3.5
TXN104491,2024-09-02 21:59:27,P007,CU0397,Credit Card,3,49312.92,0.0,147938.76,4.5
TXN101616,2024-09-03 01:28:13,P005,CU0318,UPI,1,18417.54,0.0,18417.54,5.0
TXN102379,2024-09-03 10:19:51,P016,CU0413,Cash,2,16985.66,8.0,33971.32,4.5
TXN101529,2024-09-03 23:41:31,P009,CU0333,UPI,5,18757.1,8.0,93785.5,3.5
TXN102997,2024-09-04 03:38:26,P016,CU0487,Debit Card,3,26326.25,3.0,78978.75,3.0
TXN102355,2024-09-04 04:23:33,P013,CU0337,Debit Card,5,32464.31,5.0,162321.55,4.0
TXN101611,2024-09-04 17:10:17,P001,CU0060,Credit Card,1,55181.96,10.0,55181.96,4.0
TXN104322,2024-09-05 05:37:11,P006,CU0180,Debit Card,2,22664.02,8.0,45328.04,2.5
TXN100706,2024-09-05 06:41:54,P002,CU0456,Cash,3,45532.3,0.0,136596.9,3.0
TXN102856,2024-09-06 09:34:43,P003,CU0413,Cash,3,38854.6,5.0,116563.8,4.0
TXN100791,2024-09-06 09:59:56,P005,CU0328,Debit Card,1,15405.04,15.0,15405.04,3.5
TXN102328,2024-09-06 10:34:38,P010,CU0427,Credit Card,3,25447.46,0.0,76342.38,5.0
TXN100891,2024-09-06 14:11:59,P002,CU0126,Debit Card,1,35359.38,0.0,35359.38,3.5
TXN100299,2024-09-06 14:34:31,P005,CU0351,UPI,1,38169.2,3.0,38169.2,4.0
TXN104478,2024-09-06 19:26:15,P001,CU0138,Credit Card,5,64497.01,3.0,322485.05,4.0
TXN104497,2024-09-06 22:09:12,P003,CU0420,Credit Card,1,38083.46,8.0,38083.46,4.5
TXN102843,2024-09-07 11:11:06,P002,CU0374,UPI,1,35667.84,5.0,35667.84,2.5
TXN104103,2024-09-07 20:09:13,P003,CU0058,UPI,2,39377.74,5.0,78755.48,2.5
TXN103159,2024-09-08 23:07:29,P014,CU0168,UPI,3,17745.52,0.0,53236.56,4.0
TXN103214,2024-09-09 04:31:06,P005,CU0265,Debit Card,3,38481.55,0.0,115444.65,5.0
TXN104019,2024-09-09 06:59:24,P012,CU0037,UPI,1,28140.04,3.0,28140.04,4.5
TXN102409,2024-09-09 14:04:21,P007,CU0239,Cash,1,17520.06,3.0,17520.06,5.0
TXN104172,2024-09-09 17:45:22,P005,CU0007,Debit Card,2,61014.13,0.0,122028.26,4.5
TXN103230,2024-09-10 00:54:25,P002,CU0203,Credit Card,1,40455.32,3.0,40455.32,4.5
TXN101106,2024-09-10 01:29:58,P003,CU0377,Credit Card,2,60735.55,8.0,121471.1,2.0
TXN103521,2024-09-10 21:56:29,P009,CU0493,Debit Card,1,19862.64,10.0,19862.64,3.5
TXN102690,2024-09-11 00:15:52,P008,CU0010,Cash,1,49518.54,5.0,49518.54,2.0
TXN100631,2024-09-11 11:24:59,P001,CU0160,Debit Card,1,47280.39,5.0,47280.39,4.5
TXN101982,2024-09-11 15:40:30,P009,CU0270,UPI,3,44342.45,10.0,133027.35,3.5
TXN101601,2024-09-12 02:38:21,P016,CU0353,Cash,1,13732.8,5.0,13732.8,4.5
TXN100239,2024-09-12 09:03:27,P012,CU0423,Credit Card,2,16270.61,5.0,32541.22,2.5
TXN100242,2024-09-12 19:50:51,P013,CU0162,Cash,1,30196.69,5.0,30196.69,3.5
TXN101581,2024-09-12 23:35:36,P006,CU0372,Credit Card,2,44204.71,8.0,88409.42,3.0
TXN100553,2024-09-13 12:13:41,P006,CU0101,Cash,1,35379.31,5.0,35379.31,5.0
TXN100227,2024-09-13 18:04:50,P008,CU0208,Credit Card,3,46649.06,0.0,139947.18,5.0
TXN102086,2024-09-15 00:16:42,P011,CU0486,Cash,1,31191.63,8.0,31191.63,3.0
TXN103161,2024-09-15 16:27:22,P010,CU0234,Credit Card,1,29731.18,0.0,29731.18,4.0
TXN101301,2024-09-16 00:55:19,P004,CU0257,Debit Card,2,67978.84,3.0,135957.68,4.0
TXN103345,2024-09-16 11:11:47,P006,CU0013,Debit Card,2,34192.12,10.0,68384.24,4.0
TXN101586,2024-09-16 11:53:11,P017,CU0373,Credit Card,1,23161.9,0.0,23161.9,4.5
TXN101605,2024-09-17 02:40:20,P014,CU0110,UPI,1,30859.93,10.0,30859.93,5.0
TXN102300,2024-09-17 03:17:51,P017,CU0151,Credit Card,1,22521.51,0.0,22521.51,4.0
TXN102156,2024-09-17 09:26:33,P015,CU0141,Debit Card,1,24787.81,0.0,24787.81,3.0
TXN103341,2024-09-18 06:20:40,P014,CU0086,UPI,2,13434.98,15.0,26869.96,3.0
TXN100450,2024-09-18 11:41:24,P009,CU0476,Credit Card,5,38106.31,5.0,190531.55,4.5
TXN102319,2024-09-18 13:35:07,P005,CU0213,Debit Card,2,50408.83,0.0,100817.66,4.5
TXN102383,2024-09-18 16:31:48,P004,CU0164,UPI,2,58860.23,0.0,117720.46,3.5
TXN101175,2024-09-19 03:19:19,P003,CU0087,UPI,2,45908.41,0.0,91816.82,5.0
TXN102017,2024-09-19 12:19:48,P013,CU0474,UPI,1,30873.26,0.0,30873.26,3.0
TXN102771,2024-09-19 15:41:02,P015,CU0077,Debit Card,1,15988.84,0.0,15988.84,3.5
TXN103615,2024-09-20 05:13:52,P001,CU0465,UPI,1,37183.65,5.0,37183.65,5.0
TXN103352,2024-09-20 13:18:45,P010,CU0057,UPI,1,17916.3,15.0,17916.3,4.0
TXN100999,2024-09-20 17:53:27,P008,CU0477,Debit Card,5,51089.51,0.0,255447.55,1.5
TXN100026,2024-09-21 03:22:15,P011,CU0336,Cash,1,26708.23,8.0,26708.23,4.0
TXN102068,2024-09-21 05:54:23,P008,CU0010,UPI,3,47662.21,8.0,142986.63,2.5
TXN103463,2024-09-21 10:39:30,P004,CU0397,Debit Card,2,30981.7,5.0,61963.4,5.0
TXN101171,2024-09-21 15:58:58,P005,CU0410,Credit Card,1,40094.69,0.0,40094.69,4.5
TXN102826,2024-09-21 21:59:59,P014,CU0374,Debit Card,1,22139.47,0.0,22139.47,2.0
TXN101420,2024-09-21 22:56:23,P008,CU0355,Credit Card,4,64550.94,0.0,258203.76,3.5
TXN103074,2024-09-22 01:06:50,P013,CU0165,Credit Card,2,23710.65,5.0,47421.3,3.0
TXN102329,2024-09-22 06:56:53,P007,CU0038,Debit Card,3,42370.42,10.0,127111.26,4.0
TXN102158,2024-09-23 10:28:45,P015,CU0005,Debit Card,2,19965.19,0.0,39930.38,4.0
TXN103309,2024-09-23 14:20:29,P013,CU0236,UPI,5,27139.32,15.0,135696.6,4.5
TXN104153,2024-09-23 22:31:54,P017,CU0073,Credit Card,2,26584.2,0.0,53168.4,4.0
TXN104122,2024-09-24 12:41:10,P013,CU0107,UPI,2,24093.05,8.0,48186.1,3.0
TXN103129,2024-09-24 22:50:14,P007,CU0098,UPI,5,20751.64,0.0,103758.2,3.0
TXN101283,2024-09-24 23:38:59,P007,CU0130,Cash,1,47231.77,3.0,47231.77,4.0
TXN100290,2024-09-25 07:12:19,P003,CU0042,Debit Card,1,39951.7,0.0,39951.7,1.5
TXN104181,2024-09-25 11:35:27,P010,CU0363,Credit Card,3,19507.7,0.0,58523.1,2.5
TXN101278,2024-09-25 15:59:00,P011,CU0158,Debit Card,1,25716.89,8.0,25716.89,3.5
TXN100324,2024-09-25 17:48:54,P017,CU0453,UPI,2,20668.64,5.0,41337.28,3.5
TXN101715,2024-09-25 18:19:43,P012,CU0058,Credit Card,1,17276.89,3.0,17276.89,5.0
TXN101639,2024-09-26 06:17:28,P001,CU0215,UPI,2,61359.43,3.0,122718.86,2.5
TXN102543,2024-09-26 12:49:21,P010,CU0485,Cash,3,33943.5,5.0,101830.5,5.0
TXN100529,2024-09-27 11:08:40,P009,CU0318,Credit Card,1,35885.04,0.0,35885.04,3.5
TXN104026,2024-09-27 15:32:16,P005,CU0009,Credit Card,1,47413.75,0.0,47413.75,3.0
TXN100028,2024-09-27 16:38:41,P014,CU0239,Cash,2,14006.29,15.0,28012.58,2.5
TXN103665,2024-09-28 01:36:06,P014,CU0190,UPI,1,33457.84,3.0,33457.84,3.0
TXN102119,2024-09-28 02:06:00,P003,CU0438,Credit Card,3,42670.13,0.0,128010.39,4.5
TXN102991,2024-09-28 03:59:19,P001,CU0467,UPI,1,43326.97,5.0,43326.97,3.5
TXN102617,2024-09-28 10:14:21,P011,CU0455,UPI,1,20801.23,8.0,20801.23,4.5
TXN102376,2024-09-29 00:54:51,P011,CU0084,Credit Card,2,46969.66,0.0,93939.32,3.0
TXN100705,2024-09-29 09:38:49,P004,CU0291,Debit Card,1,33307.14,10.0,33307.14,4.0
TXN100142,2024-09-29 12:22:30,P008,CU0066,UPI,2,33343.03,8.0,66686.06,2.5
TXN102559,2024-09-29 15:21:27,P001,CU0119,Credit Card,3,66101.73,8.0,198305.19,4.5
TXN101636,2024-09-29 15:41:24,P015,CU0372,UPI,2,26285.25,3.0,52570.5,3.5
TXN104237,2024-09-30 03:23:42,P004,CU0298,Cash,1,61932.8,15.0,61932.8,4.0
TXN102389,2024-09-30 08:51:53,P005,CU0397,Debit Card,2,37808.97,0.0,75617.94,4.0
TXN103857,2024-09-30 10:42:44,P004,CU0345,UPI,3,74426.45,0.0,223279.35,2.5
TXN103605,2024-09-30 14:05:45,P013,CU0123,UPI,2,23966.86,0.0,47933.72,3.0
TXN103307,2024-09-30 20:18:41,P015,CU0487,UPI,2,14976.08,5.0,29952.16,3.5
TXN102081,2024-10-01 02:05:35,P007,CU0092,UPI,5,35681.09,0.0,178405.45,4.5
TXN100230,2024-10-01 07:32:05,P016,CU0438,UPI,2,13444.37,0.0,26888.74,3.5
TXN104127,2024-10-01 10:27:29,P013,CU0313,Cash,4,20664.15,8.0,82656.6,4.0
TXN104474,2024-10-01 13:09:45,P011,CU0219,Credit Card,1,44472.38,0.0,44472.38,4.5
TXN100542,2024-10-01 16:28:41,P009,CU0124,Credit Card,2,31804.45,0.0,63608.9,4.5
TXN102929,2024-10-01 16:51:02,P003,CU0185,Credit Card,4,37805.03,3.0,151220.12,4.0
TXN102403,2024-10-01 21:56:39,P002,CU0275,Debit Card,3,69682.5,0.0,209047.5,3.5
TXN100574,2024-10-02 15:35:46,P005,CU0459,UPI,1,36714.93,3.0,36714.93,4.0
TXN101302,2024-10-03 17:36:29,P007,CU0111,UPI,1,43376.37,8.0,43376.37,2.5
TXN102872,2024-10-04 11:14:40,P005,CU0471,UPI,1,36519.83,3.0,36519.83,4.0
TXN102097,2024-10-04 14:19:52,P002,CU0372,Cash,1,53805.48,0.0,53805.48,3.5
TXN102760,2024-10-04 22:56:03,P016,CU0074,UPI,2,20152.17,5.0,40304.34,3.0
TXN104442,2024-10-05 14:50:28,P004,CU0424,UPI,3,36801.51,5.0,110404.53,1.5
TXN103743,2024-10-05 18:03:04,P001,CU0043,UPI,1,35045.86,8.0,35045.86,5.0
TXN101981,2024-10-05 23:35:16,P007,CU0104,Credit Card,2,48426.23,5.0,96852.46,3.0
TXN100212,2024-10-06 16:23:12,P003,CU0345,UPI,1,49765.06,5.0,49765.06,4.5
TXN102454,2024-10-07 02:16:07,P015,CU0338,Cash,1,14814.25,3.0,14814.25,3.5
TXN100571,2024-10-07 03:48:58,P011,CU0483,Credit Card,1,25980.11,0.0,25980.11,4.5
TXN100260,2024-10-07 06:20:15,P012,CU0248,Credit Card,1,22552.38,0.0,22552.38,4.5
TXN103338,2024-10-07 09:54:12,P003,CU0361,Credit Card,1,35472.0,10.0,35472.0,3.0
TXN101562,2024-10-07 18:17:29,P005,CU0033,UPI,2,46945.48,5.0,93890.96,2.0
TXN103751,2024-10-07 18:45:31,P008,CU0109,Debit Card,1,41156.93,5.0,41156.93,3.0
TXN104159,2024-10-08 11:24:10,P002,CU0037,UPI,1,37774.1,8.0,37774.1,4.5
TXN100733,2024-10-08 13:06:09,P002,CU0009,Credit Card,1,71004.47,5.0,71004.47,3.0
TXN102260,2024-10-08 14:10:22,P007,CU0118,Cash,2,26692.25,3.0,53384.5,2.5
TXN103689,2024-10-08 16:16:05,P007,CU0316,UPI,2,25552.45,0.0,51104.9,3.5
TXN100096,2024-10-09 14:14:23,P006,CU0142,Cash,3,52814.47,10.0,158443.41,3.0
TXN102435,2024-10-10 13:30:34,P003,CU0029,UPI,3,61421.8,0.0,184265.4,3.5
TXN101434,2024-10-11 00:09:00,P009,CU0082,Debit Card,1,28586.02,0.0,28586.02,2.5
TXN102178,2024-10-11 14:02:07,P007,CU0482,Debit Card,4,38857.76,5.0,155431.04,1.5
TXN102318,2024-10-11 17:05:32,P012,CU0422,UPI,1,24541.84,3.0,24541.84,5.0
TXN103852,2024-10-12 06:37:25,P016,CU0274,Cash,1,26420.18,10.0,26420.18,3.5
TXN101336,2024-10-12 08:18:22,P008,CU0450,Debit Card,2,50959.86,0.0,101919.72,4.5
TXN102172,2024-10-12 15:04:32,P002,CU0242,UPI,5,38217.81,5.0,191089.05,4.5
TXN101256,2024-10-12 20:27:16,P009,CU0107,UPI,1,19494.56,0.0,19494.56,4.0
TXN101622,2024-10-13 09:09:25,P008,CU0150,UPI,2,20203.63,0.0,40407.26,3.0
TXN104429,2024-10-13 12:58:22,P011,CU0001,UPI,3,25273.88,0.0,75821.64,4.0
TXN102422,2024-10-13 17:04:00,P012,CU0235,Credit Card,1,14403.6,15.0,14403.6,3.0
TXN101388,2024-10-14 05:57:09,P014,CU0423,UPI,1,30247.23,0.0,30247.23,3.5
TXN103859,2024-10-14 07:23:38,P015,CU0417,Cash,1,27631.38,0.0,27631.38,2.0
TXN103328,2024-10-14 19:49:20,P001,CU0196,Credit Card,2,67928.39,0.0,135856.78,3.5
TXN100715,2024-10-15 00:22:43,P013,CU0122,Cash,3,27995.58,3.0,83986.74,4.0
TXN102298,2024-10-15 12:28:40,P016,CU0007,Credit Card,1,29145.64,0.0,29145.64,3.0
TXN102413,2024-10-15 14:30:08,P013,CU0065,Cash,1,25786.72,0.0,25786.72,4.5
TXN101378,2024-10-15 17:21:56,P004,CU0209,Cash,1,40431.48,3.0,40431.48,3.0
TXN102684,2024-10-16 02:06:46,P002,CU0178,Credit Card,5,34119.9,15.0,170599.5,4.0
TXN100881,2024-10-16 22:17:49,P016,CU0084,UPI,3,25145.52,8.0,75436.56,3.0
TXN104056,2024-10-16 23:05:18,P007,CU0266,Debit Card,2,54048.82,0.0,108097.64,2.0
TXN101849,2024-10-17 08:08:39,P016,CU0172,UPI,3,19152.97,3.0,57458.91,3.5
TXN103801,2024-10-17 14:19:48,P013,CU0333,Debit Card,4,34724.57,0.0,138898.28,5.0
TXN101717,2024-10-17 16:07:51,P010,CU0448,UPI,1,20212.04,3.0,20212.04,4.0
TXN104264,2024-10-18 01:57:14,P003,CU0345,Cash,3,50927.14,15.0,152781.42,4.5
TXN101485,2024-10-19 03:05:24,P017,CU0498,Cash,1,12327.63,5.0,12327.63,4.5
TXN100755,2024-10-19 05:02:31,P011,CU0389,Debit Card,1,26703.04,3.0,26703.04,3.5
TXN103123,2024-10-19 15:16:18,P002,CU0459,UPI,1,55490.83,0.0,55490.83,4.5
TXN101830,2024-10-20 16:52:04,P004,CU0147,Credit Card,1,49227.15,0.0,49227.15,1.0
TXN104343,2024-10-21 10:42:15,P005,CU0484,UPI,2,19884.49,0.0,39768.98,2.0
TXN104218,2024-10-21 17:03:26,P002,CU0101,UPI,1,39527.77,3.0,39527.77,4.5
TXN104296,2024-10-21 17:27:55,P003,CU0119,Credit Card,2,40076.68,0.0,80153.36,5.0
TXN100624,2024-10-21 20:51:03,P016,CU0344,Debit Card,1,19788.88,3.0,19788.88,4.5
TXN101539,2024-10-21 23:08:57,P008,CU0175,UPI,4,58835.01,8.0,235340.04,2.5
TXN102734,2024-10-22 05:14:36,P012,CU0420,Debit Card,2,26248.07,10.0,52496.14,4.0
TXN101187,2024-10-22 06:23:32,P010,CU0496,Debit Card,1,39996.32,5.0,39996.32,4.0
TXN102326,2024-10-23 00:32:22,P006,CU0172,Cash,2,63409.93,0.0,126819.86,3.5
TXN100831,2024-10-24 01:20:18,P007,CU0491,Debit Card,3,25367.89,0.0,76103.67,3.5
TXN101714,2024-10-25 10:28:42,P001,CU0417,Debit Card,2,55919.73,5.0,111839.46,4.0
TXN100166,2024-10-25 12:30:51,P002,CU0451,Debit Card,2,39047.77,8.0,78095.54,4.0
TXN102749,2024-10-25 12:31:29,P015,CU0012,Debit Card,1,15486.08,0.0,15486.08,4.5
TXN104341,2024-10-25 15:27:15,P012,CU0140,Debit Card,2,12212.73,0.0,24425.46,3.5
TXN103470,2024-10-25 21:28:49,P004,CU0123,Credit Card,4,57711.79,3.0,230847.16,5.0
TXN100778,2024-10-26 08:40:27,P001,CU0236,Credit Card,1,33474.6,3.0,33474.6,4.0
TXN101067,2024-10-26 22:34:10,P011,CU0160,Credit Card,2,38011.82,0.0,76023.64,4.0
TXN101868,2024-10-27 02:21:10,P014,CU0428,Debit Card,2,18228.81,10.0,36457.62,4.5
TXN102933,2024-10-27 12:49:55,P011,CU0253,Cash,3,18295.26,3.0,54885.78,4.0
TXN100264,2024-10-27 17:24:47,P008,CU0470,UPI,1,38493.54,8.0,38493.54,3.0
TXN103162,2024-10-28 12:03:12,P016,CU0289,Cash,1,19139.81,5.0,19139.81,2.0
TXN102649,2024-10-28 12:09:59,P010,CU0440,UPI,3,20415.07,5.0,61245.21,3.5
TXN104061,2024-10-28 14:55:32,P014,CU0271,Cash,5,20508.08,0.0,102540.4,3.5
TXN102846,2024-10-28 16:30:11,P016,CU0037,Debit Card,3,14488.59,3.0,43465.77,3.0
TXN100001,2024-10-28 18:02:52,P006,CU0251,Credit Card,2,59409.63,8.0,118819.26,3.5
TXN101579,2024-10-29 00:17:16,P010,CU0125,UPI,2,24141.4,10.0,48282.8,4.0
TXN100667,2024-10-29 14:13:01,P011,CU0347,UPI,1,45136.65,3.0,45136.65,3.5
TXN102141,2024-10-29 14:24:29,P015,CU0314,Credit Card,1,25073.08,3.0,25073.08,4.0
TXN103299,2024-10-30 12:37:35,P014,CU0057,Credit Card,2,16619.57,0.0,33239.14,3.0
TXN100842,2024-10-30 21:13:38,P016,CU0338,Debit Card,1,12502.81,8.0,12502.81,2.5
TXN103044,2024-10-31 06:34:55,P011,CU0305,Credit Card,2,17846.5,15.0,35693.0,4.0
TXN100696,2024-10-31 14:35:27,P015,CU0227,Debit Card,1,24178.82,5.0,24178.82,3.5
TXN101678,2024-10-31 23:48:43,P009,CU0204,UPI,1,22487.09,5.0,22487.09,4.0
TXN100471,2024-11-01 02:02:04,P004,CU0199,Credit Card,1,31452.07,0.0,31452.07,4.0
TXN103104,2024-11-01 09:08:08,P009,CU0011,Cash,4,32740.46,0.0,130961.84,3.5
TXN104010,2024-11-01 19:44:25,P010,CU0431,UPI,2,36889.4,10.0,73778.8,4.0
TXN101737,2024-11-01 23:18:02,P014,CU0168,Debit Card,1,26586.59,0.0,26586.59,4.5
TXN102391,2024-11-02 07:05:30,P001,CU0245,Credit Card,1,70205.02,0.0,70205.02,3.0
TXN102554,2024-11-02 14:30:53,P012,CU0077,Cash,2,12088.42,5.0,24176.84,4.0
TXN102686,2024-11-02 16:21:01,P006,CU0449,Cash,2,48587.33,10.0,97174.66,2.0
TXN103246,2024-11-02 17:16:38,P001,CU0492,Cash,1,53361.5,5.0,53361.5,3.5
TXN100635,2024-11-02 17:55:34,P001,CU0330,Credit Card,1,60181.95,8.0,60181.95,5.0
TXN103400,2024-11-03 03:40:15,P008,CU0235,Debit Card,4,25745.85,0.0,102983.4,4.0
TXN104081,2024-11-03 04:07:06,P006,CU0494,Cash,1,53806.47,8.0,53806.47,3.0
TXN102084,2024-11-03 08:43:58,P014,CU0144,UPI,1,10964.69,10.0,10964.69,4.0
TXN100034,2024-11-03 12:36:55,P017,CU0234,Cash,1,19105.1,5.0,19105.1,4.0
TXN102393,2024-11-03 17:17:13,P003,CU0075,Debit Card,1,37881.19,5.0,37881.19,5.0
TXN101966,2024-11-03 19:23:16,P011,CU0394,Credit Card,3,25254.96,0.0,75764.88,5.0
TXN100490,2024-11-04 03:42:00,P016,CU0349,Debit Card,2,17775.76,10.0,35551.52,2.0
TXN103612,2024-11-04 03:52:05,P012,CU0273,UPI,2,22139.52,15.0,44279.04,3.0
TXN100294,2024-11-04 11:47:51,P002,CU0172,Credit Card,2,72747.7,3.0,145495.4,4.0
TXN101762,2024-11-04 12:41:28,P002,CU0064,UPI,1,59501.44,0.0,59501.44,3.0
TXN103072,2024-11-04 14:46:58,P009,CU0277,UPI,3,36259.79,0.0,108779.37,2.5
TXN103158,2024-11-05 06:21:11,P009,CU0466,Credit Card,1,21782.74,0.0,21782.74,3.5
TXN102291,2024-11-05 16:39:18,P017,CU0190,Cash,5,27495.58,0.0,137477.9,3.0
TXN100597,2024-11-05 17:13:03,P007,CU0190,Credit Card,5,32809.68,10.0,164048.4,5.0
TXN101553,2024-11-05 17:35:10,P009,CU0212,Credit Card,1,21790.05,0.0,21790.05,2.5
TXN104135,2024-11-05 19:20:01,P017,CU0406,Credit Card,1,13162.93,8.0,13162.93,3.5
TXN103864,2024-11-06 00:14:56,P006,CU0381,Cash,1,40515.15,0.0,40515.15,4.0
TXN100580,2024-11-06 03:42:12,P012,CU0182,UPI,1,21998.12,15.0,21998.12,3.0
TXN103903,2024-11-06 09:37:57,P002,CU0126,Debit Card,4,27626.84,8.0,110507.36,4.0
TXN102425,2024-11-07 05:54:28,P003,CU0394,Debit Card,2,35619.61,0.0,71239.22,4.5
TXN103869,2024-11-07 17:38:59,P009,CU0386,Credit Card,1,45997.26,5.0,45997.26,3.0
TXN101570,2024-11-08 05:42:38,P002,CU0318,Credit Card,1,73160.91,0.0,73160.91,2.0
TXN102641,2024-11-08 14:36:55,P014,CU0193,Credit Card,3,28589.64,0.0,85768.92,2.5
TXN103659,2024-11-08 18:03:16,P004,CU0301,Debit Card,1,53489.4,5.0,53489.4,3.0
TXN104118,2024-11-08 19:49:00,P005,CU0242,UPI,1,31906.35,0.0,31906.35,1.5
TXN103525,2024-11-08 20:06:16,P001,CU0353,Debit Card,1,63932.39,3.0,63932.39,3.5
TXN102331,2024-11-08 21:16:40,P001,CU0329,UPI,2,30586.18,3.0,61172.36,4.0
TXN103962,2024-11-08 23:27:05,P009,CU0275,Debit Card,1,27688.96,5.0,27688.96,2.5
TXN102581,2024-11-09 09:41:41,P008,CU0443,UPI,1,47395.4,3.0,47395.4,4.0
TXN100596,2024-11-09 10:51:14,P008,CU0024,Cash,3,46045.79,5.0,138137.37,5.0
TXN102545,2024-11-10 01:00:18,P015,CU0340,UPI,1,10216.75,5.0,10216.75,3.5
TXN100179,2024-11-10 01:41:42,P012,CU0220,Credit Card,2,30619.22,0.0,61238.44,2.5
TXN100846,2024-11-10 06:01:20,P003,CU0472,UPI,1,31890.45,0.0,31890.45,4.5
TXN101331,2024-11-10 21:04:06,P003,CU0337,Debit Card,1,42130.06,5.0,42130.06,3.0
TXN103165,2024-11-11 11:55:43,P006,CU0059,Credit Card,1,46142.65,5.0,46142.65,2.0
TXN101023,2024-11-11 23:07:52,P017,CU0360,Credit Card,1,11347.09,0.0,11347.09,3.5
TXN102738,2024-11-12 07:47:48,P001,CU0249,Cash,2,51979.7,10.0,103959.4,3.0
TXN100129,2024-11-12 17:24:14,P010,CU0148,Cash,1,22936.67,3.0,22936.67,3.5
TXN102022,2024-11-12 18:02:01,P016,CU0142,Cash,2,20520.79,3.0,41041.58,3.5
TXN103198,2024-11-12 18:13:43,P016,CU0135,Debit Card,1,10766.44,10.0,10766.44,3.0
TXN102507,2024-11-15 02:34:03,P008,CU0415,Credit Card,2,56511.05,8.0,113022.1,2.5
TXN102087,2024-11-15 10:04:19,P008,CU0488,Credit Card,1,26859.29,0.0,26859.29,3.0
TXN102534,2024-11-15 12:26:08,P004,CU0460,Debit Card,1,46182.48,0.0,46182.48,4.0
TXN101773,2024-11-15 17:28:14,P011,CU0487,UPI,1,29811.74,0.0,29811.74,4.0
TXN102758,2024-11-15 18:40:39,P013,CU0172,Debit Card,2,19651.19,5.0,39302.38,4.0
TXN101340,2024-11-16 19:35:13,P007,CU0418,UPI,3,20901.95,0.0,62705.85,4.5
TXN100400,2024-11-17 12:41:03,P001,CU0480,Cash,2,56309.86,5.0,112619.72,4.0
TXN102411,2024-11-17 18:32:29,P017,CU0211,Debit Card,3,24657.64,3.0,73972.92,2.0
TXN100695,2024-11-17 19:58:10,P010,CU0144,Cash,1,42047.3,0.0,42047.3,4.0
TXN101190,2024-11-18 00:39:15,P001,CU0006,Credit Card,5,38240.45,0.0,191202.25,2.5
TXN102308,2024-11-18 10:21:29,P001,CU0108,Credit Card,3,31573.26,0.0,94719.78,4.0
TXN103776,2024-11-18 10:57:15,P012,CU0122,Credit Card,1,24091.26,5.0,24091.26,3.5
TXN100351,2024-11-19 16:00:27,P007,CU0265,Cash,2,44761.18,5.0,89522.36,2.5
TXN100619,2024-11-19 17:20:24,P005,CU0016,Debit Card,1,54568.99,0.0,54568.99,4.5
TXN103119,2024-11-19 23:52:24,P011,CU0418,Debit Card,2,36202.21,0.0,72404.42,3.0
TXN101306,2024-11-20 03:31:24,P017,CU0260,Credit Card,1,11725.69,10.0,11725.69,4.5
TXN101675,2024-11-20 04:45:55,P012,CU0055,Credit Card,1,19022.49,3.0,19022.49,4.0
TXN103451,2024-11-20 05:06:31,P012,CU0413,Credit Card,5,14642.33,0.0,73211.65,3.5
TXN103668,2024-11-20 10:11:11,P004,CU0188,Cash,2,61609.73,8.0,123219.46,4.0
TXN102917,2024-11-20 10:37:20,P003,CU0002,Cash,3,49480.53,3.0,148441.59,4.0
TXN101348,2024-11-21 16:17:57,P002,CU0097,Cash,2,63231.65,0.0,126463.3,3.5
TXN102239,2024-11-21 19:01:50,P011,CU0364,Debit Card,1,19537.63,3.0,19537.63,3.0
TXN101421,2024-11-21 21:49:40,P005,CU0215,Credit Card,2,41466.53,3.0,82933.06,5.0
TXN102384,2024-11-22 13:19:47,P013,CU0097,Credit Card,2,23087.1,5.0,46174.2,3.5
TXN100032,2024-11-22 15:07:22,P007,CU0024,UPI,1,31315.81,5.0,31315.81,4.0
TXN101461,2024-11-23 06:09:18,P007,CU0116,Credit Card,4,27437.74,10.0,109750.96,4.0
TXN101137,2024-11-23 10:23:08,P002,CU0063,Cash,3,67160.56,0.0,201481.68,3.5
TXN102767,2024-11-24 07:58:49,P003,CU0013,Cash,1,39942.47,10.0,39942.47,3.0
TXN100701,2024-11-24 10:51:13,P010,CU0274,UPI,1,38258.59,3.0,38258.59,3.0
TXN102529,2024-11-24 12:39:19,P001,CU0200,Credit Card,3,30896.48,10.0,92689.44,5.0
TXN104087,2024-11-24 17:12:08,P001,CU0262,Credit Card,1,43037.09,0.0,43037.09,3.0
TXN103483,2024-11-25 00:01:54,P012,CU0247,UPI,1,30995.95,0.0,30995.95,4.0
TXN102965,2024-11-25 01:51:30,P017,CU0320,UPI,5,16194.02,5.0,80970.1,4.0
TXN101183,2024-11-25 12:30:51,P012,CU0033,Debit Card,1,18207.14,0.0,18207.14,4.0
TXN101718,2024-11-25 20:06:09,P011,CU0013,Debit Card,2,33755.04,3.0,67510.08,3.0
TXN103541,2024-11-26 10:19:58,P004,CU0033,Cash,1,52712.3,3.0,52712.3,4.0
TXN100427,2024-11-26 16:09:35,P007,CU0118,UPI,1,39082.17,0.0,39082.17,4.5
TXN103221,2024-11-27 09:41:33,P001,CU0493,Cash,1,48346.64,8.0,48346.64,4.0
TXN102140,2024-11-27 11:20:57,P004,CU0176,UPI,2,57190.32,3.0,114380.64,3.5
TXN101787,2024-11-27 11:44:24,P007,CU0351,Debit Card,3,45158.04,5.0,135474.12,5.0
TXN101480,2024-11-28 04:29:18,P007,CU0445,Credit Card,4,28891.35,5.0,115565.4,3.0
TXN104270,2024-11-28 09:43:14,P015,CU0158,Debit Card,3,10595.78,8.0,31787.34,2.5
TXN103298,2024-11-28 18:34:22,P007,CU0109,Credit Card,2,22585.55,5.0,45171.1,4.5
TXN103752,2024-11-29 13:00:23,P011,CU0278,Credit Card,1,33006.66,0.0,33006.66,3.5
TXN104003,2024-11-29 13:15:29,P010,CU0319,UPI,2,47240.72,3.0,94481.44,3.5
TXN102372,2024-11-29 23:00:21,P005,CU0203,Credit Card,1,24636.91,5.0,24636.91,2.5
TXN100992,2024-11-30 02:45:51,P001,CU0172,Credit Card,2,56201.36,15.0,112402.72,2.5
TXN102913,2024-11-30 10:12:29,P012,CU0337,Cash,2,14552.14,15.0,29104.28,3.0
TXN103703,2024-11-30 18:32:48,P012,CU0254,Debit Card,3,14311.24,0.0,42933.72,2.0
TXN100012,2024-11-30 18:48:07,P004,CU0182,Credit Card,1,42840.79,10.0,42840.79,5.0
TXN100515,2024-11-30 20:17:17,P013,CU0014,UPI,2,17967.46,8.0,35934.92,3.5
TXN103095,2024-12-01 09:37:33,P009,CU0205,UPI,1,36313.56,3.0,36313.56,3.0
TXN103489,2024-12-02 09:49:30,P014,CU0188,Credit Card,1,13366.9,0.0,13366.9,3.5
TXN101913,2024-12-02 18:57:49,P006,CU0477,Cash,2,47519.88,0.0,95039.76,4.5
TXN104285,2024-12-02 21:20:55,P001,CU0448,UPI,1,48812.94,8.0,48812.94,3.5
TXN103699,2024-12-03 01:30:56,P001,CU0012,Cash,1,72088.82,0.0,72088.82,3.0
TXN104451,2024-12-03 06:27:36,P003,CU0403,Credit Card,1,51429.1,0.0,51429.1,5.0
TXN100662,2024-12-04 05:35:28,P016,CU0224,UPI,2,13985.37,0.0,27970.74,5.0
TXN104219,2024-12-04 09:23:14,P010,CU0184,Credit Card,1,33562.56,3.0,33562.56,2.5
TXN101003,2024-12-04 22:56:33,P013,CU0449,UPI,2,24016.6,5.0,48033.2,2.5
TXN104334,2024-12-06 13:42:36,P015,CU0476,Credit Card,3,12234.15,0.0,36702.45,4.0
TXN103936,2024-12-06 19:06:58,P008,CU0464,Credit Card,1,48257.54,8.0,48257.54,4.5
TXN100192,2024-12-07 05:52:16,P003,CU0333,UPI,3,41206.02,0.0,123618.06,2.0
TXN101059,2024-12-07 09:44:11,P001,CU0296,UPI,3,72365.74,0.0,217097.22,4.0
TXN100445,2024-12-08 06:09:41,P004,CU0029,Credit Card,1,54394.92,5.0,54394.92,4.0
TXN103087,2024-12-08 07:09:01,P003,CU0304,UPI,1,53760.69,0.0,53760.69,5.0
TXN101967,2024-12-08 12:28:18,P015,CU0276,Debit Card,1,25235.24,3.0,25235.24,4.0
TXN103673,2024-12-08 17:30:55,P003,CU0211,UPI,4,37430.48,0.0,149721.92,2.5
TXN103113,2024-12-08 21:44:46,P007,CU0319,Credit Card,1,39491.55,8.0,39491.55,2.5
TXN103661,2024-12-08 22:14:23,P004,CU0312,Debit Card,3,58885.2,0.0,176655.6,4.0
TXN104326,2024-12-09 17:09:30,P009,CU0204,Debit Card,1,22648.39,0.0,22648.39,5.0
TXN101879,2024-12-10 01:35:36,P007,CU0087,Debit Card,1,23098.27,15.0,23098.27,3.5
TXN100465,2024-12-10 15:14:15,P010,CU0168,UPI,1,19985.7,8.0,19985.7,2.5
TXN103530,2024-12-10 15:32:39,P004,CU0087,UPI,3,33273.87,3.0,99821.61,2.5
TXN104339,2024-12-11 01:15:31,P005,CU0436,Credit Card,1,49744.28,0.0,49744.28,2.5
TXN101990,2024-12-11 07:09:07,P003,CU0315,Cash,1,50693.29,8.0,50693.29,3.5
TXN101949,2024-12-11 11:29:39,P016,CU0142,Cash,4,23702.41,8.0,94809.64,3.5
TXN103921,2024-12-11 11:43:27,P007,CU0439,Credit Card,1,47045.78,0.0,47045.78,3.5
TXN101748,2024-12-11 13:54:58,P014,CU0128,UPI,1,24174.85,8.0,24174.85,4.5
TXN102142,2024-12-11 21:14:34,P009,CU0361,Debit Card,2,33304.17,8.0,66608.34,3.5
TXN101686,2024-12-12 05:49:20,P009,CU0462,Cash,2,30576.57,0.0,61153.14,3.5
TXN101099,2024-12-12 13:29:51,P013,CU0347,Credit Card,1,15855.63,0.0,15855.63,4.5
TXN101239,2024-12-12 14:23:17,P001,CU0363,Cash,2,41872.21,5.0,83744.42,2.5
TXN103339,2024-12-12 17:44:29,P003,CU0152,Debit Card,5,74060.73,0.0,370303.65,3.5
TXN103102,2024-12-12 19:52:03,P006,CU0194,Debit Card,1,35054.27,8.0,35054.27,3.5
TXN102419,2024-12-12 22:55:25,P011,CU0176,UPI,1,36124.79,0.0,36124.79,5.0
TXN102402,2024-12-13 02:24:30,P005,CU0112,Debit Card,1,61684.6,0.0,61684.6,3.0
TXN100874,2024-12-13 07:57:48,P007,CU0387,UPI,4,52813.64,5.0,211254.56,3.5
TXN103492,2024-12-13 12:18:47,P011,CU0239,UPI,3,26166.11,5.0,78498.33,4.5
TXN100468,2024-12-13 13:29:35,P012,CU0036,Debit Card,3,27994.47,3.0,83983.41,3.5
TXN101186,2024-12-14 03:36:41,P010,CU0437,UPI,3,20440.66,0.0,61321.98,5.0
TXN103889,2024-12-14 11:22:07,P004,CU0356,Cash,3,53693.33,8.0,161079.99,3.0
TXN102662,2024-12-15 07:55:43,P011,CU0331,Cash,2,18493.31,0.0,36986.62,3.5
TXN101385,2024-12-15 10:26:30,P009,CU0057,Cash,2,42851.96,5.0,85703.92,5.0
TXN102069,2024-12-15 10:57:33,P017,CU0370,Credit Card,2,21424.49,10.0,42848.98,4.0
TXN104305,2024-12-15 21:19:20,P006,CU0082,Debit Card,5,38022.56,5.0,190112.8,2.5
TXN101765,2024-12-16 07:16:13,P017,CU0055,Debit Card,1,14913.84,15.0,14913.84,5.0
TXN103301,2024-12-16 22:17:34,P013,CU0173,UPI,2,17675.35,0.0,35350.7,3.5
TXN100916,2024-12-17 14:22:04,P017,CU0210,Credit Card,1,15671.75,0.0,15671.75,3.5
TXN100532,2024-12-18 02:43:17,P007,CU0419,Credit Card,1,31542.24,3.0,31542.24,4.0
TXN103091,2024-12-18 20:38:42,P010,CU0033,Credit Card,1,42149.52,3.0,42149.52,4.0
TXN103989,2024-12-18 22:30:32,P010,CU0042,UPI,2,45049.05,8.0,90098.1,5.0
TXN103471,2024-12-19 00:18:36,P003,CU0153,Cash,3,66658.79,5.0,199976.37,3.5
TXN104404,2024-12-19 14:40:19,P002,CU0109,UPI,3,40188.45,8.0,120565.35,4.5
TXN101825,2024-12-19 18:48:36,P010,CU0319,Credit Card,2,39077.44,0.0,78154.88,2.5
TXN102066,2024-12-20 00:46:43,P006,CU0487,UPI,3,48348.49,0.0,145045.47,4.5
TXN104347,2024-12-20 03:03:38,P010,CU0268,Debit Card,1,27461.72,8.0,27461.72,4.5
TXN103982,2024-12-20 22:38:02,P005,CU0215,Credit Card,3,25773.8,15.0,77321.4,5.0
TXN103640,2024-12-21 06:26:52,P001,CU0064,Credit Card,2,45550.63,0.0,91101.26,4.5
TXN101477,2024-12-21 11:51:26,P004,CU0335,Credit Card,1,70547.59,3.0,70547.59,4.5
TXN103704,2024-12-21 15:23:24,P011,CU0346,Cash,5,37288.58,0.0,186442.9,5.0
TXN102962,2024-12-22 02:45:15,P016,CU0429,UPI,1,19698.76,5.0,19698.76,4.0
TXN103816,2024-12-22 09:48:38,P013,CU0194,Debit Card,2,12587.99,0.0,25175.98,4.5
TXN103177,2024-12-22 11:46:25,P014,CU0264,Cash,1,16302.14,5.0,16302.14,4.5
TXN100403,2024-12-22 17:48:03,P003,CU0265,Credit Card,1,62684.94,0.0,62684.94,4.0
TXN102565,2024-12-23 18:46:27,P003,CU0480,Debit Card,3,35404.12,3.0,106212.36,4.0
TXN104079,2024-12-23 21:08:54,P015,CU0045,UPI,2,24011.51,0.0,48023.02,4.0
TXN104220,2024-12-24 06:02:45,P010,CU0324,UPI,1,34466.97,0.0,34466.97,3.5
TXN101332,2024-12-24 07:33:32,P013,CU0395,UPI,2,22026.19,5.0,44052.38,5.0
TXN102249,2024-12-24 14:45:05,P002,CU0172,UPI,3,34497.9,15.0,103493.7,4.5
TXN102446,2024-12-24 21:23:09,P011,CU0147,Cash,2,35997.67,5.0,71995.34,4.5
TXN100186,2024-12-25 01:59:50,P017,CU0011,Credit Card,2,12560.3,3.0,25120.6,2.5
TXN101371,2024-12-25 12:58:36,P003,CU0465,Debit Card,2,60481.35,0.0,120962.7,3.5
TXN100896,2024-12-25 15:08:12,P007,CU0441,Debit Card,3,49632.11,10.0,148896.33,3.0
TXN100547,2024-12-25 19:04:56,P003,CU0477,Cash,1,45196.31,5.0,45196.31,3.5
TXN100980,2024-12-26 02:52:34,P015,CU0093,Credit Card,1,21241.62,15.0,21241.62,3.0
TXN100328,2024-12-26 14:47:35,P011,CU0238,Cash,1,24478.88,8.0,24478.88,3.0
TXN103501,2024-12-27 04:34:29,P003,CU0121,Credit Card,1,63604.89,15.0,63604.89,4.5
TXN103520,2024-12-27 09:42:09,P016,CU0202,Cash,1,17032.86,8.0,17032.86,5.0
TXN104447,2024-12-27 18:57:06,P006,CU0186,UPI,1,29669.38,5.0,29669.38,5.0
TXN104124,2024-12-28 01:43:43,P009,CU0267,UPI,1,46276.19,0.0,46276.19,3.0
TXN103897,2024-12-28 08:50:10,P003,CU0124,Debit Card,2,47921.27,8.0,95842.54,4.5
TXN102004,2024-12-28 18:30:18,P016,CU0397,UPI,3,25250.56,8.0,75751.68,4.5
TXN101951,2024-12-28 20:14:16,P009,CU0116,Cash,3,40201.22,10.0,120603.66,5.0
TXN102671,2024-12-29 01:32:17,P006,CU0041,Credit Card,1,33704.9,15.0,33704.9,4.5
TXN103951,2024-12-29 06:44:52,P005,CU0488,Debit Card,1,26308.18,8.0,26308.18,4.5
TXN102475,2024-12-29 08:27:51,P013,CU0168,UPI,3,31296.87,0.0,93890.61,4.0
TXN104372,2024-12-29 14:49:04,P008,CU0236,UPI,2,48369.63,0.0,96739.26,3.5
TXN101127,2024-12-29 14:51:16,P007,CU0378,Credit Card,3,21936.02,8.0,65808.06,3.5
TXN100569,2024-12-30 05:17:34,P017,CU0190,Cash,1,27427.49,3.0,27427.49,2.5
TXN100314,2024-12-30 17:00:16,P005,CU0497,Cash,3,57657.88,0.0,172973.64,5.0
TXN101316,2024-12-30 20:49:16,P010,CU0380,UPI,1,42331.76,0.0,42331.76,4.5
